,date,bidhigh,bidlow,bidclose,bidopen,tickqty,timeframe,peaks_min,peaks_max,median_high,median_low,median_close,median_open,ema_200,rsi,macd,macd_signal,macd_hist,atr,ema_fast,ema_slow,liquidity_score,volatility_score,movement_frequency,spread_score,market_quality_score,is_good_condition,signal,valid_signal
0,202512212056,1.0,1.0,1.0,1.0,1,m1,0,0,1.0,1.0,1.0,1.0,1.0,50.0,0.0,0.0,0.0,0.0,1.0,1.0,0.5,0.5,0.5,0.5,0.5,True,0,0
1,202512212057,1.0,1.0,1.0,1.0,1,m1,0,0,1.0,1.0,1.0,1.0,1.0,50.0,0.0,0.0,0.0,0.0,1.0,1.0,0.5,0.5,0.5,0.5,0.5,True,0,0
2,202512212058,1.0,1.0,1.0,1.0,1,m1,0,0,1.0,1.0,1.0,1.0,1.0,50.0,0.0,0.0,0.0,0.0,1.0,1.0,0.5,0.5,0.0,0.5,0.4,False,0,0
3,202512212059,1.0,1.0,1.0,1.0,3,m1,0,0,1.0,1.0,1.0,1.0,1.0,50.0,0.0,0.0,0.0,0.0,1.0,1.0,0.5,0.5,0.0,0.6666666666666666,0.43333333333333335,False,0,0
4,202512212100,1.0,1.0,1.0,1.0,1,m1,0,0,1.0,1.0,1.0,1.0,1.0,50.0,0.0,0.0,0.0,0.0,1.0,1.0,0.5,0.6,0.0,0.625,0.45499999999999996,False,0,0
5,202512212101,1.0,1.0,1.0,1.0,2,m1,0,0,1.0,1.0,1.0,1.0,1.0,50.0,0.0,0.0,0.0,0.0,1.0,1.0,0.8333333333333334,0.5833333333333334,0.0,0.6,0.545,False,0,0
6,202512212102,1.0,1.0,1.0,1.0,12,m1,0,0,1.0,1.0,1.0,1.0,1.0,50.0,0.0,0.0,0.0,0.0,1.0,1.0,1.0,0.5714285714285714,0.0,0.5833333333333334,0.5880952380952381,False,0,0
7,202512212103,1.0,1.0,1.0,1.0,2,m1,0,0,1.0,1.0,1.0,1.0,1.0,50.0,0.0,0.0,0.0,0.0,1.0,1.0,0.6875,0.5625,0.0,0.5714285714285714,0.48928571428571427,False,0,0
8,202512212104,1.0,1.0,1.0,1.0,5,m1,0,0,1.0,1.0,1.0,1.0,1.0,50.0,0.0,0.0,0.0,0.0,1.0,1.0,0.8888888888888888,0.5555555555555556,0.0,0.5625,0.5458333333333334,False,0,0
9,202512212110,1.0,1.0,1.0,1.0,1,m1,0,0,1.0,1.0,1.0,1.0,1.0,50.0,0.0,0.0,0.0,0.0,1.0,1.0,0.3,0.55,0.0,0.5555555555555556,0.3661111111111111,False,0,0
10,202512212111,1.0,1.0,1.0,1.0,2,m1,0,0,1.0,1.0,1.0,1.0,1.0,50.0,0.0,0.0,0.0,0.0,1.0,1.0,0.6363636363636364,0.5454545454545454,0.0,0.55,0.4645454545454545,False,0,0
11,202512212112,1.0,1.0,1.0,1.0,1,m1,0,0,1.0,1.0,1.0,1.0,1.0,50.0,0.0,0.0,0.0,0.0,1.0,1.0,0.2916666666666667,0.5416666666666666,0.0,0.55,0.36,False,0,0
12,202512212113,1.0,1.0,1.0,1.0,2,m1,0,0,1.0,1.0,1.0,1.0,1.0,50.0,0.0,0.0,0.0,0.0,1.0,1.0,0.6538461538461539,0.5384615384615384,0.0,0.55,0.46769230769230763,False,0,0
13,202512212114,1.0,1.0,1.0,1.0,1,m1,0,0,1.0,1.0,1.0,1.0,1.0,50.0,0.0,0.0,0.0,0.0,1.0,1.0,0.2857142857142857,0.5357142857142857,0.0,0.55,0.35642857142857143,False,0,0
14,202512212117,1.0,1.0,1.0,1.0,5,m1,0,0,1.0,1.0,1.0,1.0,1.0,50.0,0.0,0.0,0.0,0.0,1.0,1.0,0.9,0.5333333333333333,0.0,0.55,0.54,False,0,0
15,202512212118,1.0,1.0,1.0,1.0,1,m1,0,0,1.0,1.0,1.0,1.0,1.0,50.0,0.0,0.0,0.0,0.0,1.0,1.0,0.28125,0.53125,0.0,0.55,0.35375,False,0,0
16,202512212124,1.0,1.0,1.0,1.0,2,m1,0,0,1.0,1.0,1.0,1.0,1.0,50.0,0.0,0.0,0.0,0.0,1.0,1.0,0.6470588235294118,0.5294117647058824,0.0,0.55,0.4629411764705882,False,0,0
17,202512212127,1.0,1.0,1.0,1.0,2,m1,0,0,1.0,1.0,1.0,1.0,1.0,50.0,0.0,0.0,0.0,0.0,1.0,1.0,0.6388888888888888,0.5277777777777778,0.0,0.55,0.45999999999999996,False,0,0
18,202512212128,1.0,1.0,1.0,1.0,3,m1,0,0,1.0,1.0,1.0,1.0,1.0,50.0,0.0,0.0,0.0,0.0,1.0,1.0,0.8157894736842105,0.5263157894736842,0.0,0.55,0.5126315789473684,False,0,0
19,202512212130,1.0,1.0,1.0,1.0,1,m1,0,0,1.0,1.0,1.0,1.0,1.0,50.0,0.0,0.0,0.0,0.0,1.0,1.0,0.25,0.525,0.0,0.55,0.3425,False,0,0
20,202512212131,1.0,1.0,1.0,1.0,1,m1,0,0,1.0,1.0,1.0,1.0,1.0,50.0,0.0,0.0,0.0,0.0,1.0,1.0,0.25,0.525,0.0,0.55,0.3425,False,0,0
21,202512212207,1.0,1.0,1.0,1.0,9,m1,0,0,1.0,1.0,1.0,1.0,1.0,50.0,0.0,0.0,0.0,0.0,1.0,1.0,0.95,0.525,0.0,0.55,0.5525,False,0,0
22,202512212208,1.0,1.0,1.0,1.0,21,m1,0,0,1.0,1.0,1.0,1.0,1.0,50.0,0.0,0.0,0.0,0.0,1.0,1.0,1.0,0.525,0.0,0.55,0.5675,False,0,0
23,202512212209,1.0,1.0,1.0,1.0,12,m1,0,0,1.0,1.0,1.0,1.0,1.0,50.0,0.0,0.0,0.0,0.0,1.0,1.0,0.925,0.525,0.0,0.55,0.545,False,0,0
24,202512212210,1.0,1.0,1.0,1.0,8,m1,0,0,1.0,1.0,1.0,1.0,1.0,50.0,0.0,0.0,0.0,0.0,1.0,1.0,0.8,0.525,0.0,0.55,0.5075,False,0,0
25,202512212211,1.0,1.0,1.0,1.0,4,m1,0,0,1.0,1.0,1.0,1.0,1.0,50.0,0.0,0.0,0.0,0.0,1.0,1.0,0.65,0.525,0.0,0.55,0.4625,False,0,0
26,202512212214,1.0,1.0,1.0,1.0,2,m1,0,0,1.0,1.0,1.0,1.0,1.0,50.0,0.0,0.0,0.0,0.0,1.0,1.0,0.475,0.525,0.0,0.55,0.41000000000000003,False,0,0
27,202512212215,1.0,1.0,1.0,1.0,19,m1,0,0,1.0,1.0,1.0,1.0,1.0,50.0,0.0,0.0,0.0,0.0,1.0,1.0,0.95,0.525,0.0,0.55,0.5525,False,0,0
28,202512212216,1.0,1.0,1.0,1.0,18,m1,0,0,1.0,1.0,1.0,1.0,1.0,50.0,0.0,0.0,0.0,0.0,1.0,1.0,0.9,0.525,0.0,0.55,0.5375,False,0,0
29,202512212217,1.0,1.0,1.0,1.0,4,m1,0,0,1.0,1.0,1.0,1.0,1.0,50.0,0.0,0.0,0.0,0.0,1.0,1.0,0.625,0.525,0.0,0.55,0.45499999999999996,False,0,0
30,202512212218,1.0,1.0,1.0,1.0,8,m1,0,0,1.0,1.0,1.0,1.0,1.0,50.0,0.0,0.0,0.0,0.0,1.0,1.0,0.725,0.525,0.0,0.55,0.485,False,0,0
31,202512212219,1.0,1.0,1.0,1.0,10,m1,0,0,1.0,1.0,1.0,1.0,1.0,50.0,0.0,0.0,0.0,0.0,1.0,1.0,0.8,0.525,0.0,0.55,0.5075,False,0,0
32,202512212220,1.0,1.0,1.0,1.0,7,m1,0,0,1.0,1.0,1.0,1.0,1.0,50.0,0.0,0.0,0.0,0.0,1.0,1.0,0.6,0.525,0.0,0.55,0.4475,False,0,0
33,202512212221,1.0,1.0,1.0,1.0,10,m1,0,0,1.0,1.0,1.0,1.0,1.0,50.0,0.0,0.0,0.0,0.0,1.0,1.0,0.775,0.525,0.0,0.55,0.5,False,0,0
34,202512212222,1.0,1.0,1.0,1.0,9,m1,0,0,1.0,1.0,1.0,1.0,1.0,50.0,0.0,0.0,0.0,0.0,1.0,1.0,0.675,0.525,0.0,0.55,0.47,False,0,0
35,202512212223,1.0,1.0,1.0,1.0,4,m1,0,0,1.0,1.0,1.0,1.0,1.0,50.0,0.0,0.0,0.0,0.0,1.0,1.0,0.4,0.525,0.0,0.55,0.38749999999999996,False,0,0
36,202512212224,1.0,1.0,1.0,1.0,2,m1,0,0,1.0,1.0,1.0,1.0,1.0,50.0,0.0,0.0,0.0,0.0,1.0,1.0,0.2,0.525,0.0,0.55,0.3275,False,0,0
37,202512212225,1.0,1.0,1.0,1.0,17,m1,0,0,1.0,1.0,1.0,1.0,1.0,50.0,0.0,0.0,0.0,0.0,1.0,1.0,0.85,0.525,0.0,0.55,0.5225,False,0,0
38,202512212226,1.0,1.0,1.0,1.0,22,m1,0,0,1.0,1.0,1.0,1.0,1.0,50.0,0.0,0.0,0.0,0.0,1.0,1.0,1.0,0.525,0.0,0.55,0.5675,False,0,0
39,202512212227,1.0,1.0,1.0,1.0,20,m1,0,0,1.0,1.0,1.0,1.0,1.0,50.0,0.0,0.0,0.0,0.0,1.0,1.0,0.9,0.525,0.0,0.55,0.5375,False,0,0
40,202512212228,1.0,1.0,1.0,1.0,13,m1,0,0,1.0,1.0,1.0,1.0,1.0,50.0,0.0,0.0,0.0,0.0,1.0,1.0,0.7,0.525,0.0,0.55,0.47750000000000004,False,0,0
41,202512212229,1.0,1.0,1.0,1.0,17,m1,0,0,1.0,1.0,1.0,1.0,1.0,50.0,0.0,0.0,0.0,0.0,1.0,1.0,0.725,0.525,0.0,0.55,0.485,False,0,0
42,202512212230,1.0,1.0,1.0,1.0,170,m1,0,0,1.0,1.0,1.0,1.0,1.0,50.0,0.0,0.0,0.0,0.0,1.0,1.0,1.0,0.525,0.0,0.55,0.5675,False,0,0
43,202512212231,1.0,1.0,1.0,1.0,229,m1,0,0,1.0,1.0,1.0,1.0,1.0,50.0,0.0,0.0,0.0,0.0,1.0,1.0,1.0,0.525,0.0,0.55,0.5675,False,0,0
44,202512212232,1.0,1.0,1.0,1.0,148,m1,0,0,1.0,1.0,1.0,1.0,1.0,50.0,0.0,0.0,0.0,0.0,1.0,1.0,0.9,0.525,0.0,0.55,0.5375,False,0,0
45,202512212233,1.0,1.0,1.0,1.0,265,m1,0,0,1.0,1.0,1.0,1.0,1.0,50.0,0.0,0.0,0.0,0.0,1.0,1.0,1.0,0.525,0.0,0.55,0.5675,False,0,0
46,202512212234,1.0,1.0,1.0,1.0,177,m1,0,0,1.0,1.0,1.0,1.0,1.0,50.0,0.0,0.0,0.0,0.0,1.0,1.0,0.9,0.525,0.0,0.55,0.5375,False,0,0
47,202512212235,1.0,1.0,1.0,1.0,140,m1,0,0,1.0,1.0,1.0,1.0,1.0,50.0,0.0,0.0,0.0,0.0,1.0,1.0,0.75,0.525,0.0,0.55,0.49249999999999994,False,0,0
48,202512212236,1.0,1.0,1.0,1.0,45,m1,0,0,1.0,1.0,1.0,1.0,1.0,50.0,0.0,0.0,0.0,0.0,1.0,1.0,0.7,0.525,0.0,0.55,0.47750000000000004,False,0,0
49,202512212237,1.0,1.0,1.0,1.0,97,m1,0,0,1.0,1.0,1.0,1.0,1.0,50.0,0.0,0.0,0.0,0.0,1.0,1.0,0.7,0.525,0.0,0.55,0.47750000000000004,False,0,0
50,202512212238,1.0,1.0,1.0,1.0,48,m1,0,0,1.0,1.0,1.0,1.0,1.0,50.0,0.0,0.0,0.0,0.0,1.0,1.0,0.65,0.525,0.0,0.55,0.4625,False,0,0
51,202512212239,1.0,1.0,1.0,1.0,59,m1,0,0,1.0,1.0,1.0,1.0,1.0,50.0,0.0,0.0,0.0,0.0,1.0,1.0,0.65,0.525,0.0,0.55,0.4625,False,0,0
52,202512212240,1.0,1.0,1.0,1.0,83,m1,0,0,1.0,1.0,1.0,1.0,1.0,50.0,0.0,0.0,0.0,0.0,1.0,1.0,0.65,0.525,0.0,0.55,0.4625,False,0,0
53,202512212241,1.0,1.0,1.0,1.0,77,m1,0,0,1.0,1.0,1.0,1.0,1.0,50.0,0.0,0.0,0.0,0.0,1.0,1.0,0.6,0.525,0.0,0.55,0.4475,False,0,0
54,202512212242,1.0,1.0,1.0,1.0,92,m1,0,0,1.0,1.0,1.0,1.0,1.0,50.0,0.0,0.0,0.0,0.0,1.0,1.0,0.65,0.525,0.0,0.55,0.4625,False,0,0
55,202512212243,1.0,1.0,1.0,1.0,137,m1,0,0,1.0,1.0,1.0,1.0,1.0,50.0,0.0,0.0,0.0,0.0,1.0,1.0,0.7,0.525,0.0,0.55,0.47750000000000004,False,0,0
56,202512212244,1.0,1.0,1.0,1.0,303,m1,0,0,1.0,1.0,1.0,1.0,1.0,50.0,0.0,0.0,0.0,0.0,1.0,1.0,1.0,0.525,0.0,0.55,0.5675,False,0,0
57,202512212245,1.0,1.0,1.0,1.0,224,m1,0,0,1.0,1.0,1.0,1.0,1.0,50.0,0.0,0.0,0.0,0.0,1.0,1.0,0.85,0.525,0.0,0.55,0.5225,False,0,0
58,202512212246,1.0,1.0,1.0,1.0,9,m1,0,0,1.0,1.0,1.0,1.0,1.0,50.0,0.0,0.0,0.0,0.0,1.0,1.0,0.05,0.525,0.0,0.55,0.2825,False,0,0
59,202512212247,1.0,1.0,1.0,1.0,62,m1,0,0,1.0,1.0,1.0,1.0,1.0,50.0,0.0,0.0,0.0,0.0,1.0,1.0,0.35,0.525,0.0,0.55,0.37250000000000005,False,0,0
60,202512212248,1.0,1.0,1.0,1.0,37,m1,0,0,1.0,1.0,1.0,1.0,1.0,50.0,0.0,0.0,0.0,0.0,1.0,1.0,0.15,0.525,0.0,0.55,0.3125,False,0,0
61,202512212249,1.0,1.0,1.0,1.0,6,m1,0,0,1.0,1.0,1.0,1.0,1.0,50.0,0.0,0.0,0.0,0.0,1.0,1.0,0.05,0.525,0.0,0.55,0.2825,False,0,0
62,202512212250,1.0,1.0,1.0,1.0,2,m1,0,0,1.0,1.0,1.0,1.0,1.0,50.0,0.0,0.0,0.0,0.0,1.0,1.0,0.05,0.525,0.0,0.55,0.2825,False,0,0
63,202512212251,1.0,1.0,1.0,1.0,9,m1,0,0,1.0,1.0,1.0,1.0,1.0,50.0,0.0,0.0,0.0,0.0,1.0,1.0,0.175,0.525,0.0,0.55,0.32,False,0,0
64,202512212252,1.0,1.0,1.0,1.0,12,m1,0,0,1.0,1.0,1.0,1.0,1.0,50.0,0.0,0.0,0.0,0.0,1.0,1.0,0.25,0.525,0.0,0.55,0.3425,False,0,0
65,202512212253,1.0,1.0,1.0,1.0,7,m1,0,0,1.0,1.0,1.0,1.0,1.0,50.0,0.0,0.0,0.0,0.0,1.0,1.0,0.15,0.525,0.0,0.55,0.3125,False,0,0
66,202512212258,1.0,1.0,1.0,1.0,25,m1,0,0,1.0,1.0,1.0,1.0,1.0,50.0,0.0,0.0,0.0,0.0,1.0,1.0,0.35,0.525,0.0,0.55,0.37250000000000005,False,0,0
67,202512212259,1.0,1.0,1.0,1.0,12,m1,0,0,1.0,1.0,1.0,1.0,1.0,50.0,0.0,0.0,0.0,0.0,1.0,1.0,0.325,0.525,0.0,0.55,0.365,False,0,0
68,202512212300,1.0,1.0,1.0,1.0,40,m1,0,0,1.0,1.0,1.0,1.0,1.0,50.0,0.0,0.0,0.0,0.0,1.0,1.0,0.5,0.525,0.0,0.55,0.4175,False,0,0
69,202512212301,1.0,1.0,1.0,1.0,51,m1,0,0,1.0,1.0,1.0,1.0,1.0,50.0,0.0,0.0,0.0,0.0,1.0,1.0,0.6,0.525,0.0,0.55,0.4475,False,0,0
70,202512212302,1.0,1.0,1.0,1.0,42,m1,0,0,1.0,1.0,1.0,1.0,1.0,50.0,0.0,0.0,0.0,0.0,1.0,1.0,0.55,0.525,0.0,0.55,0.4325,False,0,0
71,202512212303,1.0,1.0,1.0,1.0,27,m1,0,0,1.0,1.0,1.0,1.0,1.0,50.0,0.0,0.0,0.0,0.0,1.0,1.0,0.45,0.525,0.0,0.55,0.40249999999999997,False,0,0
72,202512212304,1.0,1.0,1.0,1.0,29,m1,0,0,1.0,1.0,1.0,1.0,1.0,50.0,0.0,0.0,0.0,0.0,1.0,1.0,0.5,0.525,0.0,0.55,0.4175,False,0,0
73,202512212305,1.0,1.0,1.0,1.0,59,m1,0,0,1.0,1.0,1.0,1.0,1.0,50.0,0.0,0.0,0.0,0.0,1.0,1.0,0.75,0.525,0.0,0.55,0.49249999999999994,False,0,0
74,202512212306,1.0,1.0,1.0,1.0,46,m1,0,0,1.0,1.0,1.0,1.0,1.0,50.0,0.0,0.0,0.0,0.0,1.0,1.0,0.7,0.525,0.0,0.55,0.47750000000000004,False,0,0
75,202512212307,1.0,1.0,1.0,1.0,27,m1,0,0,1.0,1.0,1.0,1.0,1.0,50.0,0.0,0.0,0.0,0.0,1.0,1.0,0.475,0.525,0.0,0.55,0.41000000000000003,False,0,0
76,202512212308,1.0,1.0,1.0,1.0,35,m1,0,0,1.0,1.0,1.0,1.0,1.0,50.0,0.0,0.0,0.0,0.0,1.0,1.0,0.6,0.525,0.0,0.55,0.4475,False,0,0
77,202512212309,1.0,1.0,1.0,1.0,30,m1,0,0,1.0,1.0,1.0,1.0,1.0,50.0,0.0,0.0,0.0,0.0,1.0,1.0,0.6,0.525,0.0,0.55,0.4475,False,0,0
78,202512212310,1.0,1.0,1.0,1.0,27,m1,0,0,1.0,1.0,1.0,1.0,1.0,50.0,0.0,0.0,0.0,0.0,1.0,1.0,0.45,0.525,0.0,0.55,0.40249999999999997,False,0,0
79,202512212311,1.0,1.0,1.0,1.0,28,m1,0,0,1.0,1.0,1.0,1.0,1.0,50.0,0.0,0.0,0.0,0.0,1.0,1.0,0.55,0.525,0.0,0.55,0.4325,False,0,0
80,202512212312,1.0,1.0,1.0,1.0,24,m1,0,0,1.0,1.0,1.0,1.0,1.0,50.0,0.0,0.0,0.0,0.0,1.0,1.0,0.35,0.525,0.0,0.55,0.37250000000000005,False,0,0
81,202512212313,1.0,1.0,1.0,1.0,15,m1,0,0,1.0,1.0,1.0,1.0,1.0,50.0,0.0,0.0,0.0,0.0,1.0,1.0,0.3,0.525,0.0,0.55,0.35750000000000004,False,0,0
82,202512212314,1.0,1.0,1.0,1.0,31,m1,0,0,1.0,1.0,1.0,1.0,1.0,50.0,0.0,0.0,0.0,0.0,1.0,1.0,0.7,0.525,0.0,0.55,0.47750000000000004,False,0,0
83,202512212315,1.0,1.0,1.0,1.0,118,m1,0,0,1.0,1.0,1.0,1.0,1.0,50.0,0.0,0.0,0.0,0.0,1.0,1.0,1.0,0.525,0.0,0.55,0.5675,False,0,0
84,202512212316,1.0,1.0,1.0,1.0,119,m1,0,0,1.0,1.0,1.0,1.0,1.0,50.0,0.0,0.0,0.0,0.0,1.0,1.0,1.0,0.525,0.0,0.55,0.5675,False,0,0
85,202512212317,1.0,1.0,1.0,1.0,147,m1,0,0,1.0,1.0,1.0,1.0,1.0,50.0,0.0,0.0,0.0,0.0,1.0,1.0,1.0,0.525,0.0,0.55,0.5675,False,0,0
86,202512212318,1.0,1.0,1.0,1.0,47,m1,0,0,1.0,1.0,1.0,1.0,1.0,50.0,0.0,0.0,0.0,0.0,1.0,1.0,0.75,0.525,0.0,0.55,0.49249999999999994,False,0,0
87,202512212319,1.0,1.0,1.0,1.0,201,m1,0,0,1.0,1.0,1.0,1.0,1.0,50.0,0.0,0.0,0.0,0.0,1.0,1.0,1.0,0.525,0.0,0.55,0.5675,False,0,0
88,202512212320,1.0,1.0,1.0,1.0,63,m1,0,0,1.0,1.0,1.0,1.0,1.0,50.0,0.0,0.0,0.0,0.0,1.0,1.0,0.8,0.525,0.0,0.55,0.5075,False,0,0
89,202512212321,1.0,1.0,1.0,1.0,68,m1,0,0,1.0,1.0,1.0,1.0,1.0,50.0,0.0,0.0,0.0,0.0,1.0,1.0,0.8,0.525,0.0,0.55,0.5075,False,0,0
90,202512212322,1.0,1.0,1.0,1.0,31,m1,0,0,1.0,1.0,1.0,1.0,1.0,50.0,0.0,0.0,0.0,0.0,1.0,1.0,0.475,0.525,0.0,0.55,0.41000000000000003,False,0,0
91,202512212323,1.0,1.0,1.0,1.0,110,m1,0,0,1.0,1.0,1.0,1.0,1.0,50.0,0.0,0.0,0.0,0.0,1.0,1.0,0.8,0.525,0.0,0.55,0.5075,False,0,0
92,202512212324,1.0,1.0,1.0,1.0,21,m1,0,0,1.0,1.0,1.0,1.0,1.0,50.0,0.0,0.0,0.0,0.0,1.0,1.0,0.1,0.525,0.0,0.55,0.2975,False,0,0
93,202512212325,1.0,1.0,1.0,1.0,90,m1,0,0,1.0,1.0,1.0,1.0,1.0,50.0,0.0,0.0,0.0,0.0,1.0,1.0,0.75,0.525,0.0,0.55,0.49249999999999994,False,0,0
94,202512212326,1.0,1.0,1.0,1.0,146,m1,0,0,1.0,1.0,1.0,1.0,1.0,50.0,0.0,0.0,0.0,0.0,1.0,1.0,0.9,0.525,0.0,0.55,0.5375,False,0,0
95,202512212327,1.0,1.0,1.0,1.0,49,m1,0,0,1.0,1.0,1.0,1.0,1.0,50.0,0.0,0.0,0.0,0.0,1.0,1.0,0.55,0.525,0.0,0.55,0.4325,False,0,0
96,202512212328,1.0,1.0,1.0,1.0,41,m1,0,0,1.0,1.0,1.0,1.0,1.0,50.0,0.0,0.0,0.0,0.0,1.0,1.0,0.45,0.525,0.0,0.55,0.40249999999999997,False,0,0
97,202512212329,1.0,1.0,1.0,1.0,77,m1,0,0,1.0,1.0,1.0,1.0,1.0,50.0,0.0,0.0,0.0,0.0,1.0,1.0,0.65,0.525,0.0,0.55,0.4625,False,0,0
98,202512212330,1.0,1.0,1.0,1.0,81,m1,0,0,1.0,1.0,1.0,1.0,1.0,50.0,0.0,0.0,0.0,0.0,1.0,1.0,0.65,0.525,0.0,0.55,0.4625,False,0,0
99,202512212331,1.0,1.0,1.0,1.0,27,m1,0,0,1.0,1.0,1.0,1.0,1.0,50.0,0.0,0.0,0.0,0.0,1.0,1.0,0.2,0.525,0.0,0.55,0.3275,False,0,0
100,202512212332,1.0,1.0,1.0,1.0,28,m1,0,0,1.0,1.0,1.0,1.0,1.0,50.0,0.0,0.0,0.0,0.0,1.0,1.0,0.2,0.525,0.0,0.55,0.3275,False,0,0
101,202512212333,1.0,1.0,1.0,1.0,73,m1,0,0,1.0,1.0,1.0,1.0,1.0,50.0,0.0,0.0,0.0,0.0,1.0,1.0,0.55,0.525,0.0,0.55,0.4325,False,0,0
102,202512212334,1.0,1.0,1.0,1.0,36,m1,0,0,1.0,1.0,1.0,1.0,1.0,50.0,0.0,0.0,0.0,0.0,1.0,1.0,0.25,0.525,0.0,0.55,0.3425,False,0,0
103,202512212335,1.0,1.0,1.0,1.0,32,m1,0,0,1.0,1.0,1.0,1.0,1.0,50.0,0.0,0.0,0.0,0.0,1.0,1.0,0.25,0.525,0.0,0.55,0.3425,False,0,0
104,202512212336,1.0,1.0,1.0,1.0,17,m1,0,0,1.0,1.0,1.0,1.0,1.0,50.0,0.0,0.0,0.0,0.0,1.0,1.0,0.05,0.525,0.0,0.55,0.2825,False,0,0
105,202512212337,1.0,1.0,1.0,1.0,26,m1,0,0,1.0,1.0,1.0,1.0,1.0,50.0,0.0,0.0,0.0,0.0,1.0,1.0,0.15,0.525,0.0,0.55,0.3125,False,0,0
106,202512212338,1.0,1.0,1.0,1.0,43,m1,0,0,1.0,1.0,1.0,1.0,1.0,50.0,0.0,0.0,0.0,0.0,1.0,1.0,0.5,0.525,0.0,0.55,0.4175,False,0,0
107,202512212339,1.0,1.0,1.0,1.0,37,m1,0,0,1.0,1.0,1.0,1.0,1.0,50.0,0.0,0.0,0.0,0.0,1.0,1.0,0.45,0.525,0.0,0.55,0.40249999999999997,False,0,0
108,202512212340,1.0,1.0,1.0,1.0,57,m1,0,0,1.0,1.0,1.0,1.0,1.0,50.0,0.0,0.0,0.0,0.0,1.0,1.0,0.65,0.525,0.0,0.55,0.4625,False,0,0
109,202512212341,1.0,1.0,1.0,1.0,32,m1,0,0,1.0,1.0,1.0,1.0,1.0,50.0,0.0,0.0,0.0,0.0,1.0,1.0,0.375,0.525,0.0,0.55,0.38,False,0,0
110,202512212342,1.0,1.0,1.0,1.0,54,m1,0,0,1.0,1.0,1.0,1.0,1.0,50.0,0.0,0.0,0.0,0.0,1.0,1.0,0.65,0.525,0.0,0.55,0.4625,False,0,0
111,202512212343,1.0,1.0,1.0,1.0,70,m1,0,0,1.0,1.0,1.0,1.0,1.0,50.0,0.0,0.0,0.0,0.0,1.0,1.0,0.75,0.525,0.0,0.55,0.49249999999999994,False,0,0
112,202512212344,1.0,1.0,1.0,1.0,65,m1,0,0,1.0,1.0,1.0,1.0,1.0,50.0,0.0,0.0,0.0,0.0,1.0,1.0,0.7,0.525,0.0,0.55,0.47750000000000004,False,0,0
113,202512212345,1.0,1.0,1.0,1.0,79,m1,0,0,1.0,1.0,1.0,1.0,1.0,50.0,0.0,0.0,0.0,0.0,1.0,1.0,0.9,0.525,0.0,0.55,0.5375,False,0,0
114,202512212346,1.0,1.0,1.0,1.0,29,m1,0,0,1.0,1.0,1.0,1.0,1.0,50.0,0.0,0.0,0.0,0.0,1.0,1.0,0.25,0.525,0.0,0.55,0.3425,False,0,0
115,202512212347,1.0,1.0,1.0,1.0,34,m1,0,0,1.0,1.0,1.0,1.0,1.0,50.0,0.0,0.0,0.0,0.0,1.0,1.0,0.4,0.525,0.0,0.55,0.38749999999999996,False,0,0
116,202512212348,1.0,1.0,1.0,1.0,12,m1,0,0,1.0,1.0,1.0,1.0,1.0,50.0,0.0,0.0,0.0,0.0,1.0,1.0,0.05,0.525,0.0,0.55,0.2825,False,0,0
117,202512212349,1.0,1.0,1.0,1.0,44,m1,0,0,1.0,1.0,1.0,1.0,1.0,50.0,0.0,0.0,0.0,0.0,1.0,1.0,0.65,0.525,0.0,0.55,0.4625,False,0,0
118,202512212350,1.0,1.0,1.0,1.0,55,m1,0,0,1.0,1.0,1.0,1.0,1.0,50.0,0.0,0.0,0.0,0.0,1.0,1.0,0.75,0.525,0.0,0.55,0.49249999999999994,False,0,0
119,202512212351,1.0,1.0,1.0,1.0,83,m1,0,0,1.0,1.0,1.0,1.0,1.0,50.0,0.0,0.0,0.0,0.0,1.0,1.0,1.0,0.525,0.0,0.55,0.5675,False,0,0
120,202512212352,1.0,1.0,1.0,1.0,27,m1,0,0,1.0,1.0,1.0,1.0,1.0,50.0,0.0,0.0,0.0,0.0,1.0,1.0,0.2,0.525,0.0,0.55,0.3275,False,0,0
121,202512212353,1.0,1.0,1.0,1.0,32,m1,0,0,1.0,1.0,1.0,1.0,1.0,50.0,0.0,0.0,0.0,0.0,1.0,1.0,0.35,0.525,0.0,0.55,0.37250000000000005,False,0,0
122,202512212354,1.0,1.0,1.0,1.0,15,m1,0,0,1.0,1.0,1.0,1.0,1.0,50.0,0.0,0.0,0.0,0.0,1.0,1.0,0.1,0.525,0.0,0.55,0.2975,False,0,0
123,202512212355,1.0,1.0,1.0,1.0,27,m1,0,0,1.0,1.0,1.0,1.0,1.0,50.0,0.0,0.0,0.0,0.0,1.0,1.0,0.275,0.525,0.0,0.55,0.35,False,0,0
124,202512212356,1.0,1.0,1.0,1.0,71,m1,0,0,1.0,1.0,1.0,1.0,1.0,50.0,0.0,0.0,0.0,0.0,1.0,1.0,0.9,0.525,0.0,0.55,0.5375,False,0,0
125,202512212357,1.0,1.0,1.0,1.0,50,m1,0,0,1.0,1.0,1.0,1.0,1.0,50.0,0.0,0.0,0.0,0.0,1.0,1.0,0.6,0.525,0.0,0.55,0.4475,False,0,0
126,202512212358,1.0,1.0,1.0,1.0,43,m1,0,0,1.0,1.0,1.0,1.0,1.0,50.0,0.0,0.0,0.0,0.0,1.0,1.0,0.5,0.525,0.0,0.55,0.4175,False,0,0
127,202512212359,1.0,1.0,1.0,1.0,102,m1,0,0,1.0,1.0,1.0,1.0,1.0,50.0,0.0,0.0,0.0,0.0,1.0,1.0,1.0,0.525,0.0,0.55,0.5675,False,0,0
128,202512220000,1.0,1.0,1.0,1.0,156,m1,0,0,1.0,1.0,1.0,1.0,1.0,50.0,0.0,0.0,0.0,0.0,1.0,1.0,1.0,0.525,0.0,0.55,0.5675,False,0,0
129,202512220001,1.0,1.0,1.0,1.0,116,m1,0,0,1.0,1.0,1.0,1.0,1.0,50.0,0.0,0.0,0.0,0.0,1.0,1.0,0.95,0.525,0.0,0.55,0.5525,False,0,0
130,202512220002,1.0,1.0,1.0,1.0,242,m1,0,0,1.0,1.0,1.0,1.0,1.0,50.0,0.0,0.0,0.0,0.0,1.0,1.0,1.0,0.525,0.0,0.55,0.5675,False,0,0
131,202512220003,1.0,1.0,1.0,1.0,140,m1,0,0,1.0,1.0,1.0,1.0,1.0,50.0,0.0,0.0,0.0,0.0,1.0,1.0,0.9,0.525,0.0,0.55,0.5375,False,0,0
132,202512220004,1.0,1.0,1.0,1.0,97,m1,0,0,1.0,1.0,1.0,1.0,1.0,50.0,0.0,0.0,0.0,0.0,1.0,1.0,0.75,0.525,0.0,0.55,0.49249999999999994,False,0,0
133,202512220005,1.0,1.0,1.0,1.0,51,m1,0,0,1.0,1.0,1.0,1.0,1.0,50.0,0.0,0.0,0.0,0.0,1.0,1.0,0.55,0.525,0.0,0.55,0.4325,False,0,0
134,202512220006,1.0,1.0,1.0,1.0,70,m1,0,0,1.0,1.0,1.0,1.0,1.0,50.0,0.0,0.0,0.0,0.0,1.0,1.0,0.6,0.525,0.0,0.55,0.4475,False,0,0
135,202512220007,1.0,1.0,1.0,1.0,164,m1,0,0,1.0,1.0,1.0,1.0,1.0,50.0,0.0,0.0,0.0,0.0,1.0,1.0,0.95,0.525,0.0,0.55,0.5525,False,0,0
136,202512220008,1.0,1.0,1.0,1.0,283,m1,0,0,1.0,1.0,1.0,1.0,1.0,50.0,0.0,0.0,0.0,0.0,1.0,1.0,1.0,0.525,0.0,0.55,0.5675,False,0,0
137,202512220009,1.0,1.0,1.0,1.0,144,m1,0,0,1.0,1.0,1.0,1.0,1.0,50.0,0.0,0.0,0.0,0.0,1.0,1.0,0.8,0.525,0.0,0.55,0.5075,False,0,0
138,202512220010,1.0,1.0,1.0,1.0,108,m1,0,0,1.0,1.0,1.0,1.0,1.0,50.0,0.0,0.0,0.0,0.0,1.0,1.0,0.65,0.525,0.0,0.55,0.4625,False,0,0
139,202512220011,1.0,1.0,1.0,1.0,125,m1,0,0,1.0,1.0,1.0,1.0,1.0,50.0,0.0,0.0,0.0,0.0,1.0,1.0,0.7,0.525,0.0,0.55,0.47750000000000004,False,0,0
140,202512220012,1.0,1.0,1.0,1.0,51,m1,0,0,1.0,1.0,1.0,1.0,1.0,50.0,0.0,0.0,0.0,0.0,1.0,1.0,0.325,0.525,0.0,0.55,0.365,False,0,0
141,202512220013,1.0,1.0,1.0,1.0,77,m1,0,0,1.0,1.0,1.0,1.0,1.0,50.0,0.0,0.0,0.0,0.0,1.0,1.0,0.45,0.525,0.0,0.55,0.40249999999999997,False,0,0
142,202512220014,1.0,1.0,1.0,1.0,108,m1,0,0,1.0,1.0,1.0,1.0,1.0,50.0,0.0,0.0,0.0,0.0,1.0,1.0,0.575,0.525,0.0,0.55,0.43999999999999995,False,0,0
143,202512220015,1.0,1.0,1.0,1.0,87,m1,0,0,1.0,1.0,1.0,1.0,1.0,50.0,0.0,0.0,0.0,0.0,1.0,1.0,0.4,0.525,0.0,0.55,0.38749999999999996,False,0,0
144,202512220016,1.0,1.0,1.0,1.0,140,m1,0,0,1.0,1.0,1.0,1.0,1.0,50.0,0.0,0.0,0.0,0.0,1.0,1.0,0.725,0.525,0.0,0.55,0.485,False,0,0
145,202512220017,1.0,1.0,1.0,1.0,109,m1,0,0,1.0,1.0,1.0,1.0,1.0,50.0,0.0,0.0,0.0,0.0,1.0,1.0,0.55,0.525,0.0,0.55,0.4325,False,0,0
146,202512220018,1.0,1.0,1.0,1.0,52,m1,0,0,1.0,1.0,1.0,1.0,1.0,50.0,0.0,0.0,0.0,0.0,1.0,1.0,0.15,0.525,0.0,0.55,0.3125,False,0,0
147,202512220019,1.0,1.0,1.0,1.0,102,m1,0,0,1.0,1.0,1.0,1.0,1.0,50.0,0.0,0.0,0.0,0.0,1.0,1.0,0.4,0.525,0.0,0.55,0.38749999999999996,False,0,0
148,202512220020,1.0,1.0,1.0,1.0,87,m1,0,0,1.0,1.0,1.0,1.0,1.0,50.0,0.0,0.0,0.0,0.0,1.0,1.0,0.325,0.525,0.0,0.55,0.365,False,0,0
149,202512220021,1.0,1.0,1.0,1.0,131,m1,0,0,1.0,1.0,1.0,1.0,1.0,50.0,0.0,0.0,0.0,0.0,1.0,1.0,0.7,0.525,0.0,0.55,0.47750000000000004,False,0,0
150,202512220022,1.0,1.0,1.0,1.0,105,m1,0,0,1.0,1.0,1.0,1.0,1.0,50.0,0.0,0.0,0.0,0.0,1.0,1.0,0.5,0.525,0.0,0.55,0.4175,False,0,0
151,202512220023,1.0,1.0,1.0,1.0,73,m1,0,0,1.0,1.0,1.0,1.0,1.0,50.0,0.0,0.0,0.0,0.0,1.0,1.0,0.25,0.525,0.0,0.55,0.3425,False,0,0
152,202512220024,1.0,1.0,1.0,1.0,94,m1,0,0,1.0,1.0,1.0,1.0,1.0,50.0,0.0,0.0,0.0,0.0,1.0,1.0,0.45,0.525,0.0,0.55,0.40249999999999997,False,0,0
153,202512220025,1.0,1.0,1.0,1.0,68,m1,0,0,1.0,1.0,1.0,1.0,1.0,50.0,0.0,0.0,0.0,0.0,1.0,1.0,0.15,0.525,0.0,0.55,0.3125,False,0,0
154,202512220026,1.0,1.0,1.0,1.0,126,m1,0,0,1.0,1.0,1.0,1.0,1.0,50.0,0.0,0.0,0.0,0.0,1.0,1.0,0.75,0.525,0.0,0.55,0.49249999999999994,False,0,0
155,202512220027,1.0,1.0,1.0,1.0,175,m1,0,0,1.0,1.0,1.0,1.0,1.0,50.0,0.0,0.0,0.0,0.0,1.0,1.0,0.95,0.525,0.0,0.55,0.5525,False,0,0
156,202512220028,1.0,1.0,1.0,1.0,55,m1,0,0,1.0,1.0,1.0,1.0,1.0,50.0,0.0,0.0,0.0,0.0,1.0,1.0,0.15,0.525,0.0,0.55,0.3125,False,0,0
157,202512220029,1.0,1.0,1.0,1.0,124,m1,0,0,1.0,1.0,1.0,1.0,1.0,50.0,0.0,0.0,0.0,0.0,1.0,1.0,0.75,0.525,0.0,0.55,0.49249999999999994,False,0,0
158,202512220030,1.0,1.0,1.0,1.0,66,m1,0,0,1.0,1.0,1.0,1.0,1.0,50.0,0.0,0.0,0.0,0.0,1.0,1.0,0.2,0.525,0.0,0.55,0.3275,False,0,0
159,202512220031,1.0,1.0,1.0,1.0,58,m1,0,0,1.0,1.0,1.0,1.0,1.0,50.0,0.0,0.0,0.0,0.0,1.0,1.0,0.2,0.525,0.0,0.55,0.3275,False,0,0
160,202512220032,1.0,1.0,1.0,1.0,46,m1,0,0,1.0,1.0,1.0,1.0,1.0,50.0,0.0,0.0,0.0,0.0,1.0,1.0,0.05,0.525,0.0,0.55,0.2825,False,0,0
161,202512220033,1.0,1.0,1.0,1.0,27,m1,0,0,1.0,1.0,1.0,1.0,1.0,50.0,0.0,0.0,0.0,0.0,1.0,1.0,0.05,0.525,0.0,0.55,0.2825,False,0,0
162,202512220034,1.0,1.0,1.0,1.0,44,m1,0,0,1.0,1.0,1.0,1.0,1.0,50.0,0.0,0.0,0.0,0.0,1.0,1.0,0.1,0.525,0.0,0.55,0.2975,False,0,0
163,202512220035,1.0,1.0,1.0,1.0,84,m1,0,0,1.0,1.0,1.0,1.0,1.0,50.0,0.0,0.0,0.0,0.0,1.0,1.0,0.5,0.525,0.0,0.55,0.4175,False,0,0
164,202512220036,1.0,1.0,1.0,1.0,73,m1,0,0,1.0,1.0,1.0,1.0,1.0,50.0,0.0,0.0,0.0,0.0,1.0,1.0,0.475,0.525,0.0,0.55,0.41000000000000003,False,0,0
165,202512220037,1.0,1.0,1.0,1.0,47,m1,0,0,1.0,1.0,1.0,1.0,1.0,50.0,0.0,0.0,0.0,0.0,1.0,1.0,0.2,0.525,0.0,0.55,0.3275,False,0,0
166,202512220038,1.0,1.0,1.0,1.0,25,m1,0,0,1.0,1.0,1.0,1.0,1.0,50.0,0.0,0.0,0.0,0.0,1.0,1.0,0.05,0.525,0.0,0.55,0.2825,False,0,0
167,202512220039,1.0,1.0,1.0,1.0,75,m1,0,0,1.0,1.0,1.0,1.0,1.0,50.0,0.0,0.0,0.0,0.0,1.0,1.0,0.6,0.525,0.0,0.55,0.4475,False,0,0
168,202512220040,1.0,1.0,1.0,1.0,81,m1,0,0,1.0,1.0,1.0,1.0,1.0,50.0,0.0,0.0,0.0,0.0,1.0,1.0,0.65,0.525,0.0,0.55,0.4625,False,0,0
169,202512220041,1.0,1.0,1.0,1.0,69,m1,0,0,1.0,1.0,1.0,1.0,1.0,50.0,0.0,0.0,0.0,0.0,1.0,1.0,0.5,0.525,0.0,0.55,0.4175,False,0,0
170,202512220042,1.0,1.0,1.0,1.0,37,m1,0,0,1.0,1.0,1.0,1.0,1.0,50.0,0.0,0.0,0.0,0.0,1.0,1.0,0.15,0.525,0.0,0.55,0.3125,False,0,0
171,202512220043,1.0,1.0,1.0,1.0,88,m1,0,0,1.0,1.0,1.0,1.0,1.0,50.0,0.0,0.0,0.0,0.0,1.0,1.0,0.8,0.525,0.0,0.55,0.5075,False,0,0
172,202512220044,1.0,1.0,1.0,1.0,27,m1,0,0,1.0,1.0,1.0,1.0,1.0,50.0,0.0,0.0,0.0,0.0,1.0,1.0,0.125,0.525,0.0,0.55,0.30500000000000005,False,0,0
173,202512220045,1.0,1.0,1.0,1.0,126,m1,0,0,1.0,1.0,1.0,1.0,1.0,50.0,0.0,0.0,0.0,0.0,1.0,1.0,0.925,0.525,0.0,0.55,0.545,False,0,0
174,202512220046,1.0,1.0,1.0,1.0,32,m1,0,0,1.0,1.0,1.0,1.0,1.0,50.0,0.0,0.0,0.0,0.0,1.0,1.0,0.2,0.525,0.0,0.55,0.3275,False,0,0
175,202512220047,1.0,1.0,1.0,1.0,59,m1,0,0,1.0,1.0,1.0,1.0,1.0,50.0,0.0,0.0,0.0,0.0,1.0,1.0,0.55,0.525,0.0,0.55,0.4325,False,0,0
176,202512220048,1.0,1.0,1.0,1.0,36,m1,0,0,1.0,1.0,1.0,1.0,1.0,50.0,0.0,0.0,0.0,0.0,1.0,1.0,0.25,0.525,0.0,0.55,0.3425,False,0,0
177,202512220049,1.0,1.0,1.0,1.0,58,m1,0,0,1.0,1.0,1.0,1.0,1.0,50.0,0.0,0.0,0.0,0.0,1.0,1.0,0.525,0.525,0.0,0.55,0.42500000000000004,False,0,0
178,202512220050,1.0,1.0,1.0,1.0,100,m1,0,0,1.0,1.0,1.0,1.0,1.0,50.0,0.0,0.0,0.0,0.0,1.0,1.0,0.95,0.525,0.0,0.55,0.5525,False,0,0
179,202512220051,1.0,1.0,1.0,1.0,104,m1,0,0,1.0,1.0,1.0,1.0,1.0,50.0,0.0,0.0,0.0,0.0,1.0,1.0,0.95,0.525,0.0,0.55,0.5525,False,0,0
180,202512220052,1.0,1.0,1.0,1.0,46,m1,0,0,1.0,1.0,1.0,1.0,1.0,50.0,0.0,0.0,0.0,0.0,1.0,1.0,0.4,0.525,0.0,0.55,0.38749999999999996,False,0,0
181,202512220053,1.0,1.0,1.0,1.0,81,m1,0,0,1.0,1.0,1.0,1.0,1.0,50.0,0.0,0.0,0.0,0.0,1.0,1.0,0.725,0.525,0.0,0.55,0.485,False,0,0
182,202512220054,1.0,1.0,1.0,1.0,130,m1,0,0,1.0,1.0,1.0,1.0,1.0,50.0,0.0,0.0,0.0,0.0,1.0,1.0,1.0,0.525,0.0,0.55,0.5675,False,0,0
183,202512220055,1.0,1.0,1.0,1.0,117,m1,0,0,1.0,1.0,1.0,1.0,1.0,50.0,0.0,0.0,0.0,0.0,1.0,1.0,0.9,0.525,0.0,0.55,0.5375,False,0,0
184,202512220056,1.0,1.0,1.0,1.0,61,m1,0,0,1.0,1.0,1.0,1.0,1.0,50.0,0.0,0.0,0.0,0.0,1.0,1.0,0.5,0.525,0.0,0.55,0.4175,False,0,0
185,202512220057,1.0,1.0,1.0,1.0,124,m1,0,0,1.0,1.0,1.0,1.0,1.0,50.0,0.0,0.0,0.0,0.0,1.0,1.0,0.9,0.525,0.0,0.55,0.5375,False,0,0
186,202512220058,1.0,1.0,1.0,1.0,64,m1,0,0,1.0,1.0,1.0,1.0,1.0,50.0,0.0,0.0,0.0,0.0,1.0,1.0,0.45,0.525,0.0,0.55,0.40249999999999997,False,0,0
187,202512220059,1.0,1.0,1.0,1.0,109,m1,0,0,1.0,1.0,1.0,1.0,1.0,50.0,0.0,0.0,0.0,0.0,1.0,1.0,0.8,0.525,0.0,0.55,0.5075,False,0,0
188,202512220100,1.0,1.0,1.0,1.0,249,m1,0,0,1.0,1.0,1.0,1.0,1.0,50.0,0.0,0.0,0.0,0.0,1.0,1.0,1.0,0.525,0.0,0.55,0.5675,False,0,0
189,202512220101,1.0,1.0,1.0,1.0,147,m1,0,0,1.0,1.0,1.0,1.0,1.0,50.0,0.0,0.0,0.0,0.0,1.0,1.0,0.95,0.525,0.0,0.55,0.5525,False,0,0
190,202512220102,1.0,1.0,1.0,1.0,52,m1,0,0,1.0,1.0,1.0,1.0,1.0,50.0,0.0,0.0,0.0,0.0,1.0,1.0,0.25,0.525,0.0,0.55,0.3425,False,0,0
191,202512220103,1.0,1.0,1.0,1.0,93,m1,0,0,1.0,1.0,1.0,1.0,1.0,50.0,0.0,0.0,0.0,0.0,1.0,1.0,0.55,0.525,0.0,0.55,0.4325,False,0,0
192,202512220104,1.0,1.0,1.0,1.0,96,m1,0,0,1.0,1.0,1.0,1.0,1.0,50.0,0.0,0.0,0.0,0.0,1.0,1.0,0.55,0.525,0.0,0.55,0.4325,False,0,0
193,202512220105,1.0,1.0,1.0,1.0,46,m1,0,0,1.0,1.0,1.0,1.0,1.0,50.0,0.0,0.0,0.0,0.0,1.0,1.0,0.175,0.525,0.0,0.55,0.32,False,0,0
194,202512220106,1.0,1.0,1.0,1.0,58,m1,0,0,1.0,1.0,1.0,1.0,1.0,50.0,0.0,0.0,0.0,0.0,1.0,1.0,0.275,0.525,0.0,0.55,0.35,False,0,0
195,202512220107,1.0,1.0,1.0,1.0,76,m1,0,0,1.0,1.0,1.0,1.0,1.0,50.0,0.0,0.0,0.0,0.0,1.0,1.0,0.45,0.525,0.0,0.55,0.40249999999999997,False,0,0
196,202512220108,1.0,1.0,1.0,1.0,99,m1,0,0,1.0,1.0,1.0,1.0,1.0,50.0,0.0,0.0,0.0,0.0,1.0,1.0,0.6,0.525,0.0,0.55,0.4475,False,0,0
197,202512220109,1.0,1.0,1.0,1.0,74,m1,0,0,1.0,1.0,1.0,1.0,1.0,50.0,0.0,0.0,0.0,0.0,1.0,1.0,0.35,0.525,0.0,0.55,0.37250000000000005,False,0,0
198,202512220110,1.0,1.0,1.0,1.0,83,m1,0,0,1.0,1.0,1.0,1.0,1.0,50.0,0.0,0.0,0.0,0.0,1.0,1.0,0.5,0.525,0.0,0.55,0.4175,False,0,0
199,202512220111,1.0,1.0,1.0,1.0,33,m1,0,0,1.0,1.0,1.0,1.0,1.0,50.0,0.0,0.0,0.0,0.0,1.0,1.0,0.05,0.525,0.0,0.55,0.2825,False,0,0
200,202512220112,1.0,1.0,1.0,1.0,67,m1,0,0,1.0,1.0,1.0,1.0,1.0,50.0,0.0,0.0,0.0,0.0,1.0,1.0,0.35,0.525,0.0,0.55,0.37250000000000005,False,0,0
201,202512220113,1.0,1.0,1.0,1.0,30,m1,0,0,1.0,1.0,1.0,1.0,1.0,50.0,0.0,0.0,0.0,0.0,1.0,1.0,0.05,0.525,0.0,0.55,0.2825,False,0,0
202,202512220114,1.0,1.0,1.0,1.0,80,m1,0,0,1.0,1.0,1.0,1.0,1.0,50.0,0.0,0.0,0.0,0.0,1.0,1.0,0.55,0.525,0.0,0.55,0.4325,False,0,0
203,202512220115,1.0,1.0,1.0,1.0,19,m1,0,0,1.0,1.0,1.0,1.0,1.0,50.0,0.0,0.0,0.0,0.0,1.0,1.0,0.05,0.525,0.0,0.55,0.2825,False,0,0
204,202512220116,1.0,1.0,1.0,1.0,29,m1,0,0,1.0,1.0,1.0,1.0,1.0,50.0,0.0,0.0,0.0,0.0,1.0,1.0,0.1,0.525,0.0,0.55,0.2975,False,0,0
205,202512220117,1.0,1.0,1.0,1.0,35,m1,0,0,1.0,1.0,1.0,1.0,1.0,50.0,0.0,0.0,0.0,0.0,1.0,1.0,0.25,0.525,0.0,0.55,0.3425,False,0,0
206,202512220118,1.0,1.0,1.0,1.0,60,m1,0,0,1.0,1.0,1.0,1.0,1.0,50.0,0.0,0.0,0.0,0.0,1.0,1.0,0.45,0.525,0.0,0.55,0.40249999999999997,False,0,0
207,202512220119,1.0,1.0,1.0,1.0,49,m1,0,0,1.0,1.0,1.0,1.0,1.0,50.0,0.0,0.0,0.0,0.0,1.0,1.0,0.35,0.525,0.0,0.55,0.37250000000000005,False,0,0
208,202512220120,1.0,1.0,1.0,1.0,7,m1,0,0,1.0,1.0,1.0,1.0,1.0,50.0,0.0,0.0,0.0,0.0,1.0,1.0,0.05,0.525,0.0,0.55,0.2825,False,0,0
209,202512220121,1.0,1.0,1.0,1.0,43,m1,0,0,1.0,1.0,1.0,1.0,1.0,50.0,0.0,0.0,0.0,0.0,1.0,1.0,0.35,0.525,0.0,0.55,0.37250000000000005,False,0,0
210,202512220122,1.0,1.0,1.0,1.0,40,m1,0,0,1.0,1.0,1.0,1.0,1.0,50.0,0.0,0.0,0.0,0.0,1.0,1.0,0.35,0.525,0.0,0.55,0.37250000000000005,False,0,0
211,202512220123,1.0,1.0,1.0,1.0,31,m1,0,0,1.0,1.0,1.0,1.0,1.0,50.0,0.0,0.0,0.0,0.0,1.0,1.0,0.25,0.525,0.0,0.55,0.3425,False,0,0
212,202512220124,1.0,1.0,1.0,1.0,35,m1,0,0,1.0,1.0,1.0,1.0,1.0,50.0,0.0,0.0,0.0,0.0,1.0,1.0,0.375,0.525,0.0,0.55,0.38,False,0,0
213,202512220125,1.0,1.0,1.0,1.0,26,m1,0,0,1.0,1.0,1.0,1.0,1.0,50.0,0.0,0.0,0.0,0.0,1.0,1.0,0.15,0.525,0.0,0.55,0.3125,False,0,0
214,202512220126,1.0,1.0,1.0,1.0,31,m1,0,0,1.0,1.0,1.0,1.0,1.0,50.0,0.0,0.0,0.0,0.0,1.0,1.0,0.325,0.525,0.0,0.55,0.365,False,0,0
215,202512220127,1.0,1.0,1.0,1.0,32,m1,0,0,1.0,1.0,1.0,1.0,1.0,50.0,0.0,0.0,0.0,0.0,1.0,1.0,0.4,0.525,0.0,0.55,0.38749999999999996,False,0,0
216,202512220128,1.0,1.0,1.0,1.0,56,m1,0,0,1.0,1.0,1.0,1.0,1.0,50.0,0.0,0.0,0.0,0.0,1.0,1.0,0.75,0.525,0.0,0.55,0.49249999999999994,False,0,0
217,202512220129,1.0,1.0,1.0,1.0,35,m1,0,0,1.0,1.0,1.0,1.0,1.0,50.0,0.0,0.0,0.0,0.0,1.0,1.0,0.55,0.525,0.0,0.55,0.4325,False,0,0
218,202512220130,1.0,1.0,1.0,1.0,38,m1,0,0,1.0,1.0,1.0,1.0,1.0,50.0,0.0,0.0,0.0,0.0,1.0,1.0,0.65,0.525,0.0,0.55,0.4625,False,0,0
219,202512220131,1.0,1.0,1.0,1.0,43,m1,0,0,1.0,1.0,1.0,1.0,1.0,50.0,0.0,0.0,0.0,0.0,1.0,1.0,0.725,0.525,0.0,0.55,0.485,False,0,0
220,202512220132,1.0,1.0,1.0,1.0,53,m1,0,0,1.0,1.0,1.0,1.0,1.0,50.0,0.0,0.0,0.0,0.0,1.0,1.0,0.85,0.525,0.0,0.55,0.5225,False,0,0
221,202512220133,1.0,1.0,1.0,1.0,157,m1,0,0,1.0,1.0,1.0,1.0,1.0,50.0,0.0,0.0,0.0,0.0,1.0,1.0,1.0,0.525,0.0,0.55,0.5675,False,0,0
222,202512220134,1.0,1.0,1.0,1.0,73,m1,0,0,1.0,1.0,1.0,1.0,1.0,50.0,0.0,0.0,0.0,0.0,1.0,1.0,0.95,0.525,0.0,0.55,0.5525,False,0,0
223,202512220135,1.0,1.0,1.0,1.0,51,m1,0,0,1.0,1.0,1.0,1.0,1.0,50.0,0.0,0.0,0.0,0.0,1.0,1.0,0.75,0.525,0.0,0.55,0.49249999999999994,False,0,0
224,202512220136,1.0,1.0,1.0,1.0,94,m1,0,0,1.0,1.0,1.0,1.0,1.0,50.0,0.0,0.0,0.0,0.0,1.0,1.0,0.95,0.525,0.0,0.55,0.5525,False,0,0
225,202512220137,1.0,1.0,1.0,1.0,45,m1,0,0,1.0,1.0,1.0,1.0,1.0,50.0,0.0,0.0,0.0,0.0,1.0,1.0,0.6,0.525,0.0,0.55,0.4475,False,0,0
226,202512220138,1.0,1.0,1.0,1.0,19,m1,0,0,1.0,1.0,1.0,1.0,1.0,50.0,0.0,0.0,0.0,0.0,1.0,1.0,0.1,0.525,0.0,0.55,0.2975,False,0,0
227,202512220139,1.0,1.0,1.0,1.0,81,m1,0,0,1.0,1.0,1.0,1.0,1.0,50.0,0.0,0.0,0.0,0.0,1.0,1.0,0.9,0.525,0.0,0.55,0.5375,False,0,0
228,202512220140,1.0,1.0,1.0,1.0,49,m1,0,0,1.0,1.0,1.0,1.0,1.0,50.0,0.0,0.0,0.0,0.0,1.0,1.0,0.65,0.525,0.0,0.55,0.4625,False,0,0
229,202512220141,1.0,1.0,1.0,1.0,35,m1,0,0,1.0,1.0,1.0,1.0,1.0,50.0,0.0,0.0,0.0,0.0,1.0,1.0,0.35,0.525,0.0,0.55,0.37250000000000005,False,0,0
230,202512220142,1.0,1.0,1.0,1.0,39,m1,0,0,1.0,1.0,1.0,1.0,1.0,50.0,0.0,0.0,0.0,0.0,1.0,1.0,0.5,0.525,0.0,0.55,0.4175,False,0,0
231,202512220143,1.0,1.0,1.0,1.0,50,m1,0,0,1.0,1.0,1.0,1.0,1.0,50.0,0.0,0.0,0.0,0.0,1.0,1.0,0.65,0.525,0.0,0.55,0.4625,False,0,0
232,202512220144,1.0,1.0,1.0,1.0,43,m1,0,0,1.0,1.0,1.0,1.0,1.0,50.0,0.0,0.0,0.0,0.0,1.0,1.0,0.475,0.525,0.0,0.55,0.41000000000000003,False,0,0
233,202512220145,1.0,1.0,1.0,1.0,80,m1,0,0,1.0,1.0,1.0,1.0,1.0,50.0,0.0,0.0,0.0,0.0,1.0,1.0,0.85,0.525,0.0,0.55,0.5225,False,0,0
234,202512220146,1.0,1.0,1.0,1.0,22,m1,0,0,1.0,1.0,1.0,1.0,1.0,50.0,0.0,0.0,0.0,0.0,1.0,1.0,0.1,0.525,0.0,0.55,0.2975,False,0,0
235,202512220147,1.0,1.0,1.0,1.0,70,m1,0,0,1.0,1.0,1.0,1.0,1.0,50.0,0.0,0.0,0.0,0.0,1.0,1.0,0.75,0.525,0.0,0.55,0.49249999999999994,False,0,0
236,202512220148,1.0,1.0,1.0,1.0,62,m1,0,0,1.0,1.0,1.0,1.0,1.0,50.0,0.0,0.0,0.0,0.0,1.0,1.0,0.7,0.525,0.0,0.55,0.47750000000000004,False,0,0
237,202512220149,1.0,1.0,1.0,1.0,71,m1,0,0,1.0,1.0,1.0,1.0,1.0,50.0,0.0,0.0,0.0,0.0,1.0,1.0,0.75,0.525,0.0,0.55,0.49249999999999994,False,0,0
238,202512220150,1.0,1.0,1.0,1.0,31,m1,0,0,1.0,1.0,1.0,1.0,1.0,50.0,0.0,0.0,0.0,0.0,1.0,1.0,0.15,0.525,0.0,0.55,0.3125,False,0,0
239,202512220151,1.0,1.0,1.0,1.0,50,m1,0,0,1.0,1.0,1.0,1.0,1.0,50.0,0.0,0.0,0.0,0.0,1.0,1.0,0.475,0.525,0.0,0.55,0.41000000000000003,False,0,0
240,202512220152,1.0,1.0,1.0,1.0,43,m1,0,0,1.0,1.0,1.0,1.0,1.0,50.0,0.0,0.0,0.0,0.0,1.0,1.0,0.325,0.525,0.0,0.55,0.365,False,0,0
241,202512220153,1.0,1.0,1.0,1.0,68,m1,0,0,1.0,1.0,1.0,1.0,1.0,50.0,0.0,0.0,0.0,0.0,1.0,1.0,0.7,0.525,0.0,0.55,0.47750000000000004,False,0,0
242,202512220154,1.0,1.0,1.0,1.0,57,m1,0,0,1.0,1.0,1.0,1.0,1.0,50.0,0.0,0.0,0.0,0.0,1.0,1.0,0.65,0.525,0.0,0.55,0.4625,False,0,0
243,202512220155,1.0,1.0,1.0,1.0,61,m1,0,0,1.0,1.0,1.0,1.0,1.0,50.0,0.0,0.0,0.0,0.0,1.0,1.0,0.65,0.525,0.0,0.55,0.4625,False,0,0
244,202512220156,1.0,1.0,1.0,1.0,50,m1,0,0,1.0,1.0,1.0,1.0,1.0,50.0,0.0,0.0,0.0,0.0,1.0,1.0,0.55,0.525,0.0,0.55,0.4325,False,0,0
245,202512220157,1.0,1.0,1.0,1.0,29,m1,0,0,1.0,1.0,1.0,1.0,1.0,50.0,0.0,0.0,0.0,0.0,1.0,1.0,0.15,0.525,0.0,0.55,0.3125,False,0,0
246,202512220158,1.0,1.0,1.0,1.0,30,m1,0,0,1.0,1.0,1.0,1.0,1.0,50.0,0.0,0.0,0.0,0.0,1.0,1.0,0.15,0.525,0.0,0.55,0.3125,False,0,0
247,202512220159,1.0,1.0,1.0,1.0,40,m1,0,0,1.0,1.0,1.0,1.0,1.0,50.0,0.0,0.0,0.0,0.0,1.0,1.0,0.35,0.525,0.0,0.55,0.37250000000000005,False,0,0
248,202512220200,1.0,1.0,1.0,1.0,45,m1,0,0,1.0,1.0,1.0,1.0,1.0,50.0,0.0,0.0,0.0,0.0,1.0,1.0,0.5,0.525,0.0,0.55,0.4175,False,0,0
249,202512220201,1.0,1.0,1.0,1.0,93,m1,0,0,1.0,1.0,1.0,1.0,1.0,50.0,0.0,0.0,0.0,0.0,1.0,1.0,1.0,0.525,0.0,0.55,0.5675,False,0,0
250,202512220202,1.0,1.0,1.0,1.0,32,m1,0,0,1.0,1.0,1.0,1.0,1.0,50.0,0.0,0.0,0.0,0.0,1.0,1.0,0.25,0.525,0.0,0.55,0.3425,False,0,0
251,202512220203,1.0,1.0,1.0,1.0,41,m1,0,0,1.0,1.0,1.0,1.0,1.0,50.0,0.0,0.0,0.0,0.0,1.0,1.0,0.35,0.525,0.0,0.55,0.37250000000000005,False,0,0
252,202512220204,1.0,1.0,1.0,1.0,22,m1,0,0,1.0,1.0,1.0,1.0,1.0,50.0,0.0,0.0,0.0,0.0,1.0,1.0,0.075,0.525,0.0,0.55,0.29000000000000004,False,0,0
253,202512220205,1.0,1.0,1.0,1.0,21,m1,0,0,1.0,1.0,1.0,1.0,1.0,50.0,0.0,0.0,0.0,0.0,1.0,1.0,0.05,0.525,0.0,0.55,0.2825,False,0,0
254,202512220206,1.0,1.0,1.0,1.0,41,m1,0,0,1.0,1.0,1.0,1.0,1.0,50.0,0.0,0.0,0.0,0.0,1.0,1.0,0.425,0.525,0.0,0.55,0.395,False,0,0
255,202512220207,1.0,1.0,1.0,1.0,32,m1,0,0,1.0,1.0,1.0,1.0,1.0,50.0,0.0,0.0,0.0,0.0,1.0,1.0,0.325,0.525,0.0,0.55,0.365,False,0,0
256,202512220208,1.0,1.0,1.0,1.0,27,m1,0,0,1.0,1.0,1.0,1.0,1.0,50.0,0.0,0.0,0.0,0.0,1.0,1.0,0.15,0.525,0.0,0.55,0.3125,False,0,0
257,202512220209,1.0,1.0,1.0,1.0,39,m1,0,0,1.0,1.0,1.0,1.0,1.0,50.0,0.0,0.0,0.0,0.0,1.0,1.0,0.45,0.525,0.0,0.55,0.40249999999999997,False,0,0
258,202512220210,1.0,1.0,1.0,1.0,60,m1,0,0,1.0,1.0,1.0,1.0,1.0,50.0,0.0,0.0,0.0,0.0,1.0,1.0,0.85,0.525,0.0,0.55,0.5225,False,0,0
259,202512220211,1.0,1.0,1.0,1.0,12,m1,0,0,1.0,1.0,1.0,1.0,1.0,50.0,0.0,0.0,0.0,0.0,1.0,1.0,0.05,0.525,0.0,0.55,0.2825,False,0,0
260,202512220212,1.0,1.0,1.0,1.0,10,m1,0,0,1.0,1.0,1.0,1.0,1.0,50.0,0.0,0.0,0.0,0.0,1.0,1.0,0.05,0.525,0.0,0.55,0.2825,False,0,0
261,202512220213,1.0,1.0,1.0,1.0,5,m1,0,0,1.0,1.0,1.0,1.0,1.0,50.0,0.0,0.0,0.0,0.0,1.0,1.0,0.05,0.525,0.0,0.55,0.2825,False,0,0
262,202512220214,1.0,1.0,1.0,1.0,19,m1,0,0,1.0,1.0,1.0,1.0,1.0,50.0,0.0,0.0,0.0,0.0,1.0,1.0,0.2,0.525,0.0,0.55,0.3275,False,0,0
263,202512220215,1.0,1.0,1.0,1.0,21,m1,0,0,1.0,1.0,1.0,1.0,1.0,50.0,0.0,0.0,0.0,0.0,1.0,1.0,0.275,0.525,0.0,0.55,0.35,False,0,0
264,202512220216,1.0,1.0,1.0,1.0,28,m1,0,0,1.0,1.0,1.0,1.0,1.0,50.0,0.0,0.0,0.0,0.0,1.0,1.0,0.45,0.525,0.0,0.55,0.40249999999999997,False,0,0
265,202512220217,1.0,1.0,1.0,1.0,45,m1,0,0,1.0,1.0,1.0,1.0,1.0,50.0,0.0,0.0,0.0,0.0,1.0,1.0,0.875,0.525,0.0,0.55,0.53,False,0,0
266,202512220218,1.0,1.0,1.0,1.0,34,m1,0,0,1.0,1.0,1.0,1.0,1.0,50.0,0.0,0.0,0.0,0.0,1.0,1.0,0.6,0.525,0.0,0.55,0.4475,False,0,0
267,202512220219,1.0,1.0,1.0,1.0,31,m1,0,0,1.0,1.0,1.0,1.0,1.0,50.0,0.0,0.0,0.0,0.0,1.0,1.0,0.5,0.525,0.0,0.55,0.4175,False,0,0
268,202512220220,1.0,1.0,1.0,1.0,30,m1,0,0,1.0,1.0,1.0,1.0,1.0,50.0,0.0,0.0,0.0,0.0,1.0,1.0,0.5,0.525,0.0,0.55,0.4175,False,0,0
269,202512220221,1.0,1.0,1.0,1.0,43,m1,0,0,1.0,1.0,1.0,1.0,1.0,50.0,0.0,0.0,0.0,0.0,1.0,1.0,0.9,0.525,0.0,0.55,0.5375,False,0,0
270,202512220222,1.0,1.0,1.0,1.0,27,m1,0,0,1.0,1.0,1.0,1.0,1.0,50.0,0.0,0.0,0.0,0.0,1.0,1.0,0.425,0.525,0.0,0.55,0.395,False,0,0
271,202512220223,1.0,1.0,1.0,1.0,34,m1,0,0,1.0,1.0,1.0,1.0,1.0,50.0,0.0,0.0,0.0,0.0,1.0,1.0,0.725,0.525,0.0,0.55,0.485,False,0,0
272,202512220224,1.0,1.0,1.0,1.0,50,m1,0,0,1.0,1.0,1.0,1.0,1.0,50.0,0.0,0.0,0.0,0.0,1.0,1.0,0.95,0.525,0.0,0.55,0.5525,False,0,0
273,202512220225,1.0,1.0,1.0,1.0,58,m1,0,0,1.0,1.0,1.0,1.0,1.0,50.0,0.0,0.0,0.0,0.0,1.0,1.0,0.95,0.525,0.0,0.55,0.5525,False,0,0
274,202512220226,1.0,1.0,1.0,1.0,62,m1,0,0,1.0,1.0,1.0,1.0,1.0,50.0,0.0,0.0,0.0,0.0,1.0,1.0,1.0,0.525,0.0,0.55,0.5675,False,0,0
275,202512220227,1.0,1.0,1.0,1.0,51,m1,0,0,1.0,1.0,1.0,1.0,1.0,50.0,0.0,0.0,0.0,0.0,1.0,1.0,0.85,0.525,0.0,0.55,0.5225,False,0,0
276,202512220228,1.0,1.0,1.0,1.0,37,m1,0,0,1.0,1.0,1.0,1.0,1.0,50.0,0.0,0.0,0.0,0.0,1.0,1.0,0.6,0.525,0.0,0.55,0.4475,False,0,0
277,202512220229,1.0,1.0,1.0,1.0,35,m1,0,0,1.0,1.0,1.0,1.0,1.0,50.0,0.0,0.0,0.0,0.0,1.0,1.0,0.6,0.525,0.0,0.55,0.4475,False,0,0
278,202512220230,1.0,1.0,1.0,1.0,32,m1,0,0,1.0,1.0,1.0,1.0,1.0,50.0,0.0,0.0,0.0,0.0,1.0,1.0,0.5,0.525,0.0,0.55,0.4175,False,0,0
279,202512220231,1.0,1.0,1.0,1.0,60,m1,0,0,1.0,1.0,1.0,1.0,1.0,50.0,0.0,0.0,0.0,0.0,1.0,1.0,0.95,0.525,0.0,0.55,0.5525,False,0,0
280,202512220232,1.0,1.0,1.0,1.0,32,m1,0,0,1.0,1.0,1.0,1.0,1.0,50.0,0.0,0.0,0.0,0.0,1.0,1.0,0.425,0.525,0.0,0.55,0.395,False,0,0
281,202512220233,1.0,1.0,1.0,1.0,19,m1,0,0,1.0,1.0,1.0,1.0,1.0,50.0,0.0,0.0,0.0,0.0,1.0,1.0,0.075,0.525,0.0,0.55,0.29000000000000004,False,0,0
282,202512220234,1.0,1.0,1.0,1.0,27,m1,0,0,1.0,1.0,1.0,1.0,1.0,50.0,0.0,0.0,0.0,0.0,1.0,1.0,0.175,0.525,0.0,0.55,0.32,False,0,0
283,202512220235,1.0,1.0,1.0,1.0,15,m1,0,0,1.0,1.0,1.0,1.0,1.0,50.0,0.0,0.0,0.0,0.0,1.0,1.0,0.05,0.525,0.0,0.55,0.2825,False,0,0
284,202512220236,1.0,1.0,1.0,1.0,55,m1,0,0,1.0,1.0,1.0,1.0,1.0,50.0,0.0,0.0,0.0,0.0,1.0,1.0,0.85,0.525,0.0,0.55,0.5225,False,0,0
285,202512220237,1.0,1.0,1.0,1.0,31,m1,0,0,1.0,1.0,1.0,1.0,1.0,50.0,0.0,0.0,0.0,0.0,1.0,1.0,0.325,0.525,0.0,0.55,0.365,False,0,0
286,202512220238,1.0,1.0,1.0,1.0,49,m1,0,0,1.0,1.0,1.0,1.0,1.0,50.0,0.0,0.0,0.0,0.0,1.0,1.0,0.7,0.525,0.0,0.55,0.47750000000000004,False,0,0
287,202512220239,1.0,1.0,1.0,1.0,60,m1,0,0,1.0,1.0,1.0,1.0,1.0,50.0,0.0,0.0,0.0,0.0,1.0,1.0,0.925,0.525,0.0,0.55,0.545,False,0,0
288,202512220240,1.0,1.0,1.0,1.0,44,m1,0,0,1.0,1.0,1.0,1.0,1.0,50.0,0.0,0.0,0.0,0.0,1.0,1.0,0.6,0.525,0.0,0.55,0.4475,False,0,0
289,202512220241,1.0,1.0,1.0,1.0,40,m1,0,0,1.0,1.0,1.0,1.0,1.0,50.0,0.0,0.0,0.0,0.0,1.0,1.0,0.55,0.525,0.0,0.55,0.4325,False,0,0
290,202512220242,1.0,1.0,1.0,1.0,42,m1,0,0,1.0,1.0,1.0,1.0,1.0,50.0,0.0,0.0,0.0,0.0,1.0,1.0,0.55,0.525,0.0,0.55,0.4325,False,0,0
291,202512220243,1.0,1.0,1.0,1.0,43,m1,0,0,1.0,1.0,1.0,1.0,1.0,50.0,0.0,0.0,0.0,0.0,1.0,1.0,0.55,0.525,0.0,0.55,0.4325,False,0,0
292,202512220244,1.0,1.0,1.0,1.0,60,m1,0,0,1.0,1.0,1.0,1.0,1.0,50.0,0.0,0.0,0.0,0.0,1.0,1.0,0.9,0.525,0.0,0.55,0.5375,False,0,0
293,202512220245,1.0,1.0,1.0,1.0,56,m1,0,0,1.0,1.0,1.0,1.0,1.0,50.0,0.0,0.0,0.0,0.0,1.0,1.0,0.8,0.525,0.0,0.55,0.5075,False,0,0
294,202512220246,1.0,1.0,1.0,1.0,18,m1,0,0,1.0,1.0,1.0,1.0,1.0,50.0,0.0,0.0,0.0,0.0,1.0,1.0,0.1,0.525,0.0,0.55,0.2975,False,0,0
295,202512220247,1.0,1.0,1.0,1.0,68,m1,0,0,1.0,1.0,1.0,1.0,1.0,50.0,0.0,0.0,0.0,0.0,1.0,1.0,1.0,0.525,0.0,0.55,0.5675,False,0,0
296,202512220248,1.0,1.0,1.0,1.0,20,m1,0,0,1.0,1.0,1.0,1.0,1.0,50.0,0.0,0.0,0.0,0.0,1.0,1.0,0.2,0.525,0.0,0.55,0.3275,False,0,0
297,202512220249,1.0,1.0,1.0,1.0,71,m1,0,0,1.0,1.0,1.0,1.0,1.0,50.0,0.0,0.0,0.0,0.0,1.0,1.0,1.0,0.525,0.0,0.55,0.5675,False,0,0
298,202512220250,1.0,1.0,1.0,1.0,32,m1,0,0,1.0,1.0,1.0,1.0,1.0,50.0,0.0,0.0,0.0,0.0,1.0,1.0,0.375,0.525,0.0,0.55,0.38,False,0,0
299,202512220251,1.0,1.0,1.0,1.0,19,m1,0,0,1.0,1.0,1.0,1.0,1.0,50.0,0.0,0.0,0.0,0.0,1.0,1.0,0.175,0.525,0.0,0.55,0.32,False,0,0
300,202512220252,1.0,1.0,1.0,1.0,63,m1,0,0,1.0,1.0,1.0,1.0,1.0,50.0,0.0,0.0,0.0,0.0,1.0,1.0,0.9,0.525,0.0,0.55,0.5375,False,0,0
301,202512220253,1.0,1.0,1.0,1.0,41,m1,0,0,1.0,1.0,1.0,1.0,1.0,50.0,0.0,0.0,0.0,0.0,1.0,1.0,0.45,0.525,0.0,0.55,0.40249999999999997,False,0,0
302,202512220254,1.0,1.0,1.0,1.0,40,m1,0,0,1.0,1.0,1.0,1.0,1.0,50.0,0.0,0.0,0.0,0.0,1.0,1.0,0.375,0.525,0.0,0.55,0.38,False,0,0
303,202512220255,1.0,1.0,1.0,1.0,18,m1,0,0,1.0,1.0,1.0,1.0,1.0,50.0,0.0,0.0,0.0,0.0,1.0,1.0,0.075,0.525,0.0,0.55,0.29000000000000004,False,0,0
304,202512220256,1.0,1.0,1.0,1.0,24,m1,0,0,1.0,1.0,1.0,1.0,1.0,50.0,0.0,0.0,0.0,0.0,1.0,1.0,0.25,0.525,0.0,0.55,0.3425,False,0,0
305,202512220257,1.0,1.0,1.0,1.0,36,m1,0,0,1.0,1.0,1.0,1.0,1.0,50.0,0.0,0.0,0.0,0.0,1.0,1.0,0.35,0.525,0.0,0.55,0.37250000000000005,False,0,0
306,202512220258,1.0,1.0,1.0,1.0,27,m1,0,0,1.0,1.0,1.0,1.0,1.0,50.0,0.0,0.0,0.0,0.0,1.0,1.0,0.3,0.525,0.0,0.55,0.35750000000000004,False,0,0
307,202512220259,1.0,1.0,1.0,1.0,31,m1,0,0,1.0,1.0,1.0,1.0,1.0,50.0,0.0,0.0,0.0,0.0,1.0,1.0,0.35,0.525,0.0,0.55,0.37250000000000005,False,0,0
308,202512220300,1.0,1.0,1.0,1.0,38,m1,0,0,1.0,1.0,1.0,1.0,1.0,50.0,0.0,0.0,0.0,0.0,1.0,1.0,0.5,0.525,0.0,0.55,0.4175,False,0,0
309,202512220301,1.0,1.0,1.0,1.0,24,m1,0,0,1.0,1.0,1.0,1.0,1.0,50.0,0.0,0.0,0.0,0.0,1.0,1.0,0.275,0.525,0.0,0.55,0.35,False,0,0
310,202512220302,1.0,1.0,1.0,1.0,68,m1,0,0,1.0,1.0,1.0,1.0,1.0,50.0,0.0,0.0,0.0,0.0,1.0,1.0,0.925,0.525,0.0,0.55,0.545,False,0,0
311,202512220303,1.0,1.0,1.0,1.0,30,m1,0,0,1.0,1.0,1.0,1.0,1.0,50.0,0.0,0.0,0.0,0.0,1.0,1.0,0.4,0.525,0.0,0.55,0.38749999999999996,False,0,0
312,202512220304,1.0,1.0,1.0,1.0,40,m1,0,0,1.0,1.0,1.0,1.0,1.0,50.0,0.0,0.0,0.0,0.0,1.0,1.0,0.675,0.525,0.0,0.55,0.47,False,0,0
313,202512220305,1.0,1.0,1.0,1.0,47,m1,0,0,1.0,1.0,1.0,1.0,1.0,50.0,0.0,0.0,0.0,0.0,1.0,1.0,0.8,0.525,0.0,0.55,0.5075,False,0,0
314,202512220306,1.0,1.0,1.0,1.0,47,m1,0,0,1.0,1.0,1.0,1.0,1.0,50.0,0.0,0.0,0.0,0.0,1.0,1.0,0.775,0.525,0.0,0.55,0.5,False,0,0
315,202512220307,1.0,1.0,1.0,1.0,36,m1,0,0,1.0,1.0,1.0,1.0,1.0,50.0,0.0,0.0,0.0,0.0,1.0,1.0,0.525,0.525,0.0,0.55,0.42500000000000004,False,0,0
316,202512220308,1.0,1.0,1.0,1.0,45,m1,0,0,1.0,1.0,1.0,1.0,1.0,50.0,0.0,0.0,0.0,0.0,1.0,1.0,0.75,0.525,0.0,0.55,0.49249999999999994,False,0,0
317,202512220309,1.0,1.0,1.0,1.0,59,m1,0,0,1.0,1.0,1.0,1.0,1.0,50.0,0.0,0.0,0.0,0.0,1.0,1.0,0.9,0.525,0.0,0.55,0.5375,False,0,0
318,202512220310,1.0,1.0,1.0,1.0,80,m1,0,0,1.0,1.0,1.0,1.0,1.0,50.0,0.0,0.0,0.0,0.0,1.0,1.0,1.0,0.525,0.0,0.55,0.5675,False,0,0
319,202512220311,1.0,1.0,1.0,1.0,31,m1,0,0,1.0,1.0,1.0,1.0,1.0,50.0,0.0,0.0,0.0,0.0,1.0,1.0,0.325,0.525,0.0,0.55,0.365,False,0,0
320,202512220312,1.0,1.0,1.0,1.0,18,m1,0,0,1.0,1.0,1.0,1.0,1.0,50.0,0.0,0.0,0.0,0.0,1.0,1.0,0.075,0.525,0.0,0.55,0.29000000000000004,False,0,0
321,202512220313,1.0,1.0,1.0,1.0,36,m1,0,0,1.0,1.0,1.0,1.0,1.0,50.0,0.0,0.0,0.0,0.0,1.0,1.0,0.5,0.525,0.0,0.55,0.4175,False,0,0
322,202512220314,1.0,1.0,1.0,1.0,47,m1,0,0,1.0,1.0,1.0,1.0,1.0,50.0,0.0,0.0,0.0,0.0,1.0,1.0,0.8,0.525,0.0,0.55,0.5075,False,0,0
323,202512220315,1.0,1.0,1.0,1.0,58,m1,0,0,1.0,1.0,1.0,1.0,1.0,50.0,0.0,0.0,0.0,0.0,1.0,1.0,0.85,0.525,0.0,0.55,0.5225,False,0,0
324,202512220316,1.0,1.0,1.0,1.0,47,m1,0,0,1.0,1.0,1.0,1.0,1.0,50.0,0.0,0.0,0.0,0.0,1.0,1.0,0.725,0.525,0.0,0.55,0.485,False,0,0
325,202512220317,1.0,1.0,1.0,1.0,54,m1,0,0,1.0,1.0,1.0,1.0,1.0,50.0,0.0,0.0,0.0,0.0,1.0,1.0,0.8,0.525,0.0,0.55,0.5075,False,0,0
326,202512220318,1.0,1.0,1.0,1.0,26,m1,0,0,1.0,1.0,1.0,1.0,1.0,50.0,0.0,0.0,0.0,0.0,1.0,1.0,0.15,0.525,0.0,0.55,0.3125,False,0,0
327,202512220319,1.0,1.0,1.0,1.0,101,m1,0,0,1.0,1.0,1.0,1.0,1.0,50.0,0.0,0.0,0.0,0.0,1.0,1.0,1.0,0.525,0.0,0.55,0.5675,False,0,0
328,202512220320,1.0,1.0,1.0,1.0,70,m1,0,0,1.0,1.0,1.0,1.0,1.0,50.0,0.0,0.0,0.0,0.0,1.0,1.0,0.9,0.525,0.0,0.55,0.5375,False,0,0
329,202512220321,1.0,1.0,1.0,1.0,43,m1,0,0,1.0,1.0,1.0,1.0,1.0,50.0,0.0,0.0,0.0,0.0,1.0,1.0,0.4,0.525,0.0,0.55,0.38749999999999996,False,0,0
330,202512220322,1.0,1.0,1.0,1.0,17,m1,0,0,1.0,1.0,1.0,1.0,1.0,50.0,0.0,0.0,0.0,0.0,1.0,1.0,0.05,0.525,0.0,0.55,0.2825,False,0,0
331,202512220323,1.0,1.0,1.0,1.0,49,m1,0,0,1.0,1.0,1.0,1.0,1.0,50.0,0.0,0.0,0.0,0.0,1.0,1.0,0.7,0.525,0.0,0.55,0.47750000000000004,False,0,0
332,202512220324,1.0,1.0,1.0,1.0,59,m1,0,0,1.0,1.0,1.0,1.0,1.0,50.0,0.0,0.0,0.0,0.0,1.0,1.0,0.825,0.525,0.0,0.55,0.515,False,0,0
333,202512220325,1.0,1.0,1.0,1.0,26,m1,0,0,1.0,1.0,1.0,1.0,1.0,50.0,0.0,0.0,0.0,0.0,1.0,1.0,0.175,0.525,0.0,0.55,0.32,False,0,0
334,202512220326,1.0,1.0,1.0,1.0,33,m1,0,0,1.0,1.0,1.0,1.0,1.0,50.0,0.0,0.0,0.0,0.0,1.0,1.0,0.3,0.525,0.0,0.55,0.35750000000000004,False,0,0
335,202512220327,1.0,1.0,1.0,1.0,58,m1,0,0,1.0,1.0,1.0,1.0,1.0,50.0,0.0,0.0,0.0,0.0,1.0,1.0,0.725,0.525,0.0,0.55,0.485,False,0,0
336,202512220328,1.0,1.0,1.0,1.0,19,m1,0,0,1.0,1.0,1.0,1.0,1.0,50.0,0.0,0.0,0.0,0.0,1.0,1.0,0.15,0.525,0.0,0.55,0.3125,False,0,0
337,202512220329,1.0,1.0,1.0,1.0,34,m1,0,0,1.0,1.0,1.0,1.0,1.0,50.0,0.0,0.0,0.0,0.0,1.0,1.0,0.4,0.525,0.0,0.55,0.38749999999999996,False,0,0
338,202512220330,1.0,1.0,1.0,1.0,72,m1,0,0,1.0,1.0,1.0,1.0,1.0,50.0,0.0,0.0,0.0,0.0,1.0,1.0,0.95,0.525,0.0,0.55,0.5525,False,0,0
339,202512220331,1.0,1.0,1.0,1.0,63,m1,0,0,1.0,1.0,1.0,1.0,1.0,50.0,0.0,0.0,0.0,0.0,1.0,1.0,0.85,0.525,0.0,0.55,0.5225,False,0,0
340,202512220332,1.0,1.0,1.0,1.0,24,m1,0,0,1.0,1.0,1.0,1.0,1.0,50.0,0.0,0.0,0.0,0.0,1.0,1.0,0.15,0.525,0.0,0.55,0.3125,False,0,0
341,202512220333,1.0,1.0,1.0,1.0,31,m1,0,0,1.0,1.0,1.0,1.0,1.0,50.0,0.0,0.0,0.0,0.0,1.0,1.0,0.3,0.525,0.0,0.55,0.35750000000000004,False,0,0
342,202512220334,1.0,1.0,1.0,1.0,32,m1,0,0,1.0,1.0,1.0,1.0,1.0,50.0,0.0,0.0,0.0,0.0,1.0,1.0,0.35,0.525,0.0,0.55,0.37250000000000005,False,0,0
343,202512220335,1.0,1.0,1.0,1.0,60,m1,0,0,1.0,1.0,1.0,1.0,1.0,50.0,0.0,0.0,0.0,0.0,1.0,1.0,0.8,0.525,0.0,0.55,0.5075,False,0,0
344,202512220336,1.0,1.0,1.0,1.0,35,m1,0,0,1.0,1.0,1.0,1.0,1.0,50.0,0.0,0.0,0.0,0.0,1.0,1.0,0.5,0.525,0.0,0.55,0.4175,False,0,0
345,202512220337,1.0,1.0,1.0,1.0,53,m1,0,0,1.0,1.0,1.0,1.0,1.0,50.0,0.0,0.0,0.0,0.0,1.0,1.0,0.65,0.525,0.0,0.55,0.4625,False,0,0
346,202512220338,1.0,1.0,1.0,1.0,49,m1,0,0,1.0,1.0,1.0,1.0,1.0,50.0,0.0,0.0,0.0,0.0,1.0,1.0,0.575,0.525,0.0,0.55,0.43999999999999995,False,0,0
347,202512220339,1.0,1.0,1.0,1.0,18,m1,0,0,1.0,1.0,1.0,1.0,1.0,50.0,0.0,0.0,0.0,0.0,1.0,1.0,0.1,0.525,0.0,0.55,0.2975,False,0,0
348,202512220340,1.0,1.0,1.0,1.0,32,m1,0,0,1.0,1.0,1.0,1.0,1.0,50.0,0.0,0.0,0.0,0.0,1.0,1.0,0.375,0.525,0.0,0.55,0.38,False,0,0
349,202512220341,1.0,1.0,1.0,1.0,48,m1,0,0,1.0,1.0,1.0,1.0,1.0,50.0,0.0,0.0,0.0,0.0,1.0,1.0,0.6,0.525,0.0,0.55,0.4475,False,0,0
350,202512220342,1.0,1.0,1.0,1.0,40,m1,0,0,1.0,1.0,1.0,1.0,1.0,50.0,0.0,0.0,0.0,0.0,1.0,1.0,0.55,0.525,0.0,0.55,0.4325,False,0,0
351,202512220343,1.0,1.0,1.0,1.0,13,m1,0,0,1.0,1.0,1.0,1.0,1.0,50.0,0.0,0.0,0.0,0.0,1.0,1.0,0.05,0.525,0.0,0.55,0.2825,False,0,0
352,202512220344,1.0,1.0,1.0,1.0,29,m1,0,0,1.0,1.0,1.0,1.0,1.0,50.0,0.0,0.0,0.0,0.0,1.0,1.0,0.3,0.525,0.0,0.55,0.35750000000000004,False,0,0
353,202512220345,1.0,1.0,1.0,1.0,51,m1,0,0,1.0,1.0,1.0,1.0,1.0,50.0,0.0,0.0,0.0,0.0,1.0,1.0,0.75,0.525,0.0,0.55,0.49249999999999994,False,0,0
354,202512220346,1.0,1.0,1.0,1.0,27,m1,0,0,1.0,1.0,1.0,1.0,1.0,50.0,0.0,0.0,0.0,0.0,1.0,1.0,0.25,0.525,0.0,0.55,0.3425,False,0,0
355,202512220347,1.0,1.0,1.0,1.0,12,m1,0,0,1.0,1.0,1.0,1.0,1.0,50.0,0.0,0.0,0.0,0.0,1.0,1.0,0.05,0.525,0.0,0.55,0.2825,False,0,0
356,202512220348,1.0,1.0,1.0,1.0,43,m1,0,0,1.0,1.0,1.0,1.0,1.0,50.0,0.0,0.0,0.0,0.0,1.0,1.0,0.65,0.525,0.0,0.55,0.4625,False,0,0
357,202512220349,1.0,1.0,1.0,1.0,30,m1,0,0,1.0,1.0,1.0,1.0,1.0,50.0,0.0,0.0,0.0,0.0,1.0,1.0,0.35,0.525,0.0,0.55,0.37250000000000005,False,0,0
358,202512220350,1.0,1.0,1.0,1.0,33,m1,0,0,1.0,1.0,1.0,1.0,1.0,50.0,0.0,0.0,0.0,0.0,1.0,1.0,0.55,0.525,0.0,0.55,0.4325,False,0,0
359,202512220351,1.0,1.0,1.0,1.0,69,m1,0,0,1.0,1.0,1.0,1.0,1.0,50.0,0.0,0.0,0.0,0.0,1.0,1.0,1.0,0.525,0.0,0.55,0.5675,False,0,0
360,202512220352,1.0,1.0,1.0,1.0,34,m1,0,0,1.0,1.0,1.0,1.0,1.0,50.0,0.0,0.0,0.0,0.0,1.0,1.0,0.55,0.525,0.0,0.55,0.4325,False,0,0
361,202512220353,1.0,1.0,1.0,1.0,28,m1,0,0,1.0,1.0,1.0,1.0,1.0,50.0,0.0,0.0,0.0,0.0,1.0,1.0,0.25,0.525,0.0,0.55,0.3425,False,0,0
362,202512220354,1.0,1.0,1.0,1.0,25,m1,0,0,1.0,1.0,1.0,1.0,1.0,50.0,0.0,0.0,0.0,0.0,1.0,1.0,0.2,0.525,0.0,0.55,0.3275,False,0,0
363,202512220355,1.0,1.0,1.0,1.0,53,m1,0,0,1.0,1.0,1.0,1.0,1.0,50.0,0.0,0.0,0.0,0.0,1.0,1.0,0.925,0.525,0.0,0.55,0.545,False,0,0
364,202512220356,1.0,1.0,1.0,1.0,17,m1,0,0,1.0,1.0,1.0,1.0,1.0,50.0,0.0,0.0,0.0,0.0,1.0,1.0,0.15,0.525,0.0,0.55,0.3125,False,0,0
365,202512220357,1.0,1.0,1.0,1.0,39,m1,0,0,1.0,1.0,1.0,1.0,1.0,50.0,0.0,0.0,0.0,0.0,1.0,1.0,0.65,0.525,0.0,0.55,0.4625,False,0,0
366,202512220358,1.0,1.0,1.0,1.0,21,m1,0,0,1.0,1.0,1.0,1.0,1.0,50.0,0.0,0.0,0.0,0.0,1.0,1.0,0.25,0.525,0.0,0.55,0.3425,False,0,0
367,202512220359,1.0,1.0,1.0,1.0,60,m1,0,0,1.0,1.0,1.0,1.0,1.0,50.0,0.0,0.0,0.0,0.0,1.0,1.0,0.95,0.525,0.0,0.55,0.5525,False,0,0
368,202512220400,1.0,1.0,1.0,1.0,43,m1,0,0,1.0,1.0,1.0,1.0,1.0,50.0,0.0,0.0,0.0,0.0,1.0,1.0,0.725,0.525,0.0,0.55,0.485,False,0,0
369,202512220401,1.0,1.0,1.0,1.0,54,m1,0,0,1.0,1.0,1.0,1.0,1.0,50.0,0.0,0.0,0.0,0.0,1.0,1.0,0.9,0.525,0.0,0.55,0.5375,False,0,0
370,202512220402,1.0,1.0,1.0,1.0,44,m1,0,0,1.0,1.0,1.0,1.0,1.0,50.0,0.0,0.0,0.0,0.0,1.0,1.0,0.75,0.525,0.0,0.55,0.49249999999999994,False,0,0
371,202512220403,1.0,1.0,1.0,1.0,36,m1,0,0,1.0,1.0,1.0,1.0,1.0,50.0,0.0,0.0,0.0,0.0,1.0,1.0,0.55,0.525,0.0,0.55,0.4325,False,0,0
372,202512220404,1.0,1.0,1.0,1.0,40,m1,0,0,1.0,1.0,1.0,1.0,1.0,50.0,0.0,0.0,0.0,0.0,1.0,1.0,0.6,0.525,0.0,0.55,0.4475,False,0,0
373,202512220405,1.0,1.0,1.0,1.0,34,m1,0,0,1.0,1.0,1.0,1.0,1.0,50.0,0.0,0.0,0.0,0.0,1.0,1.0,0.475,0.525,0.0,0.55,0.41000000000000003,False,0,0
374,202512220406,1.0,1.0,1.0,1.0,31,m1,0,0,1.0,1.0,1.0,1.0,1.0,50.0,0.0,0.0,0.0,0.0,1.0,1.0,0.35,0.525,0.0,0.55,0.37250000000000005,False,0,0
375,202512220407,1.0,1.0,1.0,1.0,45,m1,0,0,1.0,1.0,1.0,1.0,1.0,50.0,0.0,0.0,0.0,0.0,1.0,1.0,0.8,0.525,0.0,0.55,0.5075,False,0,0
376,202512220408,1.0,1.0,1.0,1.0,45,m1,0,0,1.0,1.0,1.0,1.0,1.0,50.0,0.0,0.0,0.0,0.0,1.0,1.0,0.775,0.525,0.0,0.55,0.5,False,0,0
377,202512220409,1.0,1.0,1.0,1.0,31,m1,0,0,1.0,1.0,1.0,1.0,1.0,50.0,0.0,0.0,0.0,0.0,1.0,1.0,0.275,0.525,0.0,0.55,0.35,False,0,0
378,202512220410,1.0,1.0,1.0,1.0,26,m1,0,0,1.0,1.0,1.0,1.0,1.0,50.0,0.0,0.0,0.0,0.0,1.0,1.0,0.2,0.525,0.0,0.55,0.3275,False,0,0
379,202512220411,1.0,1.0,1.0,1.0,23,m1,0,0,1.0,1.0,1.0,1.0,1.0,50.0,0.0,0.0,0.0,0.0,1.0,1.0,0.15,0.525,0.0,0.55,0.3125,False,0,0
380,202512220412,1.0,1.0,1.0,1.0,19,m1,0,0,1.0,1.0,1.0,1.0,1.0,50.0,0.0,0.0,0.0,0.0,1.0,1.0,0.1,0.525,0.0,0.55,0.2975,False,0,0
381,202512220413,1.0,1.0,1.0,1.0,21,m1,0,0,1.0,1.0,1.0,1.0,1.0,50.0,0.0,0.0,0.0,0.0,1.0,1.0,0.175,0.525,0.0,0.55,0.32,False,0,0
382,202512220414,1.0,1.0,1.0,1.0,34,m1,0,0,1.0,1.0,1.0,1.0,1.0,50.0,0.0,0.0,0.0,0.0,1.0,1.0,0.475,0.525,0.0,0.55,0.41000000000000003,False,0,0
383,202512220415,1.0,1.0,1.0,1.0,22,m1,0,0,1.0,1.0,1.0,1.0,1.0,50.0,0.0,0.0,0.0,0.0,1.0,1.0,0.25,0.525,0.0,0.55,0.3425,False,0,0
384,202512220416,1.0,1.0,1.0,1.0,30,m1,0,0,1.0,1.0,1.0,1.0,1.0,50.0,0.0,0.0,0.0,0.0,1.0,1.0,0.35,0.525,0.0,0.55,0.37250000000000005,False,0,0
385,202512220417,1.0,1.0,1.0,1.0,28,m1,0,0,1.0,1.0,1.0,1.0,1.0,50.0,0.0,0.0,0.0,0.0,1.0,1.0,0.35,0.525,0.0,0.55,0.37250000000000005,False,0,0
386,202512220418,1.0,1.0,1.0,1.0,32,m1,0,0,1.0,1.0,1.0,1.0,1.0,50.0,0.0,0.0,0.0,0.0,1.0,1.0,0.5,0.525,0.0,0.55,0.4175,False,0,0
387,202512220419,1.0,1.0,1.0,1.0,23,m1,0,0,1.0,1.0,1.0,1.0,1.0,50.0,0.0,0.0,0.0,0.0,1.0,1.0,0.225,0.525,0.0,0.55,0.335,False,0,0
388,202512220420,1.0,1.0,1.0,1.0,37,m1,0,0,1.0,1.0,1.0,1.0,1.0,50.0,0.0,0.0,0.0,0.0,1.0,1.0,0.75,0.525,0.0,0.55,0.49249999999999994,False,0,0
389,202512220421,1.0,1.0,1.0,1.0,29,m1,0,0,1.0,1.0,1.0,1.0,1.0,50.0,0.0,0.0,0.0,0.0,1.0,1.0,0.4,0.525,0.0,0.55,0.38749999999999996,False,0,0
390,202512220422,1.0,1.0,1.0,1.0,23,m1,0,0,1.0,1.0,1.0,1.0,1.0,50.0,0.0,0.0,0.0,0.0,1.0,1.0,0.25,0.525,0.0,0.55,0.3425,False,0,0
391,202512220423,1.0,1.0,1.0,1.0,25,m1,0,0,1.0,1.0,1.0,1.0,1.0,50.0,0.0,0.0,0.0,0.0,1.0,1.0,0.35,0.525,0.0,0.55,0.37250000000000005,False,0,0
392,202512220424,1.0,1.0,1.0,1.0,33,m1,0,0,1.0,1.0,1.0,1.0,1.0,50.0,0.0,0.0,0.0,0.0,1.0,1.0,0.75,0.525,0.0,0.55,0.49249999999999994,False,0,0
393,202512220425,1.0,1.0,1.0,1.0,41,m1,0,0,1.0,1.0,1.0,1.0,1.0,50.0,0.0,0.0,0.0,0.0,1.0,1.0,0.9,0.525,0.0,0.55,0.5375,False,0,0
394,202512220426,1.0,1.0,1.0,1.0,31,m1,0,0,1.0,1.0,1.0,1.0,1.0,50.0,0.0,0.0,0.0,0.0,1.0,1.0,0.625,0.525,0.0,0.55,0.45499999999999996,False,0,0
395,202512220427,1.0,1.0,1.0,1.0,27,m1,0,0,1.0,1.0,1.0,1.0,1.0,50.0,0.0,0.0,0.0,0.0,1.0,1.0,0.45,0.525,0.0,0.55,0.40249999999999997,False,0,0
396,202512220428,1.0,1.0,1.0,1.0,40,m1,0,0,1.0,1.0,1.0,1.0,1.0,50.0,0.0,0.0,0.0,0.0,1.0,1.0,0.95,0.525,0.0,0.55,0.5525,False,0,0
397,202512220429,1.0,1.0,1.0,1.0,21,m1,0,0,1.0,1.0,1.0,1.0,1.0,50.0,0.0,0.0,0.0,0.0,1.0,1.0,0.125,0.525,0.0,0.55,0.30500000000000005,False,0,0
398,202512220430,1.0,1.0,1.0,1.0,22,m1,0,0,1.0,1.0,1.0,1.0,1.0,50.0,0.0,0.0,0.0,0.0,1.0,1.0,0.225,0.525,0.0,0.55,0.335,False,0,0
399,202512220431,1.0,1.0,1.0,1.0,22,m1,0,0,1.0,1.0,1.0,1.0,1.0,50.0,0.0,0.0,0.0,0.0,1.0,1.0,0.25,0.525,0.0,0.55,0.3425,False,0,0
400,202512220432,1.0,1.0,1.0,1.0,19,m1,0,0,1.0,1.0,1.0,1.0,1.0,50.0,0.0,0.0,0.0,0.0,1.0,1.0,0.05,0.525,0.0,0.55,0.2825,False,0,0
401,202512220433,1.0,1.0,1.0,1.0,19,m1,0,0,1.0,1.0,1.0,1.0,1.0,50.0,0.0,0.0,0.0,0.0,1.0,1.0,0.075,0.525,0.0,0.55,0.29000000000000004,False,0,0
402,202512220434,1.0,1.0,1.0,1.0,22,m1,0,0,1.0,1.0,1.0,1.0,1.0,50.0,0.0,0.0,0.0,0.0,1.0,1.0,0.275,0.525,0.0,0.55,0.35,False,0,0
403,202512220435,1.0,1.0,1.0,1.0,15,m1,0,0,1.0,1.0,1.0,1.0,1.0,50.0,0.0,0.0,0.0,0.0,1.0,1.0,0.05,0.525,0.0,0.55,0.2825,False,0,0
404,202512220436,1.0,1.0,1.0,1.0,7,m1,0,0,1.0,1.0,1.0,1.0,1.0,50.0,0.0,0.0,0.0,0.0,1.0,1.0,0.05,0.525,0.0,0.55,0.2825,False,0,0
405,202512220437,1.0,1.0,1.0,1.0,25,m1,0,0,1.0,1.0,1.0,1.0,1.0,50.0,0.0,0.0,0.0,0.0,1.0,1.0,0.575,0.525,0.0,0.55,0.43999999999999995,False,0,0
406,202512220438,1.0,1.0,1.0,1.0,17,m1,0,0,1.0,1.0,1.0,1.0,1.0,50.0,0.0,0.0,0.0,0.0,1.0,1.0,0.15,0.525,0.0,0.55,0.3125,False,0,0
407,202512220439,1.0,1.0,1.0,1.0,22,m1,0,0,1.0,1.0,1.0,1.0,1.0,50.0,0.0,0.0,0.0,0.0,1.0,1.0,0.425,0.525,0.0,0.55,0.395,False,0,0
408,202512220440,1.0,1.0,1.0,1.0,18,m1,0,0,1.0,1.0,1.0,1.0,1.0,50.0,0.0,0.0,0.0,0.0,1.0,1.0,0.2,0.525,0.0,0.55,0.3275,False,0,0
409,202512220441,1.0,1.0,1.0,1.0,24,m1,0,0,1.0,1.0,1.0,1.0,1.0,50.0,0.0,0.0,0.0,0.0,1.0,1.0,0.65,0.525,0.0,0.55,0.4625,False,0,0
410,202512220442,1.0,1.0,1.0,1.0,31,m1,0,0,1.0,1.0,1.0,1.0,1.0,50.0,0.0,0.0,0.0,0.0,1.0,1.0,0.825,0.525,0.0,0.55,0.515,False,0,0
411,202512220443,1.0,1.0,1.0,1.0,34,m1,0,0,1.0,1.0,1.0,1.0,1.0,50.0,0.0,0.0,0.0,0.0,1.0,1.0,0.9,0.525,0.0,0.55,0.5375,False,0,0
412,202512220444,1.0,1.0,1.0,1.0,35,m1,0,0,1.0,1.0,1.0,1.0,1.0,50.0,0.0,0.0,0.0,0.0,1.0,1.0,0.9,0.525,0.0,0.55,0.5375,False,0,0
413,202512220445,1.0,1.0,1.0,1.0,22,m1,0,0,1.0,1.0,1.0,1.0,1.0,50.0,0.0,0.0,0.0,0.0,1.0,1.0,0.5,0.525,0.0,0.55,0.4175,False,0,0
414,202512220446,1.0,1.0,1.0,1.0,18,m1,0,0,1.0,1.0,1.0,1.0,1.0,50.0,0.0,0.0,0.0,0.0,1.0,1.0,0.225,0.525,0.0,0.55,0.335,False,0,0
415,202512220447,1.0,1.0,1.0,1.0,60,m1,0,0,1.0,1.0,1.0,1.0,1.0,50.0,0.0,0.0,0.0,0.0,1.0,1.0,1.0,0.525,0.0,0.55,0.5675,False,0,0
416,202512220448,1.0,1.0,1.0,1.0,28,m1,0,0,1.0,1.0,1.0,1.0,1.0,50.0,0.0,0.0,0.0,0.0,1.0,1.0,0.8,0.525,0.0,0.55,0.5075,False,0,0
417,202512220449,1.0,1.0,1.0,1.0,47,m1,0,0,1.0,1.0,1.0,1.0,1.0,50.0,0.0,0.0,0.0,0.0,1.0,1.0,0.95,0.525,0.0,0.55,0.5525,False,0,0
418,202512220450,1.0,1.0,1.0,1.0,38,m1,0,0,1.0,1.0,1.0,1.0,1.0,50.0,0.0,0.0,0.0,0.0,1.0,1.0,0.9,0.525,0.0,0.55,0.5375,False,0,0
419,202512220451,1.0,1.0,1.0,1.0,51,m1,0,0,1.0,1.0,1.0,1.0,1.0,50.0,0.0,0.0,0.0,0.0,1.0,1.0,0.95,0.525,0.0,0.55,0.5525,False,0,0
420,202512220452,1.0,1.0,1.0,1.0,21,m1,0,0,1.0,1.0,1.0,1.0,1.0,50.0,0.0,0.0,0.0,0.0,1.0,1.0,0.35,0.525,0.0,0.55,0.37250000000000005,False,0,0
421,202512220453,1.0,1.0,1.0,1.0,70,m1,0,0,1.0,1.0,1.0,1.0,1.0,50.0,0.0,0.0,0.0,0.0,1.0,1.0,1.0,0.525,0.0,0.55,0.5675,False,0,0
422,202512220454,1.0,1.0,1.0,1.0,42,m1,0,0,1.0,1.0,1.0,1.0,1.0,50.0,0.0,0.0,0.0,0.0,1.0,1.0,0.8,0.525,0.0,0.55,0.5075,False,0,0
423,202512220455,1.0,1.0,1.0,1.0,59,m1,0,0,1.0,1.0,1.0,1.0,1.0,50.0,0.0,0.0,0.0,0.0,1.0,1.0,0.9,0.525,0.0,0.55,0.5375,False,0,0
424,202512220456,1.0,1.0,1.0,1.0,29,m1,0,0,1.0,1.0,1.0,1.0,1.0,50.0,0.0,0.0,0.0,0.0,1.0,1.0,0.5,0.525,0.0,0.55,0.4175,False,0,0
425,202512220457,1.0,1.0,1.0,1.0,19,m1,0,0,1.0,1.0,1.0,1.0,1.0,50.0,0.0,0.0,0.0,0.0,1.0,1.0,0.2,0.525,0.0,0.55,0.3275,False,0,0
426,202512220458,1.0,1.0,1.0,1.0,43,m1,0,0,1.0,1.0,1.0,1.0,1.0,50.0,0.0,0.0,0.0,0.0,1.0,1.0,0.75,0.525,0.0,0.55,0.49249999999999994,False,0,0
427,202512220459,1.0,1.0,1.0,1.0,19,m1,0,0,1.0,1.0,1.0,1.0,1.0,50.0,0.0,0.0,0.0,0.0,1.0,1.0,0.175,0.525,0.0,0.55,0.32,False,0,0
428,202512220500,1.0,1.0,1.0,1.0,68,m1,0,0,1.0,1.0,1.0,1.0,1.0,50.0,0.0,0.0,0.0,0.0,1.0,1.0,0.95,0.525,0.0,0.55,0.5525,False,0,0
429,202512220501,1.0,1.0,1.0,1.0,69,m1,0,0,1.0,1.0,1.0,1.0,1.0,50.0,0.0,0.0,0.0,0.0,1.0,1.0,0.95,0.525,0.0,0.55,0.5525,False,0,0
430,202512220502,1.0,1.0,1.0,1.0,52,m1,0,0,1.0,1.0,1.0,1.0,1.0,50.0,0.0,0.0,0.0,0.0,1.0,1.0,0.75,0.525,0.0,0.55,0.49249999999999994,False,0,0
431,202512220503,1.0,1.0,1.0,1.0,56,m1,0,0,1.0,1.0,1.0,1.0,1.0,50.0,0.0,0.0,0.0,0.0,1.0,1.0,0.75,0.525,0.0,0.55,0.49249999999999994,False,0,0
432,202512220504,1.0,1.0,1.0,1.0,35,m1,0,0,1.0,1.0,1.0,1.0,1.0,50.0,0.0,0.0,0.0,0.0,1.0,1.0,0.4,0.525,0.0,0.55,0.38749999999999996,False,0,0
433,202512220505,1.0,1.0,1.0,1.0,43,m1,0,0,1.0,1.0,1.0,1.0,1.0,50.0,0.0,0.0,0.0,0.0,1.0,1.0,0.525,0.525,0.0,0.55,0.42500000000000004,False,0,0
434,202512220506,1.0,1.0,1.0,1.0,25,m1,0,0,1.0,1.0,1.0,1.0,1.0,50.0,0.0,0.0,0.0,0.0,1.0,1.0,0.2,0.525,0.0,0.55,0.3275,False,0,0
435,202512220507,1.0,1.0,1.0,1.0,31,m1,0,0,1.0,1.0,1.0,1.0,1.0,50.0,0.0,0.0,0.0,0.0,1.0,1.0,0.35,0.525,0.0,0.55,0.37250000000000005,False,0,0
436,202512220508,1.0,1.0,1.0,1.0,12,m1,0,0,1.0,1.0,1.0,1.0,1.0,50.0,0.0,0.0,0.0,0.0,1.0,1.0,0.05,0.525,0.0,0.55,0.2825,False,0,0
437,202512220509,1.0,1.0,1.0,1.0,29,m1,0,0,1.0,1.0,1.0,1.0,1.0,50.0,0.0,0.0,0.0,0.0,1.0,1.0,0.325,0.525,0.0,0.55,0.365,False,0,0
438,202512220510,1.0,1.0,1.0,1.0,18,m1,0,0,1.0,1.0,1.0,1.0,1.0,50.0,0.0,0.0,0.0,0.0,1.0,1.0,0.1,0.525,0.0,0.55,0.2975,False,0,0
439,202512220511,1.0,1.0,1.0,1.0,36,m1,0,0,1.0,1.0,1.0,1.0,1.0,50.0,0.0,0.0,0.0,0.0,1.0,1.0,0.55,0.525,0.0,0.55,0.4325,False,0,0
440,202512220512,1.0,1.0,1.0,1.0,56,m1,0,0,1.0,1.0,1.0,1.0,1.0,50.0,0.0,0.0,0.0,0.0,1.0,1.0,0.775,0.525,0.0,0.55,0.5,False,0,0
441,202512220513,1.0,1.0,1.0,1.0,37,m1,0,0,1.0,1.0,1.0,1.0,1.0,50.0,0.0,0.0,0.0,0.0,1.0,1.0,0.55,0.525,0.0,0.55,0.4325,False,0,0
442,202512220514,1.0,1.0,1.0,1.0,22,m1,0,0,1.0,1.0,1.0,1.0,1.0,50.0,0.0,0.0,0.0,0.0,1.0,1.0,0.25,0.525,0.0,0.55,0.3425,False,0,0
443,202512220515,1.0,1.0,1.0,1.0,34,m1,0,0,1.0,1.0,1.0,1.0,1.0,50.0,0.0,0.0,0.0,0.0,1.0,1.0,0.5,0.525,0.0,0.55,0.4175,False,0,0
444,202512220516,1.0,1.0,1.0,1.0,27,m1,0,0,1.0,1.0,1.0,1.0,1.0,50.0,0.0,0.0,0.0,0.0,1.0,1.0,0.35,0.525,0.0,0.55,0.37250000000000005,False,0,0
445,202512220517,1.0,1.0,1.0,1.0,26,m1,0,0,1.0,1.0,1.0,1.0,1.0,50.0,0.0,0.0,0.0,0.0,1.0,1.0,0.3,0.525,0.0,0.55,0.35750000000000004,False,0,0
446,202512220518,1.0,1.0,1.0,1.0,56,m1,0,0,1.0,1.0,1.0,1.0,1.0,50.0,0.0,0.0,0.0,0.0,1.0,1.0,0.85,0.525,0.0,0.55,0.5225,False,0,0
447,202512220519,1.0,1.0,1.0,1.0,42,m1,0,0,1.0,1.0,1.0,1.0,1.0,50.0,0.0,0.0,0.0,0.0,1.0,1.0,0.65,0.525,0.0,0.55,0.4625,False,0,0
448,202512220520,1.0,1.0,1.0,1.0,50,m1,0,0,1.0,1.0,1.0,1.0,1.0,50.0,0.0,0.0,0.0,0.0,1.0,1.0,0.75,0.525,0.0,0.55,0.49249999999999994,False,0,0
449,202512220521,1.0,1.0,1.0,1.0,54,m1,0,0,1.0,1.0,1.0,1.0,1.0,50.0,0.0,0.0,0.0,0.0,1.0,1.0,0.85,0.525,0.0,0.55,0.5225,False,0,0
450,202512220522,1.0,1.0,1.0,1.0,36,m1,0,0,1.0,1.0,1.0,1.0,1.0,50.0,0.0,0.0,0.0,0.0,1.0,1.0,0.575,0.525,0.0,0.55,0.43999999999999995,False,0,0
451,202512220523,1.0,1.0,1.0,1.0,23,m1,0,0,1.0,1.0,1.0,1.0,1.0,50.0,0.0,0.0,0.0,0.0,1.0,1.0,0.2,0.525,0.0,0.55,0.3275,False,0,0
452,202512220524,1.0,1.0,1.0,1.0,75,m1,0,0,1.0,1.0,1.0,1.0,1.0,50.0,0.0,0.0,0.0,0.0,1.0,1.0,1.0,0.525,0.0,0.55,0.5675,False,0,0
453,202512220525,1.0,1.0,1.0,1.0,11,m1,0,0,1.0,1.0,1.0,1.0,1.0,50.0,0.0,0.0,0.0,0.0,1.0,1.0,0.05,0.525,0.0,0.55,0.2825,False,0,0
454,202512220526,1.0,1.0,1.0,1.0,17,m1,0,0,1.0,1.0,1.0,1.0,1.0,50.0,0.0,0.0,0.0,0.0,1.0,1.0,0.15,0.525,0.0,0.55,0.3125,False,0,0
455,202512220527,1.0,1.0,1.0,1.0,47,m1,0,0,1.0,1.0,1.0,1.0,1.0,50.0,0.0,0.0,0.0,0.0,1.0,1.0,0.75,0.525,0.0,0.55,0.49249999999999994,False,0,0
456,202512220528,1.0,1.0,1.0,1.0,42,m1,0,0,1.0,1.0,1.0,1.0,1.0,50.0,0.0,0.0,0.0,0.0,1.0,1.0,0.675,0.525,0.0,0.55,0.47,False,0,0
457,202512220529,1.0,1.0,1.0,1.0,41,m1,0,0,1.0,1.0,1.0,1.0,1.0,50.0,0.0,0.0,0.0,0.0,1.0,1.0,0.6,0.525,0.0,0.55,0.4475,False,0,0
458,202512220530,1.0,1.0,1.0,1.0,86,m1,0,0,1.0,1.0,1.0,1.0,1.0,50.0,0.0,0.0,0.0,0.0,1.0,1.0,1.0,0.525,0.0,0.55,0.5675,False,0,0
459,202512220531,1.0,1.0,1.0,1.0,64,m1,0,0,1.0,1.0,1.0,1.0,1.0,50.0,0.0,0.0,0.0,0.0,1.0,1.0,0.9,0.525,0.0,0.55,0.5375,False,0,0
460,202512220532,1.0,1.0,1.0,1.0,46,m1,0,0,1.0,1.0,1.0,1.0,1.0,50.0,0.0,0.0,0.0,0.0,1.0,1.0,0.65,0.525,0.0,0.55,0.4625,False,0,0
461,202512220533,1.0,1.0,1.0,1.0,26,m1,0,0,1.0,1.0,1.0,1.0,1.0,50.0,0.0,0.0,0.0,0.0,1.0,1.0,0.275,0.525,0.0,0.55,0.35,False,0,0
462,202512220534,1.0,1.0,1.0,1.0,37,m1,0,0,1.0,1.0,1.0,1.0,1.0,50.0,0.0,0.0,0.0,0.0,1.0,1.0,0.45,0.525,0.0,0.55,0.40249999999999997,False,0,0
463,202512220535,1.0,1.0,1.0,1.0,61,m1,0,0,1.0,1.0,1.0,1.0,1.0,50.0,0.0,0.0,0.0,0.0,1.0,1.0,0.85,0.525,0.0,0.55,0.5225,False,0,0
464,202512220536,1.0,1.0,1.0,1.0,58,m1,0,0,1.0,1.0,1.0,1.0,1.0,50.0,0.0,0.0,0.0,0.0,1.0,1.0,0.8,0.525,0.0,0.55,0.5075,False,0,0
465,202512220537,1.0,1.0,1.0,1.0,40,m1,0,0,1.0,1.0,1.0,1.0,1.0,50.0,0.0,0.0,0.0,0.0,1.0,1.0,0.35,0.525,0.0,0.55,0.37250000000000005,False,0,0
466,202512220538,1.0,1.0,1.0,1.0,72,m1,0,0,1.0,1.0,1.0,1.0,1.0,50.0,0.0,0.0,0.0,0.0,1.0,1.0,0.9,0.525,0.0,0.55,0.5375,False,0,0
467,202512220539,1.0,1.0,1.0,1.0,71,m1,0,0,1.0,1.0,1.0,1.0,1.0,50.0,0.0,0.0,0.0,0.0,1.0,1.0,0.85,0.525,0.0,0.55,0.5225,False,0,0
468,202512220540,1.0,1.0,1.0,1.0,126,m1,0,0,1.0,1.0,1.0,1.0,1.0,50.0,0.0,0.0,0.0,0.0,1.0,1.0,1.0,0.525,0.0,0.55,0.5675,False,0,0
469,202512220541,1.0,1.0,1.0,1.0,92,m1,0,0,1.0,1.0,1.0,1.0,1.0,50.0,0.0,0.0,0.0,0.0,1.0,1.0,0.95,0.525,0.0,0.55,0.5525,False,0,0
470,202512220542,1.0,1.0,1.0,1.0,63,m1,0,0,1.0,1.0,1.0,1.0,1.0,50.0,0.0,0.0,0.0,0.0,1.0,1.0,0.65,0.525,0.0,0.55,0.4625,False,0,0
471,202512220543,1.0,1.0,1.0,1.0,60,m1,0,0,1.0,1.0,1.0,1.0,1.0,50.0,0.0,0.0,0.0,0.0,1.0,1.0,0.55,0.525,0.0,0.55,0.4325,False,0,0
472,202512220544,1.0,1.0,1.0,1.0,20,m1,0,0,1.0,1.0,1.0,1.0,1.0,50.0,0.0,0.0,0.0,0.0,1.0,1.0,0.15,0.525,0.0,0.55,0.3125,False,0,0
473,202512220545,1.0,1.0,1.0,1.0,50,m1,0,0,1.0,1.0,1.0,1.0,1.0,50.0,0.0,0.0,0.0,0.0,1.0,1.0,0.5,0.525,0.0,0.55,0.4175,False,0,0
474,202512220546,1.0,1.0,1.0,1.0,43,m1,0,0,1.0,1.0,1.0,1.0,1.0,50.0,0.0,0.0,0.0,0.0,1.0,1.0,0.35,0.525,0.0,0.55,0.37250000000000005,False,0,0
475,202512220547,1.0,1.0,1.0,1.0,41,m1,0,0,1.0,1.0,1.0,1.0,1.0,50.0,0.0,0.0,0.0,0.0,1.0,1.0,0.275,0.525,0.0,0.55,0.35,False,0,0
476,202512220548,1.0,1.0,1.0,1.0,38,m1,0,0,1.0,1.0,1.0,1.0,1.0,50.0,0.0,0.0,0.0,0.0,1.0,1.0,0.2,0.525,0.0,0.55,0.3275,False,0,0
477,202512220549,1.0,1.0,1.0,1.0,45,m1,0,0,1.0,1.0,1.0,1.0,1.0,50.0,0.0,0.0,0.0,0.0,1.0,1.0,0.4,0.525,0.0,0.55,0.38749999999999996,False,0,0
478,202512220550,1.0,1.0,1.0,1.0,35,m1,0,0,1.0,1.0,1.0,1.0,1.0,50.0,0.0,0.0,0.0,0.0,1.0,1.0,0.15,0.525,0.0,0.55,0.3125,False,0,0
479,202512220551,1.0,1.0,1.0,1.0,27,m1,0,0,1.0,1.0,1.0,1.0,1.0,50.0,0.0,0.0,0.0,0.0,1.0,1.0,0.15,0.525,0.0,0.55,0.3125,False,0,0
480,202512220552,1.0,1.0,1.0,1.0,32,m1,0,0,1.0,1.0,1.0,1.0,1.0,50.0,0.0,0.0,0.0,0.0,1.0,1.0,0.2,0.525,0.0,0.55,0.3275,False,0,0
481,202512220553,1.0,1.0,1.0,1.0,32,m1,0,0,1.0,1.0,1.0,1.0,1.0,50.0,0.0,0.0,0.0,0.0,1.0,1.0,0.175,0.525,0.0,0.55,0.32,False,0,0
482,202512220554,1.0,1.0,1.0,1.0,19,m1,0,0,1.0,1.0,1.0,1.0,1.0,50.0,0.0,0.0,0.0,0.0,1.0,1.0,0.05,0.525,0.0,0.55,0.2825,False,0,0
483,202512220555,1.0,1.0,1.0,1.0,44,m1,0,0,1.0,1.0,1.0,1.0,1.0,50.0,0.0,0.0,0.0,0.0,1.0,1.0,0.55,0.525,0.0,0.55,0.4325,False,0,0
484,202512220556,1.0,1.0,1.0,1.0,34,m1,0,0,1.0,1.0,1.0,1.0,1.0,50.0,0.0,0.0,0.0,0.0,1.0,1.0,0.3,0.525,0.0,0.55,0.35750000000000004,False,0,0
485,202512220557,1.0,1.0,1.0,1.0,43,m1,0,0,1.0,1.0,1.0,1.0,1.0,50.0,0.0,0.0,0.0,0.0,1.0,1.0,0.525,0.525,0.0,0.55,0.42500000000000004,False,0,0
486,202512220558,1.0,1.0,1.0,1.0,45,m1,0,0,1.0,1.0,1.0,1.0,1.0,50.0,0.0,0.0,0.0,0.0,1.0,1.0,0.675,0.525,0.0,0.55,0.47,False,0,0
487,202512220559,1.0,1.0,1.0,1.0,51,m1,0,0,1.0,1.0,1.0,1.0,1.0,50.0,0.0,0.0,0.0,0.0,1.0,1.0,0.8,0.525,0.0,0.55,0.5075,False,0,0
488,202512220600,1.0,1.0,1.0,1.0,62,m1,0,0,1.0,1.0,1.0,1.0,1.0,50.0,0.0,0.0,0.0,0.0,1.0,1.0,0.9,0.525,0.0,0.55,0.5375,False,0,0
489,202512220601,1.0,1.0,1.0,1.0,58,m1,0,0,1.0,1.0,1.0,1.0,1.0,50.0,0.0,0.0,0.0,0.0,1.0,1.0,0.85,0.525,0.0,0.55,0.5225,False,0,0
490,202512220602,1.0,1.0,1.0,1.0,68,m1,0,0,1.0,1.0,1.0,1.0,1.0,50.0,0.0,0.0,0.0,0.0,1.0,1.0,1.0,0.525,0.0,0.55,0.5675,False,0,0
491,202512220603,1.0,1.0,1.0,1.0,36,m1,0,0,1.0,1.0,1.0,1.0,1.0,50.0,0.0,0.0,0.0,0.0,1.0,1.0,0.4,0.525,0.0,0.55,0.38749999999999996,False,0,0
492,202512220604,1.0,1.0,1.0,1.0,38,m1,0,0,1.0,1.0,1.0,1.0,1.0,50.0,0.0,0.0,0.0,0.0,1.0,1.0,0.425,0.525,0.0,0.55,0.395,False,0,0
493,202512220605,1.0,1.0,1.0,1.0,38,m1,0,0,1.0,1.0,1.0,1.0,1.0,50.0,0.0,0.0,0.0,0.0,1.0,1.0,0.45,0.525,0.0,0.55,0.40249999999999997,False,0,0
494,202512220606,1.0,1.0,1.0,1.0,12,m1,0,0,1.0,1.0,1.0,1.0,1.0,50.0,0.0,0.0,0.0,0.0,1.0,1.0,0.05,0.525,0.0,0.55,0.2825,False,0,0
495,202512220607,1.0,1.0,1.0,1.0,46,m1,0,0,1.0,1.0,1.0,1.0,1.0,50.0,0.0,0.0,0.0,0.0,1.0,1.0,0.8,0.525,0.0,0.55,0.5075,False,0,0
496,202512220608,1.0,1.0,1.0,1.0,46,m1,0,0,1.0,1.0,1.0,1.0,1.0,50.0,0.0,0.0,0.0,0.0,1.0,1.0,0.775,0.525,0.0,0.55,0.5,False,0,0
497,202512220609,1.0,1.0,1.0,1.0,41,m1,0,0,1.0,1.0,1.0,1.0,1.0,50.0,0.0,0.0,0.0,0.0,1.0,1.0,0.55,0.525,0.0,0.55,0.4325,False,0,0
498,202512220610,1.0,1.0,1.0,1.0,50,m1,0,0,1.0,1.0,1.0,1.0,1.0,50.0,0.0,0.0,0.0,0.0,1.0,1.0,0.8,0.525,0.0,0.55,0.5075,False,0,0
499,202512220611,1.0,1.0,1.0,1.0,88,m1,0,0,1.0,1.0,1.0,1.0,1.0,50.0,0.0,0.0,0.0,0.0,1.0,1.0,1.0,0.525,0.0,0.55,0.5675,False,0,0
500,202512220612,1.0,1.0,1.0,1.0,39,m1,0,0,1.0,1.0,1.0,1.0,1.0,50.0,0.0,0.0,0.0,0.0,1.0,1.0,0.4,0.525,0.0,0.55,0.38749999999999996,False,0,0
501,202512220613,1.0,1.0,1.0,1.0,56,m1,0,0,1.0,1.0,1.0,1.0,1.0,50.0,0.0,0.0,0.0,0.0,1.0,1.0,0.8,0.525,0.0,0.55,0.5075,False,0,0
502,202512220614,1.0,1.0,1.0,1.0,29,m1,0,0,1.0,1.0,1.0,1.0,1.0,50.0,0.0,0.0,0.0,0.0,1.0,1.0,0.1,0.525,0.0,0.55,0.2975,False,0,0
503,202512220615,1.0,1.0,1.0,1.0,36,m1,0,0,1.0,1.0,1.0,1.0,1.0,50.0,0.0,0.0,0.0,0.0,1.0,1.0,0.225,0.525,0.0,0.55,0.335,False,0,0
504,202512220616,1.0,1.0,1.0,1.0,57,m1,0,0,1.0,1.0,1.0,1.0,1.0,50.0,0.0,0.0,0.0,0.0,1.0,1.0,0.8,0.525,0.0,0.55,0.5075,False,0,0
505,202512220617,1.0,1.0,1.0,1.0,32,m1,0,0,1.0,1.0,1.0,1.0,1.0,50.0,0.0,0.0,0.0,0.0,1.0,1.0,0.15,0.525,0.0,0.55,0.3125,False,0,0
506,202512220618,1.0,1.0,1.0,1.0,65,m1,0,0,1.0,1.0,1.0,1.0,1.0,50.0,0.0,0.0,0.0,0.0,1.0,1.0,0.9,0.525,0.0,0.55,0.5375,False,0,0
507,202512220619,1.0,1.0,1.0,1.0,23,m1,0,0,1.0,1.0,1.0,1.0,1.0,50.0,0.0,0.0,0.0,0.0,1.0,1.0,0.1,0.525,0.0,0.55,0.2975,False,0,0
508,202512220620,1.0,1.0,1.0,1.0,90,m1,0,0,1.0,1.0,1.0,1.0,1.0,50.0,0.0,0.0,0.0,0.0,1.0,1.0,1.0,0.525,0.0,0.55,0.5675,False,0,0
509,202512220621,1.0,1.0,1.0,1.0,71,m1,0,0,1.0,1.0,1.0,1.0,1.0,50.0,0.0,0.0,0.0,0.0,1.0,1.0,0.9,0.525,0.0,0.55,0.5375,False,0,0
510,202512220622,1.0,1.0,1.0,1.0,82,m1,0,0,1.0,1.0,1.0,1.0,1.0,50.0,0.0,0.0,0.0,0.0,1.0,1.0,0.9,0.525,0.0,0.55,0.5375,False,0,0
511,202512220623,1.0,1.0,1.0,1.0,57,m1,0,0,1.0,1.0,1.0,1.0,1.0,50.0,0.0,0.0,0.0,0.0,1.0,1.0,0.725,0.525,0.0,0.55,0.485,False,0,0
512,202512220624,1.0,1.0,1.0,1.0,38,m1,0,0,1.0,1.0,1.0,1.0,1.0,50.0,0.0,0.0,0.0,0.0,1.0,1.0,0.325,0.525,0.0,0.55,0.365,False,0,0
513,202512220625,1.0,1.0,1.0,1.0,40,m1,0,0,1.0,1.0,1.0,1.0,1.0,50.0,0.0,0.0,0.0,0.0,1.0,1.0,0.4,0.525,0.0,0.55,0.38749999999999996,False,0,0
514,202512220626,1.0,1.0,1.0,1.0,72,m1,0,0,1.0,1.0,1.0,1.0,1.0,50.0,0.0,0.0,0.0,0.0,1.0,1.0,0.85,0.525,0.0,0.55,0.5225,False,0,0
515,202512220627,1.0,1.0,1.0,1.0,55,m1,0,0,1.0,1.0,1.0,1.0,1.0,50.0,0.0,0.0,0.0,0.0,1.0,1.0,0.55,0.525,0.0,0.55,0.4325,False,0,0
516,202512220628,1.0,1.0,1.0,1.0,93,m1,0,0,1.0,1.0,1.0,1.0,1.0,50.0,0.0,0.0,0.0,0.0,1.0,1.0,1.0,0.525,0.0,0.55,0.5675,False,0,0
517,202512220629,1.0,1.0,1.0,1.0,77,m1,0,0,1.0,1.0,1.0,1.0,1.0,50.0,0.0,0.0,0.0,0.0,1.0,1.0,0.8,0.525,0.0,0.55,0.5075,False,0,0
518,202512220630,1.0,1.0,1.0,1.0,57,m1,0,0,1.0,1.0,1.0,1.0,1.0,50.0,0.0,0.0,0.0,0.0,1.0,1.0,0.55,0.525,0.0,0.55,0.4325,False,0,0
519,202512220631,1.0,1.0,1.0,1.0,77,m1,0,0,1.0,1.0,1.0,1.0,1.0,50.0,0.0,0.0,0.0,0.0,1.0,1.0,0.825,0.525,0.0,0.55,0.515,False,0,0
520,202512220632,1.0,1.0,1.0,1.0,52,m1,0,0,1.0,1.0,1.0,1.0,1.0,50.0,0.0,0.0,0.0,0.0,1.0,1.0,0.35,0.525,0.0,0.55,0.37250000000000005,False,0,0
521,202512220633,1.0,1.0,1.0,1.0,57,m1,0,0,1.0,1.0,1.0,1.0,1.0,50.0,0.0,0.0,0.0,0.0,1.0,1.0,0.525,0.525,0.0,0.55,0.42500000000000004,False,0,0
522,202512220634,1.0,1.0,1.0,1.0,31,m1,0,0,1.0,1.0,1.0,1.0,1.0,50.0,0.0,0.0,0.0,0.0,1.0,1.0,0.1,0.525,0.0,0.55,0.2975,False,0,0
523,202512220635,1.0,1.0,1.0,1.0,75,m1,0,0,1.0,1.0,1.0,1.0,1.0,50.0,0.0,0.0,0.0,0.0,1.0,1.0,0.75,0.525,0.0,0.55,0.49249999999999994,False,0,0
524,202512220636,1.0,1.0,1.0,1.0,45,m1,0,0,1.0,1.0,1.0,1.0,1.0,50.0,0.0,0.0,0.0,0.0,1.0,1.0,0.3,0.525,0.0,0.55,0.35750000000000004,False,0,0
525,202512220637,1.0,1.0,1.0,1.0,76,m1,0,0,1.0,1.0,1.0,1.0,1.0,50.0,0.0,0.0,0.0,0.0,1.0,1.0,0.75,0.525,0.0,0.55,0.49249999999999994,False,0,0
526,202512220638,1.0,1.0,1.0,1.0,52,m1,0,0,1.0,1.0,1.0,1.0,1.0,50.0,0.0,0.0,0.0,0.0,1.0,1.0,0.325,0.525,0.0,0.55,0.365,False,0,0
527,202512220639,1.0,1.0,1.0,1.0,56,m1,0,0,1.0,1.0,1.0,1.0,1.0,50.0,0.0,0.0,0.0,0.0,1.0,1.0,0.4,0.525,0.0,0.55,0.38749999999999996,False,0,0
528,202512220640,1.0,1.0,1.0,1.0,61,m1,0,0,1.0,1.0,1.0,1.0,1.0,50.0,0.0,0.0,0.0,0.0,1.0,1.0,0.6,0.525,0.0,0.55,0.4475,False,0,0
529,202512220641,1.0,1.0,1.0,1.0,35,m1,0,0,1.0,1.0,1.0,1.0,1.0,50.0,0.0,0.0,0.0,0.0,1.0,1.0,0.1,0.525,0.0,0.55,0.2975,False,0,0
530,202512220642,1.0,1.0,1.0,1.0,44,m1,0,0,1.0,1.0,1.0,1.0,1.0,50.0,0.0,0.0,0.0,0.0,1.0,1.0,0.25,0.525,0.0,0.55,0.3425,False,0,0
531,202512220643,1.0,1.0,1.0,1.0,66,m1,0,0,1.0,1.0,1.0,1.0,1.0,50.0,0.0,0.0,0.0,0.0,1.0,1.0,0.7,0.525,0.0,0.55,0.47750000000000004,False,0,0
532,202512220644,1.0,1.0,1.0,1.0,61,m1,0,0,1.0,1.0,1.0,1.0,1.0,50.0,0.0,0.0,0.0,0.0,1.0,1.0,0.625,0.525,0.0,0.55,0.45499999999999996,False,0,0
533,202512220645,1.0,1.0,1.0,1.0,38,m1,0,0,1.0,1.0,1.0,1.0,1.0,50.0,0.0,0.0,0.0,0.0,1.0,1.0,0.15,0.525,0.0,0.55,0.3125,False,0,0
534,202512220646,1.0,1.0,1.0,1.0,49,m1,0,0,1.0,1.0,1.0,1.0,1.0,50.0,0.0,0.0,0.0,0.0,1.0,1.0,0.3,0.525,0.0,0.55,0.35750000000000004,False,0,0
535,202512220647,1.0,1.0,1.0,1.0,55,m1,0,0,1.0,1.0,1.0,1.0,1.0,50.0,0.0,0.0,0.0,0.0,1.0,1.0,0.45,0.525,0.0,0.55,0.40249999999999997,False,0,0
536,202512220648,1.0,1.0,1.0,1.0,48,m1,0,0,1.0,1.0,1.0,1.0,1.0,50.0,0.0,0.0,0.0,0.0,1.0,1.0,0.3,0.525,0.0,0.55,0.35750000000000004,False,0,0
537,202512220649,1.0,1.0,1.0,1.0,51,m1,0,0,1.0,1.0,1.0,1.0,1.0,50.0,0.0,0.0,0.0,0.0,1.0,1.0,0.4,0.525,0.0,0.55,0.38749999999999996,False,0,0
538,202512220650,1.0,1.0,1.0,1.0,26,m1,0,0,1.0,1.0,1.0,1.0,1.0,50.0,0.0,0.0,0.0,0.0,1.0,1.0,0.05,0.525,0.0,0.55,0.2825,False,0,0
539,202512220651,1.0,1.0,1.0,1.0,15,m1,0,0,1.0,1.0,1.0,1.0,1.0,50.0,0.0,0.0,0.0,0.0,1.0,1.0,0.05,0.525,0.0,0.55,0.2825,False,0,0
540,202512220652,1.0,1.0,1.0,1.0,101,m1,0,0,1.0,1.0,1.0,1.0,1.0,50.0,0.0,0.0,0.0,0.0,1.0,1.0,1.0,0.525,0.0,0.55,0.5675,False,0,0
541,202512220653,1.0,1.0,1.0,1.0,55,m1,0,0,1.0,1.0,1.0,1.0,1.0,50.0,0.0,0.0,0.0,0.0,1.0,1.0,0.625,0.525,0.0,0.55,0.45499999999999996,False,0,0
542,202512220654,1.0,1.0,1.0,1.0,46,m1,0,0,1.0,1.0,1.0,1.0,1.0,50.0,0.0,0.0,0.0,0.0,1.0,1.0,0.35,0.525,0.0,0.55,0.37250000000000005,False,0,0
543,202512220655,1.0,1.0,1.0,1.0,67,m1,0,0,1.0,1.0,1.0,1.0,1.0,50.0,0.0,0.0,0.0,0.0,1.0,1.0,0.9,0.525,0.0,0.55,0.5375,False,0,0
544,202512220656,1.0,1.0,1.0,1.0,14,m1,0,0,1.0,1.0,1.0,1.0,1.0,50.0,0.0,0.0,0.0,0.0,1.0,1.0,0.05,0.525,0.0,0.55,0.2825,False,0,0
545,202512220657,1.0,1.0,1.0,1.0,43,m1,0,0,1.0,1.0,1.0,1.0,1.0,50.0,0.0,0.0,0.0,0.0,1.0,1.0,0.3,0.525,0.0,0.55,0.35750000000000004,False,0,0
546,202512220658,1.0,1.0,1.0,1.0,35,m1,0,0,1.0,1.0,1.0,1.0,1.0,50.0,0.0,0.0,0.0,0.0,1.0,1.0,0.225,0.525,0.0,0.55,0.335,False,0,0
547,202512220659,1.0,1.0,1.0,1.0,56,m1,0,0,1.0,1.0,1.0,1.0,1.0,50.0,0.0,0.0,0.0,0.0,1.0,1.0,0.75,0.525,0.0,0.55,0.49249999999999994,False,0,0
548,202512220700,1.0,1.0,1.0,1.0,172,m1,0,0,1.0,1.0,1.0,1.0,1.0,50.0,0.0,0.0,0.0,0.0,1.0,1.0,1.0,0.525,0.0,0.55,0.5675,False,0,0
549,202512220701,1.0,1.0,1.0,1.0,112,m1,0,0,1.0,1.0,1.0,1.0,1.0,50.0,0.0,0.0,0.0,0.0,1.0,1.0,0.95,0.525,0.0,0.55,0.5525,False,0,0
550,202512220702,1.0,1.0,1.0,1.0,69,m1,0,0,1.0,1.0,1.0,1.0,1.0,50.0,0.0,0.0,0.0,0.0,1.0,1.0,0.85,0.525,0.0,0.55,0.5225,False,0,0
551,202512220703,1.0,1.0,1.0,1.0,162,m1,0,0,1.0,1.0,1.0,1.0,1.0,50.0,0.0,0.0,0.0,0.0,1.0,1.0,0.95,0.525,0.0,0.55,0.5525,False,0,0
552,202512220704,1.0,1.0,1.0,1.0,78,m1,0,0,1.0,1.0,1.0,1.0,1.0,50.0,0.0,0.0,0.0,0.0,1.0,1.0,0.8,0.525,0.0,0.55,0.5075,False,0,0
553,202512220705,1.0,1.0,1.0,1.0,58,m1,0,0,1.0,1.0,1.0,1.0,1.0,50.0,0.0,0.0,0.0,0.0,1.0,1.0,0.65,0.525,0.0,0.55,0.4625,False,0,0
554,202512220706,1.0,1.0,1.0,1.0,95,m1,0,0,1.0,1.0,1.0,1.0,1.0,50.0,0.0,0.0,0.0,0.0,1.0,1.0,0.8,0.525,0.0,0.55,0.5075,False,0,0
555,202512220707,1.0,1.0,1.0,1.0,83,m1,0,0,1.0,1.0,1.0,1.0,1.0,50.0,0.0,0.0,0.0,0.0,1.0,1.0,0.75,0.525,0.0,0.55,0.49249999999999994,False,0,0
556,202512220708,1.0,1.0,1.0,1.0,67,m1,0,0,1.0,1.0,1.0,1.0,1.0,50.0,0.0,0.0,0.0,0.0,1.0,1.0,0.575,0.525,0.0,0.55,0.43999999999999995,False,0,0
557,202512220709,1.0,1.0,1.0,1.0,49,m1,0,0,1.0,1.0,1.0,1.0,1.0,50.0,0.0,0.0,0.0,0.0,1.0,1.0,0.35,0.525,0.0,0.55,0.37250000000000005,False,0,0
558,202512220710,1.0,1.0,1.0,1.0,70,m1,0,0,1.0,1.0,1.0,1.0,1.0,50.0,0.0,0.0,0.0,0.0,1.0,1.0,0.65,0.525,0.0,0.55,0.4625,False,0,0
559,202512220711,1.0,1.0,1.0,1.0,41,m1,0,0,1.0,1.0,1.0,1.0,1.0,50.0,0.0,0.0,0.0,0.0,1.0,1.0,0.15,0.525,0.0,0.55,0.3125,False,0,0
560,202512220712,1.0,1.0,1.0,1.0,68,m1,0,0,1.0,1.0,1.0,1.0,1.0,50.0,0.0,0.0,0.0,0.0,1.0,1.0,0.6,0.525,0.0,0.55,0.4475,False,0,0
561,202512220713,1.0,1.0,1.0,1.0,63,m1,0,0,1.0,1.0,1.0,1.0,1.0,50.0,0.0,0.0,0.0,0.0,1.0,1.0,0.45,0.525,0.0,0.55,0.40249999999999997,False,0,0
562,202512220714,1.0,1.0,1.0,1.0,39,m1,0,0,1.0,1.0,1.0,1.0,1.0,50.0,0.0,0.0,0.0,0.0,1.0,1.0,0.15,0.525,0.0,0.55,0.3125,False,0,0
563,202512220715,1.0,1.0,1.0,1.0,63,m1,0,0,1.0,1.0,1.0,1.0,1.0,50.0,0.0,0.0,0.0,0.0,1.0,1.0,0.475,0.525,0.0,0.55,0.41000000000000003,False,0,0
564,202512220716,1.0,1.0,1.0,1.0,73,m1,0,0,1.0,1.0,1.0,1.0,1.0,50.0,0.0,0.0,0.0,0.0,1.0,1.0,0.7,0.525,0.0,0.55,0.47750000000000004,False,0,0
565,202512220717,1.0,1.0,1.0,1.0,57,m1,0,0,1.0,1.0,1.0,1.0,1.0,50.0,0.0,0.0,0.0,0.0,1.0,1.0,0.3,0.525,0.0,0.55,0.35750000000000004,False,0,0
566,202512220718,1.0,1.0,1.0,1.0,71,m1,0,0,1.0,1.0,1.0,1.0,1.0,50.0,0.0,0.0,0.0,0.0,1.0,1.0,0.65,0.525,0.0,0.55,0.4625,False,0,0
567,202512220719,1.0,1.0,1.0,1.0,56,m1,0,0,1.0,1.0,1.0,1.0,1.0,50.0,0.0,0.0,0.0,0.0,1.0,1.0,0.2,0.525,0.0,0.55,0.3275,False,0,0
568,202512220720,1.0,1.0,1.0,1.0,57,m1,0,0,1.0,1.0,1.0,1.0,1.0,50.0,0.0,0.0,0.0,0.0,1.0,1.0,0.275,0.525,0.0,0.55,0.35,False,0,0
569,202512220721,1.0,1.0,1.0,1.0,90,m1,0,0,1.0,1.0,1.0,1.0,1.0,50.0,0.0,0.0,0.0,0.0,1.0,1.0,0.9,0.525,0.0,0.55,0.5375,False,0,0
570,202512220722,1.0,1.0,1.0,1.0,89,m1,0,0,1.0,1.0,1.0,1.0,1.0,50.0,0.0,0.0,0.0,0.0,1.0,1.0,0.85,0.525,0.0,0.55,0.5225,False,0,0
571,202512220723,1.0,1.0,1.0,1.0,139,m1,0,0,1.0,1.0,1.0,1.0,1.0,50.0,0.0,0.0,0.0,0.0,1.0,1.0,1.0,0.525,0.0,0.55,0.5675,False,0,0
572,202512220724,1.0,1.0,1.0,1.0,126,m1,0,0,1.0,1.0,1.0,1.0,1.0,50.0,0.0,0.0,0.0,0.0,1.0,1.0,0.95,0.525,0.0,0.55,0.5525,False,0,0
573,202512220725,1.0,1.0,1.0,1.0,91,m1,0,0,1.0,1.0,1.0,1.0,1.0,50.0,0.0,0.0,0.0,0.0,1.0,1.0,0.85,0.525,0.0,0.55,0.5225,False,0,0
574,202512220726,1.0,1.0,1.0,1.0,79,m1,0,0,1.0,1.0,1.0,1.0,1.0,50.0,0.0,0.0,0.0,0.0,1.0,1.0,0.7,0.525,0.0,0.55,0.47750000000000004,False,0,0
575,202512220727,1.0,1.0,1.0,1.0,49,m1,0,0,1.0,1.0,1.0,1.0,1.0,50.0,0.0,0.0,0.0,0.0,1.0,1.0,0.175,0.525,0.0,0.55,0.32,False,0,0
576,202512220728,1.0,1.0,1.0,1.0,56,m1,0,0,1.0,1.0,1.0,1.0,1.0,50.0,0.0,0.0,0.0,0.0,1.0,1.0,0.275,0.525,0.0,0.55,0.35,False,0,0
577,202512220729,1.0,1.0,1.0,1.0,50,m1,0,0,1.0,1.0,1.0,1.0,1.0,50.0,0.0,0.0,0.0,0.0,1.0,1.0,0.2,0.525,0.0,0.55,0.3275,False,0,0
578,202512220730,1.0,1.0,1.0,1.0,133,m1,0,0,1.0,1.0,1.0,1.0,1.0,50.0,0.0,0.0,0.0,0.0,1.0,1.0,0.95,0.525,0.0,0.55,0.5525,False,0,0
579,202512220731,1.0,1.0,1.0,1.0,64,m1,0,0,1.0,1.0,1.0,1.0,1.0,50.0,0.0,0.0,0.0,0.0,1.0,1.0,0.5,0.525,0.0,0.55,0.4175,False,0,0
580,202512220732,1.0,1.0,1.0,1.0,117,m1,0,0,1.0,1.0,1.0,1.0,1.0,50.0,0.0,0.0,0.0,0.0,1.0,1.0,0.85,0.525,0.0,0.55,0.5225,False,0,0
581,202512220733,1.0,1.0,1.0,1.0,80,m1,0,0,1.0,1.0,1.0,1.0,1.0,50.0,0.0,0.0,0.0,0.0,1.0,1.0,0.65,0.525,0.0,0.55,0.4625,False,0,0
582,202512220734,1.0,1.0,1.0,1.0,127,m1,0,0,1.0,1.0,1.0,1.0,1.0,50.0,0.0,0.0,0.0,0.0,1.0,1.0,0.9,0.525,0.0,0.55,0.5375,False,0,0
583,202512220735,1.0,1.0,1.0,1.0,81,m1,0,0,1.0,1.0,1.0,1.0,1.0,50.0,0.0,0.0,0.0,0.0,1.0,1.0,0.6,0.525,0.0,0.55,0.4475,False,0,0
584,202512220736,1.0,1.0,1.0,1.0,88,m1,0,0,1.0,1.0,1.0,1.0,1.0,50.0,0.0,0.0,0.0,0.0,1.0,1.0,0.6,0.525,0.0,0.55,0.4475,False,0,0
585,202512220737,1.0,1.0,1.0,1.0,79,m1,0,0,1.0,1.0,1.0,1.0,1.0,50.0,0.0,0.0,0.0,0.0,1.0,1.0,0.425,0.525,0.0,0.55,0.395,False,0,0
586,202512220738,1.0,1.0,1.0,1.0,61,m1,0,0,1.0,1.0,1.0,1.0,1.0,50.0,0.0,0.0,0.0,0.0,1.0,1.0,0.3,0.525,0.0,0.55,0.35750000000000004,False,0,0
587,202512220739,1.0,1.0,1.0,1.0,76,m1,0,0,1.0,1.0,1.0,1.0,1.0,50.0,0.0,0.0,0.0,0.0,1.0,1.0,0.35,0.525,0.0,0.55,0.37250000000000005,False,0,0
588,202512220740,1.0,1.0,1.0,1.0,78,m1,0,0,1.0,1.0,1.0,1.0,1.0,50.0,0.0,0.0,0.0,0.0,1.0,1.0,0.35,0.525,0.0,0.55,0.37250000000000005,False,0,0
589,202512220741,1.0,1.0,1.0,1.0,49,m1,0,0,1.0,1.0,1.0,1.0,1.0,50.0,0.0,0.0,0.0,0.0,1.0,1.0,0.075,0.525,0.0,0.55,0.29000000000000004,False,0,0
590,202512220742,1.0,1.0,1.0,1.0,81,m1,0,0,1.0,1.0,1.0,1.0,1.0,50.0,0.0,0.0,0.0,0.0,1.0,1.0,0.625,0.525,0.0,0.55,0.45499999999999996,False,0,0
591,202512220743,1.0,1.0,1.0,1.0,50,m1,0,0,1.0,1.0,1.0,1.0,1.0,50.0,0.0,0.0,0.0,0.0,1.0,1.0,0.175,0.525,0.0,0.55,0.32,False,0,0
592,202512220744,1.0,1.0,1.0,1.0,75,m1,0,0,1.0,1.0,1.0,1.0,1.0,50.0,0.0,0.0,0.0,0.0,1.0,1.0,0.4,0.525,0.0,0.55,0.38749999999999996,False,0,0
593,202512220745,1.0,1.0,1.0,1.0,50,m1,0,0,1.0,1.0,1.0,1.0,1.0,50.0,0.0,0.0,0.0,0.0,1.0,1.0,0.2,0.525,0.0,0.55,0.3275,False,0,0
594,202512220746,1.0,1.0,1.0,1.0,32,m1,0,0,1.0,1.0,1.0,1.0,1.0,50.0,0.0,0.0,0.0,0.0,1.0,1.0,0.05,0.525,0.0,0.55,0.2825,False,0,0
595,202512220747,1.0,1.0,1.0,1.0,88,m1,0,0,1.0,1.0,1.0,1.0,1.0,50.0,0.0,0.0,0.0,0.0,1.0,1.0,0.825,0.525,0.0,0.55,0.515,False,0,0
596,202512220748,1.0,1.0,1.0,1.0,82,m1,0,0,1.0,1.0,1.0,1.0,1.0,50.0,0.0,0.0,0.0,0.0,1.0,1.0,0.75,0.525,0.0,0.55,0.49249999999999994,False,0,0
597,202512220749,1.0,1.0,1.0,1.0,50,m1,0,0,1.0,1.0,1.0,1.0,1.0,50.0,0.0,0.0,0.0,0.0,1.0,1.0,0.2,0.525,0.0,0.55,0.3275,False,0,0
598,202512220750,1.0,1.0,1.0,1.0,142,m1,0,0,1.0,1.0,1.0,1.0,1.0,50.0,0.0,0.0,0.0,0.0,1.0,1.0,1.0,0.525,0.0,0.55,0.5675,False,0,0
599,202512220751,1.0,1.0,1.0,1.0,124,m1,0,0,1.0,1.0,1.0,1.0,1.0,50.0,0.0,0.0,0.0,0.0,1.0,1.0,0.9,0.525,0.0,0.55,0.5375,False,0,0
600,202512220752,1.0,1.0,1.0,1.0,139,m1,0,0,1.0,1.0,1.0,1.0,1.0,50.0,0.0,0.0,0.0,0.0,1.0,1.0,0.95,0.525,0.0,0.55,0.5525,False,0,0
601,202512220753,1.0,1.0,1.0,1.0,228,m1,0,0,1.0,1.0,1.0,1.0,1.0,50.0,0.0,0.0,0.0,0.0,1.0,1.0,1.0,0.525,0.0,0.55,0.5675,False,0,0
602,202512220754,1.0,1.0,1.0,1.0,114,m1,0,0,1.0,1.0,1.0,1.0,1.0,50.0,0.0,0.0,0.0,0.0,1.0,1.0,0.8,0.525,0.0,0.55,0.5075,False,0,0
603,202512220755,1.0,1.0,1.0,1.0,104,m1,0,0,1.0,1.0,1.0,1.0,1.0,50.0,0.0,0.0,0.0,0.0,1.0,1.0,0.75,0.525,0.0,0.55,0.49249999999999994,False,0,0
604,202512220756,1.0,1.0,1.0,1.0,178,m1,0,0,1.0,1.0,1.0,1.0,1.0,50.0,0.0,0.0,0.0,0.0,1.0,1.0,0.95,0.525,0.0,0.55,0.5525,False,0,0
605,202512220757,1.0,1.0,1.0,1.0,171,m1,0,0,1.0,1.0,1.0,1.0,1.0,50.0,0.0,0.0,0.0,0.0,1.0,1.0,0.9,0.525,0.0,0.55,0.5375,False,0,0
606,202512220758,1.0,1.0,1.0,1.0,101,m1,0,0,1.0,1.0,1.0,1.0,1.0,50.0,0.0,0.0,0.0,0.0,1.0,1.0,0.6,0.525,0.0,0.55,0.4475,False,0,0
607,202512220759,1.0,1.0,1.0,1.0,211,m1,0,0,1.0,1.0,1.0,1.0,1.0,50.0,0.0,0.0,0.0,0.0,1.0,1.0,0.95,0.525,0.0,0.55,0.5525,False,0,0
608,202512220800,1.0,1.0,1.0,1.0,275,m1,0,0,1.0,1.0,1.0,1.0,1.0,50.0,0.0,0.0,0.0,0.0,1.0,1.0,1.0,0.525,0.0,0.55,0.5675,False,0,0
609,202512220801,1.0,1.0,1.0,1.0,217,m1,0,0,1.0,1.0,1.0,1.0,1.0,50.0,0.0,0.0,0.0,0.0,1.0,1.0,0.9,0.525,0.0,0.55,0.5375,False,0,0
610,202512220802,1.0,1.0,1.0,1.0,229,m1,0,0,1.0,1.0,1.0,1.0,1.0,50.0,0.0,0.0,0.0,0.0,1.0,1.0,0.95,0.525,0.0,0.55,0.5525,False,0,0
611,202512220803,1.0,1.0,1.0,1.0,143,m1,0,0,1.0,1.0,1.0,1.0,1.0,50.0,0.0,0.0,0.0,0.0,1.0,1.0,0.65,0.525,0.0,0.55,0.4625,False,0,0
612,202512220804,1.0,1.0,1.0,1.0,155,m1,0,0,1.0,1.0,1.0,1.0,1.0,50.0,0.0,0.0,0.0,0.0,1.0,1.0,0.65,0.525,0.0,0.55,0.4625,False,0,0
613,202512220805,1.0,1.0,1.0,1.0,111,m1,0,0,1.0,1.0,1.0,1.0,1.0,50.0,0.0,0.0,0.0,0.0,1.0,1.0,0.35,0.525,0.0,0.55,0.37250000000000005,False,0,0
614,202512220806,1.0,1.0,1.0,1.0,177,m1,0,0,1.0,1.0,1.0,1.0,1.0,50.0,0.0,0.0,0.0,0.0,1.0,1.0,0.7,0.525,0.0,0.55,0.47750000000000004,False,0,0
615,202512220807,1.0,1.0,1.0,1.0,187,m1,0,0,1.0,1.0,1.0,1.0,1.0,50.0,0.0,0.0,0.0,0.0,1.0,1.0,0.75,0.525,0.0,0.55,0.49249999999999994,False,0,0
616,202512220808,1.0,1.0,1.0,1.0,106,m1,0,0,1.0,1.0,1.0,1.0,1.0,50.0,0.0,0.0,0.0,0.0,1.0,1.0,0.2,0.525,0.0,0.55,0.3275,False,0,0
617,202512220809,1.0,1.0,1.0,1.0,137,m1,0,0,1.0,1.0,1.0,1.0,1.0,50.0,0.0,0.0,0.0,0.0,1.0,1.0,0.35,0.525,0.0,0.55,0.37250000000000005,False,0,0
618,202512220810,1.0,1.0,1.0,1.0,164,m1,0,0,1.0,1.0,1.0,1.0,1.0,50.0,0.0,0.0,0.0,0.0,1.0,1.0,0.55,0.525,0.0,0.55,0.4325,False,0,0
619,202512220811,1.0,1.0,1.0,1.0,121,m1,0,0,1.0,1.0,1.0,1.0,1.0,50.0,0.0,0.0,0.0,0.0,1.0,1.0,0.3,0.525,0.0,0.55,0.35750000000000004,False,0,0
620,202512220812,1.0,1.0,1.0,1.0,65,m1,0,0,1.0,1.0,1.0,1.0,1.0,50.0,0.0,0.0,0.0,0.0,1.0,1.0,0.05,0.525,0.0,0.55,0.2825,False,0,0
621,202512220813,1.0,1.0,1.0,1.0,110,m1,0,0,1.0,1.0,1.0,1.0,1.0,50.0,0.0,0.0,0.0,0.0,1.0,1.0,0.25,0.525,0.0,0.55,0.3425,False,0,0
622,202512220814,1.0,1.0,1.0,1.0,143,m1,0,0,1.0,1.0,1.0,1.0,1.0,50.0,0.0,0.0,0.0,0.0,1.0,1.0,0.475,0.525,0.0,0.55,0.41000000000000003,False,0,0
623,202512220815,1.0,1.0,1.0,1.0,112,m1,0,0,1.0,1.0,1.0,1.0,1.0,50.0,0.0,0.0,0.0,0.0,1.0,1.0,0.3,0.525,0.0,0.55,0.35750000000000004,False,0,0
624,202512220816,1.0,1.0,1.0,1.0,135,m1,0,0,1.0,1.0,1.0,1.0,1.0,50.0,0.0,0.0,0.0,0.0,1.0,1.0,0.4,0.525,0.0,0.55,0.38749999999999996,False,0,0
625,202512220817,1.0,1.0,1.0,1.0,159,m1,0,0,1.0,1.0,1.0,1.0,1.0,50.0,0.0,0.0,0.0,0.0,1.0,1.0,0.65,0.525,0.0,0.55,0.4625,False,0,0
626,202512220818,1.0,1.0,1.0,1.0,105,m1,0,0,1.0,1.0,1.0,1.0,1.0,50.0,0.0,0.0,0.0,0.0,1.0,1.0,0.1,0.525,0.0,0.55,0.2975,False,0,0
627,202512220819,1.0,1.0,1.0,1.0,167,m1,0,0,1.0,1.0,1.0,1.0,1.0,50.0,0.0,0.0,0.0,0.0,1.0,1.0,0.75,0.525,0.0,0.55,0.49249999999999994,False,0,0
628,202512220820,1.0,1.0,1.0,1.0,113,m1,0,0,1.0,1.0,1.0,1.0,1.0,50.0,0.0,0.0,0.0,0.0,1.0,1.0,0.35,0.525,0.0,0.55,0.37250000000000005,False,0,0
629,202512220821,1.0,1.0,1.0,1.0,104,m1,0,0,1.0,1.0,1.0,1.0,1.0,50.0,0.0,0.0,0.0,0.0,1.0,1.0,0.1,0.525,0.0,0.55,0.2975,False,0,0
630,202512220822,1.0,1.0,1.0,1.0,182,m1,0,0,1.0,1.0,1.0,1.0,1.0,50.0,0.0,0.0,0.0,0.0,1.0,1.0,0.95,0.525,0.0,0.55,0.5525,False,0,0
631,202512220823,1.0,1.0,1.0,1.0,62,m1,0,0,1.0,1.0,1.0,1.0,1.0,50.0,0.0,0.0,0.0,0.0,1.0,1.0,0.05,0.525,0.0,0.55,0.2825,False,0,0
632,202512220824,1.0,1.0,1.0,1.0,79,m1,0,0,1.0,1.0,1.0,1.0,1.0,50.0,0.0,0.0,0.0,0.0,1.0,1.0,0.15,0.525,0.0,0.55,0.3125,False,0,0
633,202512220825,1.0,1.0,1.0,1.0,65,m1,0,0,1.0,1.0,1.0,1.0,1.0,50.0,0.0,0.0,0.0,0.0,1.0,1.0,0.125,0.525,0.0,0.55,0.30500000000000005,False,0,0
634,202512220826,1.0,1.0,1.0,1.0,90,m1,0,0,1.0,1.0,1.0,1.0,1.0,50.0,0.0,0.0,0.0,0.0,1.0,1.0,0.25,0.525,0.0,0.55,0.3425,False,0,0
635,202512220827,1.0,1.0,1.0,1.0,76,m1,0,0,1.0,1.0,1.0,1.0,1.0,50.0,0.0,0.0,0.0,0.0,1.0,1.0,0.2,0.525,0.0,0.55,0.3275,False,0,0
636,202512220828,1.0,1.0,1.0,1.0,54,m1,0,0,1.0,1.0,1.0,1.0,1.0,50.0,0.0,0.0,0.0,0.0,1.0,1.0,0.05,0.525,0.0,0.55,0.2825,False,0,0
637,202512220829,1.0,1.0,1.0,1.0,89,m1,0,0,1.0,1.0,1.0,1.0,1.0,50.0,0.0,0.0,0.0,0.0,1.0,1.0,0.35,0.525,0.0,0.55,0.37250000000000005,False,0,0
638,202512220830,1.0,1.0,1.0,1.0,174,m1,0,0,1.0,1.0,1.0,1.0,1.0,50.0,0.0,0.0,0.0,0.0,1.0,1.0,0.95,0.525,0.0,0.55,0.5525,False,0,0
639,202512220831,1.0,1.0,1.0,1.0,96,m1,0,0,1.0,1.0,1.0,1.0,1.0,50.0,0.0,0.0,0.0,0.0,1.0,1.0,0.45,0.525,0.0,0.55,0.40249999999999997,False,0,0
640,202512220832,1.0,1.0,1.0,1.0,94,m1,0,0,1.0,1.0,1.0,1.0,1.0,50.0,0.0,0.0,0.0,0.0,1.0,1.0,0.4,0.525,0.0,0.55,0.38749999999999996,False,0,0
641,202512220833,1.0,1.0,1.0,1.0,84,m1,0,0,1.0,1.0,1.0,1.0,1.0,50.0,0.0,0.0,0.0,0.0,1.0,1.0,0.3,0.525,0.0,0.55,0.35750000000000004,False,0,0
642,202512220834,1.0,1.0,1.0,1.0,85,m1,0,0,1.0,1.0,1.0,1.0,1.0,50.0,0.0,0.0,0.0,0.0,1.0,1.0,0.35,0.525,0.0,0.55,0.37250000000000005,False,0,0
643,202512220835,1.0,1.0,1.0,1.0,38,m1,0,0,1.0,1.0,1.0,1.0,1.0,50.0,0.0,0.0,0.0,0.0,1.0,1.0,0.05,0.525,0.0,0.55,0.2825,False,0,0
644,202512220836,1.0,1.0,1.0,1.0,90,m1,0,0,1.0,1.0,1.0,1.0,1.0,50.0,0.0,0.0,0.0,0.0,1.0,1.0,0.525,0.525,0.0,0.55,0.42500000000000004,False,0,0
645,202512220837,1.0,1.0,1.0,1.0,85,m1,0,0,1.0,1.0,1.0,1.0,1.0,50.0,0.0,0.0,0.0,0.0,1.0,1.0,0.425,0.525,0.0,0.55,0.395,False,0,0
646,202512220838,1.0,1.0,1.0,1.0,76,m1,0,0,1.0,1.0,1.0,1.0,1.0,50.0,0.0,0.0,0.0,0.0,1.0,1.0,0.275,0.525,0.0,0.55,0.35,False,0,0
647,202512220839,1.0,1.0,1.0,1.0,63,m1,0,0,1.0,1.0,1.0,1.0,1.0,50.0,0.0,0.0,0.0,0.0,1.0,1.0,0.2,0.525,0.0,0.55,0.3275,False,0,0
648,202512220840,1.0,1.0,1.0,1.0,60,m1,0,0,1.0,1.0,1.0,1.0,1.0,50.0,0.0,0.0,0.0,0.0,1.0,1.0,0.15,0.525,0.0,0.55,0.3125,False,0,0
649,202512220841,1.0,1.0,1.0,1.0,64,m1,0,0,1.0,1.0,1.0,1.0,1.0,50.0,0.0,0.0,0.0,0.0,1.0,1.0,0.3,0.525,0.0,0.55,0.35750000000000004,False,0,0
650,202512220842,1.0,1.0,1.0,1.0,83,m1,0,0,1.0,1.0,1.0,1.0,1.0,50.0,0.0,0.0,0.0,0.0,1.0,1.0,0.55,0.525,0.0,0.55,0.4325,False,0,0
651,202512220843,1.0,1.0,1.0,1.0,122,m1,0,0,1.0,1.0,1.0,1.0,1.0,50.0,0.0,0.0,0.0,0.0,1.0,1.0,0.95,0.525,0.0,0.55,0.5525,False,0,0
652,202512220844,1.0,1.0,1.0,1.0,111,m1,0,0,1.0,1.0,1.0,1.0,1.0,50.0,0.0,0.0,0.0,0.0,1.0,1.0,0.9,0.525,0.0,0.55,0.5375,False,0,0
653,202512220845,1.0,1.0,1.0,1.0,112,m1,0,0,1.0,1.0,1.0,1.0,1.0,50.0,0.0,0.0,0.0,0.0,1.0,1.0,0.9,0.525,0.0,0.55,0.5375,False,0,0
654,202512220846,1.0,1.0,1.0,1.0,227,m1,0,0,1.0,1.0,1.0,1.0,1.0,50.0,0.0,0.0,0.0,0.0,1.0,1.0,1.0,0.525,0.0,0.55,0.5675,False,0,0
655,202512220847,1.0,1.0,1.0,1.0,52,m1,0,0,1.0,1.0,1.0,1.0,1.0,50.0,0.0,0.0,0.0,0.0,1.0,1.0,0.1,0.525,0.0,0.55,0.2975,False,0,0
656,202512220848,1.0,1.0,1.0,1.0,143,m1,0,0,1.0,1.0,1.0,1.0,1.0,50.0,0.0,0.0,0.0,0.0,1.0,1.0,0.9,0.525,0.0,0.55,0.5375,False,0,0
657,202512220849,1.0,1.0,1.0,1.0,88,m1,0,0,1.0,1.0,1.0,1.0,1.0,50.0,0.0,0.0,0.0,0.0,1.0,1.0,0.55,0.525,0.0,0.55,0.4325,False,0,0
658,202512220850,1.0,1.0,1.0,1.0,74,m1,0,0,1.0,1.0,1.0,1.0,1.0,50.0,0.0,0.0,0.0,0.0,1.0,1.0,0.3,0.525,0.0,0.55,0.35750000000000004,False,0,0
659,202512220851,1.0,1.0,1.0,1.0,61,m1,0,0,1.0,1.0,1.0,1.0,1.0,50.0,0.0,0.0,0.0,0.0,1.0,1.0,0.2,0.525,0.0,0.55,0.3275,False,0,0
660,202512220852,1.0,1.0,1.0,1.0,33,m1,0,0,1.0,1.0,1.0,1.0,1.0,50.0,0.0,0.0,0.0,0.0,1.0,1.0,0.05,0.525,0.0,0.55,0.2825,False,0,0
661,202512220853,1.0,1.0,1.0,1.0,84,m1,0,0,1.0,1.0,1.0,1.0,1.0,50.0,0.0,0.0,0.0,0.0,1.0,1.0,0.55,0.525,0.0,0.55,0.4325,False,0,0
662,202512220854,1.0,1.0,1.0,1.0,56,m1,0,0,1.0,1.0,1.0,1.0,1.0,50.0,0.0,0.0,0.0,0.0,1.0,1.0,0.2,0.525,0.0,0.55,0.3275,False,0,0
663,202512220855,1.0,1.0,1.0,1.0,96,m1,0,0,1.0,1.0,1.0,1.0,1.0,50.0,0.0,0.0,0.0,0.0,1.0,1.0,0.75,0.525,0.0,0.55,0.49249999999999994,False,0,0
664,202512220856,1.0,1.0,1.0,1.0,146,m1,0,0,1.0,1.0,1.0,1.0,1.0,50.0,0.0,0.0,0.0,0.0,1.0,1.0,0.95,0.525,0.0,0.55,0.5525,False,0,0
665,202512220857,1.0,1.0,1.0,1.0,166,m1,0,0,1.0,1.0,1.0,1.0,1.0,50.0,0.0,0.0,0.0,0.0,1.0,1.0,0.95,0.525,0.0,0.55,0.5525,False,0,0
666,202512220858,1.0,1.0,1.0,1.0,85,m1,0,0,1.0,1.0,1.0,1.0,1.0,50.0,0.0,0.0,0.0,0.0,1.0,1.0,0.55,0.525,0.0,0.55,0.4325,False,0,0
667,202512220859,1.0,1.0,1.0,1.0,145,m1,0,0,1.0,1.0,1.0,1.0,1.0,50.0,0.0,0.0,0.0,0.0,1.0,1.0,0.85,0.525,0.0,0.55,0.5225,False,0,0
668,202512220900,1.0,1.0,1.0,1.0,134,m1,0,0,1.0,1.0,1.0,1.0,1.0,50.0,0.0,0.0,0.0,0.0,1.0,1.0,0.75,0.525,0.0,0.55,0.49249999999999994,False,0,0
669,202512220901,1.0,1.0,1.0,1.0,139,m1,0,0,1.0,1.0,1.0,1.0,1.0,50.0,0.0,0.0,0.0,0.0,1.0,1.0,0.75,0.525,0.0,0.55,0.49249999999999994,False,0,0
670,202512220902,1.0,1.0,1.0,1.0,113,m1,0,0,1.0,1.0,1.0,1.0,1.0,50.0,0.0,0.0,0.0,0.0,1.0,1.0,0.6,0.525,0.0,0.55,0.4475,False,0,0
671,202512220903,1.0,1.0,1.0,1.0,195,m1,0,0,1.0,1.0,1.0,1.0,1.0,50.0,0.0,0.0,0.0,0.0,1.0,1.0,0.95,0.525,0.0,0.55,0.5525,False,0,0
672,202512220904,1.0,1.0,1.0,1.0,120,m1,0,0,1.0,1.0,1.0,1.0,1.0,50.0,0.0,0.0,0.0,0.0,1.0,1.0,0.6,0.525,0.0,0.55,0.4475,False,0,0
673,202512220905,1.0,1.0,1.0,1.0,111,m1,0,0,1.0,1.0,1.0,1.0,1.0,50.0,0.0,0.0,0.0,0.0,1.0,1.0,0.5,0.525,0.0,0.55,0.4175,False,0,0
674,202512220906,1.0,1.0,1.0,1.0,85,m1,0,0,1.0,1.0,1.0,1.0,1.0,50.0,0.0,0.0,0.0,0.0,1.0,1.0,0.375,0.525,0.0,0.55,0.38,False,0,0
675,202512220907,1.0,1.0,1.0,1.0,44,m1,0,0,1.0,1.0,1.0,1.0,1.0,50.0,0.0,0.0,0.0,0.0,1.0,1.0,0.1,0.525,0.0,0.55,0.2975,False,0,0
676,202512220908,1.0,1.0,1.0,1.0,43,m1,0,0,1.0,1.0,1.0,1.0,1.0,50.0,0.0,0.0,0.0,0.0,1.0,1.0,0.1,0.525,0.0,0.55,0.2975,False,0,0
677,202512220909,1.0,1.0,1.0,1.0,65,m1,0,0,1.0,1.0,1.0,1.0,1.0,50.0,0.0,0.0,0.0,0.0,1.0,1.0,0.3,0.525,0.0,0.55,0.35750000000000004,False,0,0
678,202512220910,1.0,1.0,1.0,1.0,64,m1,0,0,1.0,1.0,1.0,1.0,1.0,50.0,0.0,0.0,0.0,0.0,1.0,1.0,0.3,0.525,0.0,0.55,0.35750000000000004,False,0,0
679,202512220911,1.0,1.0,1.0,1.0,117,m1,0,0,1.0,1.0,1.0,1.0,1.0,50.0,0.0,0.0,0.0,0.0,1.0,1.0,0.65,0.525,0.0,0.55,0.4625,False,0,0
680,202512220912,1.0,1.0,1.0,1.0,97,m1,0,0,1.0,1.0,1.0,1.0,1.0,50.0,0.0,0.0,0.0,0.0,1.0,1.0,0.5,0.525,0.0,0.55,0.4175,False,0,0
681,202512220913,1.0,1.0,1.0,1.0,75,m1,0,0,1.0,1.0,1.0,1.0,1.0,50.0,0.0,0.0,0.0,0.0,1.0,1.0,0.3,0.525,0.0,0.55,0.35750000000000004,False,0,0
682,202512220914,1.0,1.0,1.0,1.0,88,m1,0,0,1.0,1.0,1.0,1.0,1.0,50.0,0.0,0.0,0.0,0.0,1.0,1.0,0.4,0.525,0.0,0.55,0.38749999999999996,False,0,0
683,202512220915,1.0,1.0,1.0,1.0,50,m1,0,0,1.0,1.0,1.0,1.0,1.0,50.0,0.0,0.0,0.0,0.0,1.0,1.0,0.15,0.525,0.0,0.55,0.3125,False,0,0
684,202512220916,1.0,1.0,1.0,1.0,92,m1,0,0,1.0,1.0,1.0,1.0,1.0,50.0,0.0,0.0,0.0,0.0,1.0,1.0,0.5,0.525,0.0,0.55,0.4175,False,0,0
685,202512220917,1.0,1.0,1.0,1.0,94,m1,0,0,1.0,1.0,1.0,1.0,1.0,50.0,0.0,0.0,0.0,0.0,1.0,1.0,0.55,0.525,0.0,0.55,0.4325,False,0,0
686,202512220918,1.0,1.0,1.0,1.0,109,m1,0,0,1.0,1.0,1.0,1.0,1.0,50.0,0.0,0.0,0.0,0.0,1.0,1.0,0.6,0.525,0.0,0.55,0.4475,False,0,0
687,202512220919,1.0,1.0,1.0,1.0,109,m1,0,0,1.0,1.0,1.0,1.0,1.0,50.0,0.0,0.0,0.0,0.0,1.0,1.0,0.625,0.525,0.0,0.55,0.45499999999999996,False,0,0
688,202512220920,1.0,1.0,1.0,1.0,90,m1,0,0,1.0,1.0,1.0,1.0,1.0,50.0,0.0,0.0,0.0,0.0,1.0,1.0,0.45,0.525,0.0,0.55,0.40249999999999997,False,0,0
689,202512220921,1.0,1.0,1.0,1.0,73,m1,0,0,1.0,1.0,1.0,1.0,1.0,50.0,0.0,0.0,0.0,0.0,1.0,1.0,0.3,0.525,0.0,0.55,0.35750000000000004,False,0,0
690,202512220922,1.0,1.0,1.0,1.0,52,m1,0,0,1.0,1.0,1.0,1.0,1.0,50.0,0.0,0.0,0.0,0.0,1.0,1.0,0.2,0.525,0.0,0.55,0.3275,False,0,0
691,202512220923,1.0,1.0,1.0,1.0,83,m1,0,0,1.0,1.0,1.0,1.0,1.0,50.0,0.0,0.0,0.0,0.0,1.0,1.0,0.45,0.525,0.0,0.55,0.40249999999999997,False,0,0
692,202512220924,1.0,1.0,1.0,1.0,71,m1,0,0,1.0,1.0,1.0,1.0,1.0,50.0,0.0,0.0,0.0,0.0,1.0,1.0,0.35,0.525,0.0,0.55,0.37250000000000005,False,0,0
693,202512220925,1.0,1.0,1.0,1.0,67,m1,0,0,1.0,1.0,1.0,1.0,1.0,50.0,0.0,0.0,0.0,0.0,1.0,1.0,0.35,0.525,0.0,0.55,0.37250000000000005,False,0,0
694,202512220926,1.0,1.0,1.0,1.0,117,m1,0,0,1.0,1.0,1.0,1.0,1.0,50.0,0.0,0.0,0.0,0.0,1.0,1.0,0.975,0.525,0.0,0.55,0.5599999999999999,False,0,0
695,202512220927,1.0,1.0,1.0,1.0,100,m1,0,0,1.0,1.0,1.0,1.0,1.0,50.0,0.0,0.0,0.0,0.0,1.0,1.0,0.8,0.525,0.0,0.55,0.5075,False,0,0
696,202512220928,1.0,1.0,1.0,1.0,135,m1,0,0,1.0,1.0,1.0,1.0,1.0,50.0,0.0,0.0,0.0,0.0,1.0,1.0,1.0,0.525,0.0,0.55,0.5675,False,0,0
697,202512220929,1.0,1.0,1.0,1.0,150,m1,0,0,1.0,1.0,1.0,1.0,1.0,50.0,0.0,0.0,0.0,0.0,1.0,1.0,1.0,0.525,0.0,0.55,0.5675,False,0,0
698,202512220930,1.0,1.0,1.0,1.0,167,m1,0,0,1.0,1.0,1.0,1.0,1.0,50.0,0.0,0.0,0.0,0.0,1.0,1.0,1.0,0.525,0.0,0.55,0.5675,False,0,0
699,202512220931,1.0,1.0,1.0,1.0,165,m1,0,0,1.0,1.0,1.0,1.0,1.0,50.0,0.0,0.0,0.0,0.0,1.0,1.0,0.95,0.525,0.0,0.55,0.5525,False,0,0
700,202512220932,1.0,1.0,1.0,1.0,125,m1,0,0,1.0,1.0,1.0,1.0,1.0,50.0,0.0,0.0,0.0,0.0,1.0,1.0,0.8,0.525,0.0,0.55,0.5075,False,0,0
701,202512220933,1.0,1.0,1.0,1.0,134,m1,0,0,1.0,1.0,1.0,1.0,1.0,50.0,0.0,0.0,0.0,0.0,1.0,1.0,0.8,0.525,0.0,0.55,0.5075,False,0,0
702,202512220934,1.0,1.0,1.0,1.0,115,m1,0,0,1.0,1.0,1.0,1.0,1.0,50.0,0.0,0.0,0.0,0.0,1.0,1.0,0.65,0.525,0.0,0.55,0.4625,False,0,0
703,202512220935,1.0,1.0,1.0,1.0,147,m1,0,0,1.0,1.0,1.0,1.0,1.0,50.0,0.0,0.0,0.0,0.0,1.0,1.0,0.85,0.525,0.0,0.55,0.5225,False,0,0
704,202512220936,1.0,1.0,1.0,1.0,141,m1,0,0,1.0,1.0,1.0,1.0,1.0,50.0,0.0,0.0,0.0,0.0,1.0,1.0,0.8,0.525,0.0,0.55,0.5075,False,0,0
705,202512220937,1.0,1.0,1.0,1.0,161,m1,0,0,1.0,1.0,1.0,1.0,1.0,50.0,0.0,0.0,0.0,0.0,1.0,1.0,0.9,0.525,0.0,0.55,0.5375,False,0,0
706,202512220938,1.0,1.0,1.0,1.0,129,m1,0,0,1.0,1.0,1.0,1.0,1.0,50.0,0.0,0.0,0.0,0.0,1.0,1.0,0.6,0.525,0.0,0.55,0.4475,False,0,0
707,202512220939,1.0,1.0,1.0,1.0,112,m1,0,0,1.0,1.0,1.0,1.0,1.0,50.0,0.0,0.0,0.0,0.0,1.0,1.0,0.4,0.525,0.0,0.55,0.38749999999999996,False,0,0
708,202512220940,1.0,1.0,1.0,1.0,68,m1,0,0,1.0,1.0,1.0,1.0,1.0,50.0,0.0,0.0,0.0,0.0,1.0,1.0,0.15,0.525,0.0,0.55,0.3125,False,0,0
709,202512220941,1.0,1.0,1.0,1.0,52,m1,0,0,1.0,1.0,1.0,1.0,1.0,50.0,0.0,0.0,0.0,0.0,1.0,1.0,0.075,0.525,0.0,0.55,0.29000000000000004,False,0,0
710,202512220942,1.0,1.0,1.0,1.0,67,m1,0,0,1.0,1.0,1.0,1.0,1.0,50.0,0.0,0.0,0.0,0.0,1.0,1.0,0.125,0.525,0.0,0.55,0.30500000000000005,False,0,0
711,202512220943,1.0,1.0,1.0,1.0,136,m1,0,0,1.0,1.0,1.0,1.0,1.0,50.0,0.0,0.0,0.0,0.0,1.0,1.0,0.7,0.525,0.0,0.55,0.47750000000000004,False,0,0
712,202512220944,1.0,1.0,1.0,1.0,88,m1,0,0,1.0,1.0,1.0,1.0,1.0,50.0,0.0,0.0,0.0,0.0,1.0,1.0,0.25,0.525,0.0,0.55,0.3425,False,0,0
713,202512220945,1.0,1.0,1.0,1.0,157,m1,0,0,1.0,1.0,1.0,1.0,1.0,50.0,0.0,0.0,0.0,0.0,1.0,1.0,0.85,0.525,0.0,0.55,0.5225,False,0,0
714,202512220946,1.0,1.0,1.0,1.0,84,m1,0,0,1.0,1.0,1.0,1.0,1.0,50.0,0.0,0.0,0.0,0.0,1.0,1.0,0.2,0.525,0.0,0.55,0.3275,False,0,0
715,202512220947,1.0,1.0,1.0,1.0,63,m1,0,0,1.0,1.0,1.0,1.0,1.0,50.0,0.0,0.0,0.0,0.0,1.0,1.0,0.1,0.525,0.0,0.55,0.2975,False,0,0
716,202512220948,1.0,1.0,1.0,1.0,207,m1,0,0,1.0,1.0,1.0,1.0,1.0,50.0,0.0,0.0,0.0,0.0,1.0,1.0,1.0,0.525,0.0,0.55,0.5675,False,0,0
717,202512220949,1.0,1.0,1.0,1.0,102,m1,0,0,1.0,1.0,1.0,1.0,1.0,50.0,0.0,0.0,0.0,0.0,1.0,1.0,0.35,0.525,0.0,0.55,0.37250000000000005,False,0,0
718,202512220950,1.0,1.0,1.0,1.0,93,m1,0,0,1.0,1.0,1.0,1.0,1.0,50.0,0.0,0.0,0.0,0.0,1.0,1.0,0.35,0.525,0.0,0.55,0.37250000000000005,False,0,0
719,202512220951,1.0,1.0,1.0,1.0,85,m1,0,0,1.0,1.0,1.0,1.0,1.0,50.0,0.0,0.0,0.0,0.0,1.0,1.0,0.3,0.525,0.0,0.55,0.35750000000000004,False,0,0
720,202512220952,1.0,1.0,1.0,1.0,116,m1,0,0,1.0,1.0,1.0,1.0,1.0,50.0,0.0,0.0,0.0,0.0,1.0,1.0,0.6,0.525,0.0,0.55,0.4475,False,0,0
721,202512220953,1.0,1.0,1.0,1.0,52,m1,0,0,1.0,1.0,1.0,1.0,1.0,50.0,0.0,0.0,0.0,0.0,1.0,1.0,0.075,0.525,0.0,0.55,0.29000000000000004,False,0,0
722,202512220954,1.0,1.0,1.0,1.0,101,m1,0,0,1.0,1.0,1.0,1.0,1.0,50.0,0.0,0.0,0.0,0.0,1.0,1.0,0.5,0.525,0.0,0.55,0.4175,False,0,0
723,202512220955,1.0,1.0,1.0,1.0,142,m1,0,0,1.0,1.0,1.0,1.0,1.0,50.0,0.0,0.0,0.0,0.0,1.0,1.0,0.85,0.525,0.0,0.55,0.5225,False,0,0
724,202512220956,1.0,1.0,1.0,1.0,104,m1,0,0,1.0,1.0,1.0,1.0,1.0,50.0,0.0,0.0,0.0,0.0,1.0,1.0,0.6,0.525,0.0,0.55,0.4475,False,0,0
725,202512220957,1.0,1.0,1.0,1.0,84,m1,0,0,1.0,1.0,1.0,1.0,1.0,50.0,0.0,0.0,0.0,0.0,1.0,1.0,0.325,0.525,0.0,0.55,0.365,False,0,0
726,202512220958,1.0,1.0,1.0,1.0,213,m1,0,0,1.0,1.0,1.0,1.0,1.0,50.0,0.0,0.0,0.0,0.0,1.0,1.0,1.0,0.525,0.0,0.55,0.5675,False,0,0
727,202512220959,1.0,1.0,1.0,1.0,151,m1,0,0,1.0,1.0,1.0,1.0,1.0,50.0,0.0,0.0,0.0,0.0,1.0,1.0,0.85,0.525,0.0,0.55,0.5225,False,0,0
728,202512221000,1.0,1.0,1.0,1.0,85,m1,0,0,1.0,1.0,1.0,1.0,1.0,50.0,0.0,0.0,0.0,0.0,1.0,1.0,0.375,0.525,0.0,0.55,0.38,False,0,0
729,202512221001,1.0,1.0,1.0,1.0,125,m1,0,0,1.0,1.0,1.0,1.0,1.0,50.0,0.0,0.0,0.0,0.0,1.0,1.0,0.7,0.525,0.0,0.55,0.47750000000000004,False,0,0
730,202512221002,1.0,1.0,1.0,1.0,116,m1,0,0,1.0,1.0,1.0,1.0,1.0,50.0,0.0,0.0,0.0,0.0,1.0,1.0,0.625,0.525,0.0,0.55,0.45499999999999996,False,0,0
731,202512221003,1.0,1.0,1.0,1.0,219,m1,0,0,1.0,1.0,1.0,1.0,1.0,50.0,0.0,0.0,0.0,0.0,1.0,1.0,1.0,0.525,0.0,0.55,0.5675,False,0,0
732,202512221004,1.0,1.0,1.0,1.0,120,m1,0,0,1.0,1.0,1.0,1.0,1.0,50.0,0.0,0.0,0.0,0.0,1.0,1.0,0.65,0.525,0.0,0.55,0.4625,False,0,0
733,202512221005,1.0,1.0,1.0,1.0,161,m1,0,0,1.0,1.0,1.0,1.0,1.0,50.0,0.0,0.0,0.0,0.0,1.0,1.0,0.85,0.525,0.0,0.55,0.5225,False,0,0
734,202512221006,1.0,1.0,1.0,1.0,111,m1,0,0,1.0,1.0,1.0,1.0,1.0,50.0,0.0,0.0,0.0,0.0,1.0,1.0,0.5,0.525,0.0,0.55,0.4175,False,0,0
735,202512221007,1.0,1.0,1.0,1.0,113,m1,0,0,1.0,1.0,1.0,1.0,1.0,50.0,0.0,0.0,0.0,0.0,1.0,1.0,0.5,0.525,0.0,0.55,0.4175,False,0,0
736,202512221008,1.0,1.0,1.0,1.0,244,m1,0,0,1.0,1.0,1.0,1.0,1.0,50.0,0.0,0.0,0.0,0.0,1.0,1.0,1.0,0.525,0.0,0.55,0.5675,False,0,0
737,202512221009,1.0,1.0,1.0,1.0,110,m1,0,0,1.0,1.0,1.0,1.0,1.0,50.0,0.0,0.0,0.0,0.0,1.0,1.0,0.4,0.525,0.0,0.55,0.38749999999999996,False,0,0
738,202512221010,1.0,1.0,1.0,1.0,105,m1,0,0,1.0,1.0,1.0,1.0,1.0,50.0,0.0,0.0,0.0,0.0,1.0,1.0,0.35,0.525,0.0,0.55,0.37250000000000005,False,0,0
739,202512221011,1.0,1.0,1.0,1.0,132,m1,0,0,1.0,1.0,1.0,1.0,1.0,50.0,0.0,0.0,0.0,0.0,1.0,1.0,0.7,0.525,0.0,0.55,0.47750000000000004,False,0,0
740,202512221012,1.0,1.0,1.0,1.0,74,m1,0,0,1.0,1.0,1.0,1.0,1.0,50.0,0.0,0.0,0.0,0.0,1.0,1.0,0.1,0.525,0.0,0.55,0.2975,False,0,0
741,202512221013,1.0,1.0,1.0,1.0,89,m1,0,0,1.0,1.0,1.0,1.0,1.0,50.0,0.0,0.0,0.0,0.0,1.0,1.0,0.2,0.525,0.0,0.55,0.3275,False,0,0
742,202512221014,1.0,1.0,1.0,1.0,88,m1,0,0,1.0,1.0,1.0,1.0,1.0,50.0,0.0,0.0,0.0,0.0,1.0,1.0,0.2,0.525,0.0,0.55,0.3275,False,0,0
743,202512221015,1.0,1.0,1.0,1.0,86,m1,0,0,1.0,1.0,1.0,1.0,1.0,50.0,0.0,0.0,0.0,0.0,1.0,1.0,0.2,0.525,0.0,0.55,0.3275,False,0,0
744,202512221016,1.0,1.0,1.0,1.0,114,m1,0,0,1.0,1.0,1.0,1.0,1.0,50.0,0.0,0.0,0.0,0.0,1.0,1.0,0.55,0.525,0.0,0.55,0.4325,False,0,0
745,202512221017,1.0,1.0,1.0,1.0,115,m1,0,0,1.0,1.0,1.0,1.0,1.0,50.0,0.0,0.0,0.0,0.0,1.0,1.0,0.55,0.525,0.0,0.55,0.4325,False,0,0
746,202512221018,1.0,1.0,1.0,1.0,85,m1,0,0,1.0,1.0,1.0,1.0,1.0,50.0,0.0,0.0,0.0,0.0,1.0,1.0,0.125,0.525,0.0,0.55,0.30500000000000005,False,0,0
747,202512221019,1.0,1.0,1.0,1.0,163,m1,0,0,1.0,1.0,1.0,1.0,1.0,50.0,0.0,0.0,0.0,0.0,1.0,1.0,0.9,0.525,0.0,0.55,0.5375,False,0,0
748,202512221020,1.0,1.0,1.0,1.0,109,m1,0,0,1.0,1.0,1.0,1.0,1.0,50.0,0.0,0.0,0.0,0.0,1.0,1.0,0.35,0.525,0.0,0.55,0.37250000000000005,False,0,0
749,202512221021,1.0,1.0,1.0,1.0,125,m1,0,0,1.0,1.0,1.0,1.0,1.0,50.0,0.0,0.0,0.0,0.0,1.0,1.0,0.75,0.525,0.0,0.55,0.49249999999999994,False,0,0
750,202512221022,1.0,1.0,1.0,1.0,64,m1,0,0,1.0,1.0,1.0,1.0,1.0,50.0,0.0,0.0,0.0,0.0,1.0,1.0,0.05,0.525,0.0,0.55,0.2825,False,0,0
751,202512221023,1.0,1.0,1.0,1.0,71,m1,0,0,1.0,1.0,1.0,1.0,1.0,50.0,0.0,0.0,0.0,0.0,1.0,1.0,0.1,0.525,0.0,0.55,0.2975,False,0,0
752,202512221024,1.0,1.0,1.0,1.0,77,m1,0,0,1.0,1.0,1.0,1.0,1.0,50.0,0.0,0.0,0.0,0.0,1.0,1.0,0.2,0.525,0.0,0.55,0.3275,False,0,0
753,202512221025,1.0,1.0,1.0,1.0,68,m1,0,0,1.0,1.0,1.0,1.0,1.0,50.0,0.0,0.0,0.0,0.0,1.0,1.0,0.1,0.525,0.0,0.55,0.2975,False,0,0
754,202512221026,1.0,1.0,1.0,1.0,66,m1,0,0,1.0,1.0,1.0,1.0,1.0,50.0,0.0,0.0,0.0,0.0,1.0,1.0,0.1,0.525,0.0,0.55,0.2975,False,0,0
755,202512221027,1.0,1.0,1.0,1.0,91,m1,0,0,1.0,1.0,1.0,1.0,1.0,50.0,0.0,0.0,0.0,0.0,1.0,1.0,0.55,0.525,0.0,0.55,0.4325,False,0,0
756,202512221028,1.0,1.0,1.0,1.0,93,m1,0,0,1.0,1.0,1.0,1.0,1.0,50.0,0.0,0.0,0.0,0.0,1.0,1.0,0.6,0.525,0.0,0.55,0.4475,False,0,0
757,202512221029,1.0,1.0,1.0,1.0,75,m1,0,0,1.0,1.0,1.0,1.0,1.0,50.0,0.0,0.0,0.0,0.0,1.0,1.0,0.3,0.525,0.0,0.55,0.35750000000000004,False,0,0
758,202512221030,1.0,1.0,1.0,1.0,104,m1,0,0,1.0,1.0,1.0,1.0,1.0,50.0,0.0,0.0,0.0,0.0,1.0,1.0,0.7,0.525,0.0,0.55,0.47750000000000004,False,0,0
759,202512221031,1.0,1.0,1.0,1.0,151,m1,0,0,1.0,1.0,1.0,1.0,1.0,50.0,0.0,0.0,0.0,0.0,1.0,1.0,0.95,0.525,0.0,0.55,0.5525,False,0,0
760,202512221032,1.0,1.0,1.0,1.0,84,m1,0,0,1.0,1.0,1.0,1.0,1.0,50.0,0.0,0.0,0.0,0.0,1.0,1.0,0.35,0.525,0.0,0.55,0.37250000000000005,False,0,0
761,202512221033,1.0,1.0,1.0,1.0,37,m1,0,0,1.0,1.0,1.0,1.0,1.0,50.0,0.0,0.0,0.0,0.0,1.0,1.0,0.05,0.525,0.0,0.55,0.2825,False,0,0
762,202512221034,1.0,1.0,1.0,1.0,47,m1,0,0,1.0,1.0,1.0,1.0,1.0,50.0,0.0,0.0,0.0,0.0,1.0,1.0,0.1,0.525,0.0,0.55,0.2975,False,0,0
763,202512221035,1.0,1.0,1.0,1.0,122,m1,0,0,1.0,1.0,1.0,1.0,1.0,50.0,0.0,0.0,0.0,0.0,1.0,1.0,0.85,0.525,0.0,0.55,0.5225,False,0,0
764,202512221036,1.0,1.0,1.0,1.0,65,m1,0,0,1.0,1.0,1.0,1.0,1.0,50.0,0.0,0.0,0.0,0.0,1.0,1.0,0.2,0.525,0.0,0.55,0.3275,False,0,0
765,202512221037,1.0,1.0,1.0,1.0,89,m1,0,0,1.0,1.0,1.0,1.0,1.0,50.0,0.0,0.0,0.0,0.0,1.0,1.0,0.6,0.525,0.0,0.55,0.4475,False,0,0
766,202512221038,1.0,1.0,1.0,1.0,102,m1,0,0,1.0,1.0,1.0,1.0,1.0,50.0,0.0,0.0,0.0,0.0,1.0,1.0,0.7,0.525,0.0,0.55,0.47750000000000004,False,0,0
767,202512221039,1.0,1.0,1.0,1.0,84,m1,0,0,1.0,1.0,1.0,1.0,1.0,50.0,0.0,0.0,0.0,0.0,1.0,1.0,0.525,0.525,0.0,0.55,0.42500000000000004,False,0,0
768,202512221040,1.0,1.0,1.0,1.0,57,m1,0,0,1.0,1.0,1.0,1.0,1.0,50.0,0.0,0.0,0.0,0.0,1.0,1.0,0.15,0.525,0.0,0.55,0.3125,False,0,0
769,202512221041,1.0,1.0,1.0,1.0,62,m1,0,0,1.0,1.0,1.0,1.0,1.0,50.0,0.0,0.0,0.0,0.0,1.0,1.0,0.2,0.525,0.0,0.55,0.3275,False,0,0
770,202512221042,1.0,1.0,1.0,1.0,40,m1,0,0,1.0,1.0,1.0,1.0,1.0,50.0,0.0,0.0,0.0,0.0,1.0,1.0,0.1,0.525,0.0,0.55,0.2975,False,0,0
771,202512221043,1.0,1.0,1.0,1.0,75,m1,0,0,1.0,1.0,1.0,1.0,1.0,50.0,0.0,0.0,0.0,0.0,1.0,1.0,0.475,0.525,0.0,0.55,0.41000000000000003,False,0,0
772,202512221044,1.0,1.0,1.0,1.0,44,m1,0,0,1.0,1.0,1.0,1.0,1.0,50.0,0.0,0.0,0.0,0.0,1.0,1.0,0.15,0.525,0.0,0.55,0.3125,False,0,0
773,202512221045,1.0,1.0,1.0,1.0,63,m1,0,0,1.0,1.0,1.0,1.0,1.0,50.0,0.0,0.0,0.0,0.0,1.0,1.0,0.35,0.525,0.0,0.55,0.37250000000000005,False,0,0
774,202512221046,1.0,1.0,1.0,1.0,38,m1,0,0,1.0,1.0,1.0,1.0,1.0,50.0,0.0,0.0,0.0,0.0,1.0,1.0,0.1,0.525,0.0,0.55,0.2975,False,0,0
775,202512221047,1.0,1.0,1.0,1.0,44,m1,0,0,1.0,1.0,1.0,1.0,1.0,50.0,0.0,0.0,0.0,0.0,1.0,1.0,0.225,0.525,0.0,0.55,0.335,False,0,0
776,202512221048,1.0,1.0,1.0,1.0,36,m1,0,0,1.0,1.0,1.0,1.0,1.0,50.0,0.0,0.0,0.0,0.0,1.0,1.0,0.05,0.525,0.0,0.55,0.2825,False,0,0
777,202512221049,1.0,1.0,1.0,1.0,87,m1,0,0,1.0,1.0,1.0,1.0,1.0,50.0,0.0,0.0,0.0,0.0,1.0,1.0,0.75,0.525,0.0,0.55,0.49249999999999994,False,0,0
778,202512221050,1.0,1.0,1.0,1.0,40,m1,0,0,1.0,1.0,1.0,1.0,1.0,50.0,0.0,0.0,0.0,0.0,1.0,1.0,0.225,0.525,0.0,0.55,0.335,False,0,0
779,202512221051,1.0,1.0,1.0,1.0,69,m1,0,0,1.0,1.0,1.0,1.0,1.0,50.0,0.0,0.0,0.0,0.0,1.0,1.0,0.65,0.525,0.0,0.55,0.4625,False,0,0
780,202512221052,1.0,1.0,1.0,1.0,56,m1,0,0,1.0,1.0,1.0,1.0,1.0,50.0,0.0,0.0,0.0,0.0,1.0,1.0,0.45,0.525,0.0,0.55,0.40249999999999997,False,0,0
781,202512221053,1.0,1.0,1.0,1.0,130,m1,0,0,1.0,1.0,1.0,1.0,1.0,50.0,0.0,0.0,0.0,0.0,1.0,1.0,1.0,0.525,0.0,0.55,0.5675,False,0,0
782,202512221054,1.0,1.0,1.0,1.0,99,m1,0,0,1.0,1.0,1.0,1.0,1.0,50.0,0.0,0.0,0.0,0.0,1.0,1.0,0.85,0.525,0.0,0.55,0.5225,False,0,0
783,202512221055,1.0,1.0,1.0,1.0,86,m1,0,0,1.0,1.0,1.0,1.0,1.0,50.0,0.0,0.0,0.0,0.0,1.0,1.0,0.75,0.525,0.0,0.55,0.49249999999999994,False,0,0
784,202512221056,1.0,1.0,1.0,1.0,75,m1,0,0,1.0,1.0,1.0,1.0,1.0,50.0,0.0,0.0,0.0,0.0,1.0,1.0,0.625,0.525,0.0,0.55,0.45499999999999996,False,0,0
785,202512221057,1.0,1.0,1.0,1.0,203,m1,0,0,1.0,1.0,1.0,1.0,1.0,50.0,0.0,0.0,0.0,0.0,1.0,1.0,1.0,0.525,0.0,0.55,0.5675,False,0,0
786,202512221058,1.0,1.0,1.0,1.0,230,m1,0,0,1.0,1.0,1.0,1.0,1.0,50.0,0.0,0.0,0.0,0.0,1.0,1.0,1.0,0.525,0.0,0.55,0.5675,False,0,0
787,202512221059,1.0,1.0,1.0,1.0,180,m1,0,0,1.0,1.0,1.0,1.0,1.0,50.0,0.0,0.0,0.0,0.0,1.0,1.0,0.9,0.525,0.0,0.55,0.5375,False,0,0
788,202512221100,1.0,1.0,1.0,1.0,99,m1,0,0,1.0,1.0,1.0,1.0,1.0,50.0,0.0,0.0,0.0,0.0,1.0,1.0,0.775,0.525,0.0,0.55,0.5,False,0,0
789,202512221101,1.0,1.0,1.0,1.0,95,m1,0,0,1.0,1.0,1.0,1.0,1.0,50.0,0.0,0.0,0.0,0.0,1.0,1.0,0.7,0.525,0.0,0.55,0.47750000000000004,False,0,0
790,202512221102,1.0,1.0,1.0,1.0,56,m1,0,0,1.0,1.0,1.0,1.0,1.0,50.0,0.0,0.0,0.0,0.0,1.0,1.0,0.325,0.525,0.0,0.55,0.365,False,0,0
791,202512221103,1.0,1.0,1.0,1.0,100,m1,0,0,1.0,1.0,1.0,1.0,1.0,50.0,0.0,0.0,0.0,0.0,1.0,1.0,0.8,0.525,0.0,0.55,0.5075,False,0,0
792,202512221104,1.0,1.0,1.0,1.0,65,m1,0,0,1.0,1.0,1.0,1.0,1.0,50.0,0.0,0.0,0.0,0.0,1.0,1.0,0.4,0.525,0.0,0.55,0.38749999999999996,False,0,0
793,202512221105,1.0,1.0,1.0,1.0,83,m1,0,0,1.0,1.0,1.0,1.0,1.0,50.0,0.0,0.0,0.0,0.0,1.0,1.0,0.5,0.525,0.0,0.55,0.4175,False,0,0
794,202512221106,1.0,1.0,1.0,1.0,41,m1,0,0,1.0,1.0,1.0,1.0,1.0,50.0,0.0,0.0,0.0,0.0,1.0,1.0,0.15,0.525,0.0,0.55,0.3125,False,0,0
795,202512221107,1.0,1.0,1.0,1.0,63,m1,0,0,1.0,1.0,1.0,1.0,1.0,50.0,0.0,0.0,0.0,0.0,1.0,1.0,0.3,0.525,0.0,0.55,0.35750000000000004,False,0,0
796,202512221108,1.0,1.0,1.0,1.0,43,m1,0,0,1.0,1.0,1.0,1.0,1.0,50.0,0.0,0.0,0.0,0.0,1.0,1.0,0.15,0.525,0.0,0.55,0.3125,False,0,0
797,202512221109,1.0,1.0,1.0,1.0,45,m1,0,0,1.0,1.0,1.0,1.0,1.0,50.0,0.0,0.0,0.0,0.0,1.0,1.0,0.2,0.525,0.0,0.55,0.3275,False,0,0
798,202512221110,1.0,1.0,1.0,1.0,96,m1,0,0,1.0,1.0,1.0,1.0,1.0,50.0,0.0,0.0,0.0,0.0,1.0,1.0,0.65,0.525,0.0,0.55,0.4625,False,0,0
799,202512221111,1.0,1.0,1.0,1.0,91,m1,0,0,1.0,1.0,1.0,1.0,1.0,50.0,0.0,0.0,0.0,0.0,1.0,1.0,0.55,0.525,0.0,0.55,0.4325,False,0,0
800,202512221112,1.0,1.0,1.0,1.0,56,m1,0,0,1.0,1.0,1.0,1.0,1.0,50.0,0.0,0.0,0.0,0.0,1.0,1.0,0.225,0.525,0.0,0.55,0.335,False,0,0
801,202512221113,1.0,1.0,1.0,1.0,47,m1,0,0,1.0,1.0,1.0,1.0,1.0,50.0,0.0,0.0,0.0,0.0,1.0,1.0,0.2,0.525,0.0,0.55,0.3275,False,0,0
802,202512221114,1.0,1.0,1.0,1.0,67,m1,0,0,1.0,1.0,1.0,1.0,1.0,50.0,0.0,0.0,0.0,0.0,1.0,1.0,0.45,0.525,0.0,0.55,0.40249999999999997,False,0,0
803,202512221115,1.0,1.0,1.0,1.0,92,m1,0,0,1.0,1.0,1.0,1.0,1.0,50.0,0.0,0.0,0.0,0.0,1.0,1.0,0.65,0.525,0.0,0.55,0.4625,False,0,0
804,202512221116,1.0,1.0,1.0,1.0,84,m1,0,0,1.0,1.0,1.0,1.0,1.0,50.0,0.0,0.0,0.0,0.0,1.0,1.0,0.55,0.525,0.0,0.55,0.4325,False,0,0
805,202512221117,1.0,1.0,1.0,1.0,43,m1,0,0,1.0,1.0,1.0,1.0,1.0,50.0,0.0,0.0,0.0,0.0,1.0,1.0,0.125,0.525,0.0,0.55,0.30500000000000005,False,0,0
806,202512221118,1.0,1.0,1.0,1.0,88,m1,0,0,1.0,1.0,1.0,1.0,1.0,50.0,0.0,0.0,0.0,0.0,1.0,1.0,0.65,0.525,0.0,0.55,0.4625,False,0,0
807,202512221119,1.0,1.0,1.0,1.0,37,m1,0,0,1.0,1.0,1.0,1.0,1.0,50.0,0.0,0.0,0.0,0.0,1.0,1.0,0.05,0.525,0.0,0.55,0.2825,False,0,0
808,202512221120,1.0,1.0,1.0,1.0,63,m1,0,0,1.0,1.0,1.0,1.0,1.0,50.0,0.0,0.0,0.0,0.0,1.0,1.0,0.475,0.525,0.0,0.55,0.41000000000000003,False,0,0
809,202512221121,1.0,1.0,1.0,1.0,53,m1,0,0,1.0,1.0,1.0,1.0,1.0,50.0,0.0,0.0,0.0,0.0,1.0,1.0,0.35,0.525,0.0,0.55,0.37250000000000005,False,0,0
810,202512221122,1.0,1.0,1.0,1.0,85,m1,0,0,1.0,1.0,1.0,1.0,1.0,50.0,0.0,0.0,0.0,0.0,1.0,1.0,0.75,0.525,0.0,0.55,0.49249999999999994,False,0,0
811,202512221123,1.0,1.0,1.0,1.0,83,m1,0,0,1.0,1.0,1.0,1.0,1.0,50.0,0.0,0.0,0.0,0.0,1.0,1.0,0.675,0.525,0.0,0.55,0.47,False,0,0
812,202512221124,1.0,1.0,1.0,1.0,50,m1,0,0,1.0,1.0,1.0,1.0,1.0,50.0,0.0,0.0,0.0,0.0,1.0,1.0,0.35,0.525,0.0,0.55,0.37250000000000005,False,0,0
813,202512221125,1.0,1.0,1.0,1.0,84,m1,0,0,1.0,1.0,1.0,1.0,1.0,50.0,0.0,0.0,0.0,0.0,1.0,1.0,0.725,0.525,0.0,0.55,0.485,False,0,0
814,202512221126,1.0,1.0,1.0,1.0,103,m1,0,0,1.0,1.0,1.0,1.0,1.0,50.0,0.0,0.0,0.0,0.0,1.0,1.0,1.0,0.525,0.0,0.55,0.5675,False,0,0
815,202512221127,1.0,1.0,1.0,1.0,48,m1,0,0,1.0,1.0,1.0,1.0,1.0,50.0,0.0,0.0,0.0,0.0,1.0,1.0,0.3,0.525,0.0,0.55,0.35750000000000004,False,0,0
816,202512221128,1.0,1.0,1.0,1.0,30,m1,0,0,1.0,1.0,1.0,1.0,1.0,50.0,0.0,0.0,0.0,0.0,1.0,1.0,0.05,0.525,0.0,0.55,0.2825,False,0,0
817,202512221129,1.0,1.0,1.0,1.0,39,m1,0,0,1.0,1.0,1.0,1.0,1.0,50.0,0.0,0.0,0.0,0.0,1.0,1.0,0.15,0.525,0.0,0.55,0.3125,False,0,0
818,202512221130,1.0,1.0,1.0,1.0,104,m1,0,0,1.0,1.0,1.0,1.0,1.0,50.0,0.0,0.0,0.0,0.0,1.0,1.0,1.0,0.525,0.0,0.55,0.5675,False,0,0
819,202512221131,1.0,1.0,1.0,1.0,106,m1,0,0,1.0,1.0,1.0,1.0,1.0,50.0,0.0,0.0,0.0,0.0,1.0,1.0,1.0,0.525,0.0,0.55,0.5675,False,0,0
820,202512221132,1.0,1.0,1.0,1.0,72,m1,0,0,1.0,1.0,1.0,1.0,1.0,50.0,0.0,0.0,0.0,0.0,1.0,1.0,0.55,0.525,0.0,0.55,0.4325,False,0,0
821,202512221133,1.0,1.0,1.0,1.0,54,m1,0,0,1.0,1.0,1.0,1.0,1.0,50.0,0.0,0.0,0.0,0.0,1.0,1.0,0.4,0.525,0.0,0.55,0.38749999999999996,False,0,0
822,202512221134,1.0,1.0,1.0,1.0,45,m1,0,0,1.0,1.0,1.0,1.0,1.0,50.0,0.0,0.0,0.0,0.0,1.0,1.0,0.25,0.525,0.0,0.55,0.3425,False,0,0
823,202512221135,1.0,1.0,1.0,1.0,51,m1,0,0,1.0,1.0,1.0,1.0,1.0,50.0,0.0,0.0,0.0,0.0,1.0,1.0,0.4,0.525,0.0,0.55,0.38749999999999996,False,0,0
824,202512221136,1.0,1.0,1.0,1.0,61,m1,0,0,1.0,1.0,1.0,1.0,1.0,50.0,0.0,0.0,0.0,0.0,1.0,1.0,0.55,0.525,0.0,0.55,0.4325,False,0,0
825,202512221137,1.0,1.0,1.0,1.0,67,m1,0,0,1.0,1.0,1.0,1.0,1.0,50.0,0.0,0.0,0.0,0.0,1.0,1.0,0.6,0.525,0.0,0.55,0.4475,False,0,0
826,202512221138,1.0,1.0,1.0,1.0,104,m1,0,0,1.0,1.0,1.0,1.0,1.0,50.0,0.0,0.0,0.0,0.0,1.0,1.0,0.925,0.525,0.0,0.55,0.545,False,0,0
827,202512221139,1.0,1.0,1.0,1.0,81,m1,0,0,1.0,1.0,1.0,1.0,1.0,50.0,0.0,0.0,0.0,0.0,1.0,1.0,0.65,0.525,0.0,0.55,0.4625,False,0,0
828,202512221140,1.0,1.0,1.0,1.0,30,m1,0,0,1.0,1.0,1.0,1.0,1.0,50.0,0.0,0.0,0.0,0.0,1.0,1.0,0.075,0.525,0.0,0.55,0.29000000000000004,False,0,0
829,202512221141,1.0,1.0,1.0,1.0,30,m1,0,0,1.0,1.0,1.0,1.0,1.0,50.0,0.0,0.0,0.0,0.0,1.0,1.0,0.1,0.525,0.0,0.55,0.2975,False,0,0
830,202512221142,1.0,1.0,1.0,1.0,48,m1,0,0,1.0,1.0,1.0,1.0,1.0,50.0,0.0,0.0,0.0,0.0,1.0,1.0,0.325,0.525,0.0,0.55,0.365,False,0,0
831,202512221143,1.0,1.0,1.0,1.0,62,m1,0,0,1.0,1.0,1.0,1.0,1.0,50.0,0.0,0.0,0.0,0.0,1.0,1.0,0.6,0.525,0.0,0.55,0.4475,False,0,0
832,202512221144,1.0,1.0,1.0,1.0,55,m1,0,0,1.0,1.0,1.0,1.0,1.0,50.0,0.0,0.0,0.0,0.0,1.0,1.0,0.5,0.525,0.0,0.55,0.4175,False,0,0
833,202512221145,1.0,1.0,1.0,1.0,74,m1,0,0,1.0,1.0,1.0,1.0,1.0,50.0,0.0,0.0,0.0,0.0,1.0,1.0,0.75,0.525,0.0,0.55,0.49249999999999994,False,0,0
834,202512221146,1.0,1.0,1.0,1.0,73,m1,0,0,1.0,1.0,1.0,1.0,1.0,50.0,0.0,0.0,0.0,0.0,1.0,1.0,0.75,0.525,0.0,0.55,0.49249999999999994,False,0,0
835,202512221147,1.0,1.0,1.0,1.0,50,m1,0,0,1.0,1.0,1.0,1.0,1.0,50.0,0.0,0.0,0.0,0.0,1.0,1.0,0.35,0.525,0.0,0.55,0.37250000000000005,False,0,0
836,202512221148,1.0,1.0,1.0,1.0,39,m1,0,0,1.0,1.0,1.0,1.0,1.0,50.0,0.0,0.0,0.0,0.0,1.0,1.0,0.175,0.525,0.0,0.55,0.32,False,0,0
837,202512221149,1.0,1.0,1.0,1.0,60,m1,0,0,1.0,1.0,1.0,1.0,1.0,50.0,0.0,0.0,0.0,0.0,1.0,1.0,0.5,0.525,0.0,0.55,0.4175,False,0,0
838,202512221150,1.0,1.0,1.0,1.0,60,m1,0,0,1.0,1.0,1.0,1.0,1.0,50.0,0.0,0.0,0.0,0.0,1.0,1.0,0.525,0.525,0.0,0.55,0.42500000000000004,False,0,0
839,202512221151,1.0,1.0,1.0,1.0,39,m1,0,0,1.0,1.0,1.0,1.0,1.0,50.0,0.0,0.0,0.0,0.0,1.0,1.0,0.175,0.525,0.0,0.55,0.32,False,0,0
840,202512221152,1.0,1.0,1.0,1.0,51,m1,0,0,1.0,1.0,1.0,1.0,1.0,50.0,0.0,0.0,0.0,0.0,1.0,1.0,0.425,0.525,0.0,0.55,0.395,False,0,0
841,202512221153,1.0,1.0,1.0,1.0,70,m1,0,0,1.0,1.0,1.0,1.0,1.0,50.0,0.0,0.0,0.0,0.0,1.0,1.0,0.8,0.525,0.0,0.55,0.5075,False,0,0
842,202512221154,1.0,1.0,1.0,1.0,49,m1,0,0,1.0,1.0,1.0,1.0,1.0,50.0,0.0,0.0,0.0,0.0,1.0,1.0,0.3,0.525,0.0,0.55,0.35750000000000004,False,0,0
843,202512221155,1.0,1.0,1.0,1.0,80,m1,0,0,1.0,1.0,1.0,1.0,1.0,50.0,0.0,0.0,0.0,0.0,1.0,1.0,0.9,0.525,0.0,0.55,0.5375,False,0,0
844,202512221156,1.0,1.0,1.0,1.0,35,m1,0,0,1.0,1.0,1.0,1.0,1.0,50.0,0.0,0.0,0.0,0.0,1.0,1.0,0.15,0.525,0.0,0.55,0.3125,False,0,0
845,202512221157,1.0,1.0,1.0,1.0,73,m1,0,0,1.0,1.0,1.0,1.0,1.0,50.0,0.0,0.0,0.0,0.0,1.0,1.0,0.775,0.525,0.0,0.55,0.5,False,0,0
846,202512221158,1.0,1.0,1.0,1.0,153,m1,0,0,1.0,1.0,1.0,1.0,1.0,50.0,0.0,0.0,0.0,0.0,1.0,1.0,1.0,0.525,0.0,0.55,0.5675,False,0,0
847,202512221159,1.0,1.0,1.0,1.0,134,m1,0,0,1.0,1.0,1.0,1.0,1.0,50.0,0.0,0.0,0.0,0.0,1.0,1.0,0.95,0.525,0.0,0.55,0.5525,False,0,0
848,202512221200,1.0,1.0,1.0,1.0,168,m1,0,0,1.0,1.0,1.0,1.0,1.0,50.0,0.0,0.0,0.0,0.0,1.0,1.0,1.0,0.525,0.0,0.55,0.5675,False,0,0
849,202512221201,1.0,1.0,1.0,1.0,162,m1,0,0,1.0,1.0,1.0,1.0,1.0,50.0,0.0,0.0,0.0,0.0,1.0,1.0,0.95,0.525,0.0,0.55,0.5525,False,0,0
850,202512221202,1.0,1.0,1.0,1.0,196,m1,0,0,1.0,1.0,1.0,1.0,1.0,50.0,0.0,0.0,0.0,0.0,1.0,1.0,1.0,0.525,0.0,0.55,0.5675,False,0,0
851,202512221203,1.0,1.0,1.0,1.0,219,m1,0,0,1.0,1.0,1.0,1.0,1.0,50.0,0.0,0.0,0.0,0.0,1.0,1.0,1.0,0.525,0.0,0.55,0.5675,False,0,0
852,202512221204,1.0,1.0,1.0,1.0,108,m1,0,0,1.0,1.0,1.0,1.0,1.0,50.0,0.0,0.0,0.0,0.0,1.0,1.0,0.7,0.525,0.0,0.55,0.47750000000000004,False,0,0
853,202512221205,1.0,1.0,1.0,1.0,111,m1,0,0,1.0,1.0,1.0,1.0,1.0,50.0,0.0,0.0,0.0,0.0,1.0,1.0,0.7,0.525,0.0,0.55,0.47750000000000004,False,0,0
854,202512221206,1.0,1.0,1.0,1.0,88,m1,0,0,1.0,1.0,1.0,1.0,1.0,50.0,0.0,0.0,0.0,0.0,1.0,1.0,0.6,0.525,0.0,0.55,0.4475,False,0,0
855,202512221207,1.0,1.0,1.0,1.0,127,m1,0,0,1.0,1.0,1.0,1.0,1.0,50.0,0.0,0.0,0.0,0.0,1.0,1.0,0.7,0.525,0.0,0.55,0.47750000000000004,False,0,0
856,202512221208,1.0,1.0,1.0,1.0,282,m1,0,0,1.0,1.0,1.0,1.0,1.0,50.0,0.0,0.0,0.0,0.0,1.0,1.0,1.0,0.525,0.0,0.55,0.5675,False,0,0
857,202512221209,1.0,1.0,1.0,1.0,270,m1,0,0,1.0,1.0,1.0,1.0,1.0,50.0,0.0,0.0,0.0,0.0,1.0,1.0,0.95,0.525,0.0,0.55,0.5525,False,0,0
858,202512221210,1.0,1.0,1.0,1.0,120,m1,0,0,1.0,1.0,1.0,1.0,1.0,50.0,0.0,0.0,0.0,0.0,1.0,1.0,0.55,0.525,0.0,0.55,0.4325,False,0,0
859,202512221211,1.0,1.0,1.0,1.0,103,m1,0,0,1.0,1.0,1.0,1.0,1.0,50.0,0.0,0.0,0.0,0.0,1.0,1.0,0.4,0.525,0.0,0.55,0.38749999999999996,False,0,0
860,202512221212,1.0,1.0,1.0,1.0,207,m1,0,0,1.0,1.0,1.0,1.0,1.0,50.0,0.0,0.0,0.0,0.0,1.0,1.0,0.85,0.525,0.0,0.55,0.5225,False,0,0
861,202512221213,1.0,1.0,1.0,1.0,119,m1,0,0,1.0,1.0,1.0,1.0,1.0,50.0,0.0,0.0,0.0,0.0,1.0,1.0,0.45,0.525,0.0,0.55,0.40249999999999997,False,0,0
862,202512221214,1.0,1.0,1.0,1.0,163,m1,0,0,1.0,1.0,1.0,1.0,1.0,50.0,0.0,0.0,0.0,0.0,1.0,1.0,0.7,0.525,0.0,0.55,0.47750000000000004,False,0,0
863,202512221215,1.0,1.0,1.0,1.0,94,m1,0,0,1.0,1.0,1.0,1.0,1.0,50.0,0.0,0.0,0.0,0.0,1.0,1.0,0.2,0.525,0.0,0.55,0.3275,False,0,0
864,202512221216,1.0,1.0,1.0,1.0,126,m1,0,0,1.0,1.0,1.0,1.0,1.0,50.0,0.0,0.0,0.0,0.0,1.0,1.0,0.45,0.525,0.0,0.55,0.40249999999999997,False,0,0
865,202512221217,1.0,1.0,1.0,1.0,94,m1,0,0,1.0,1.0,1.0,1.0,1.0,50.0,0.0,0.0,0.0,0.0,1.0,1.0,0.125,0.525,0.0,0.55,0.30500000000000005,False,0,0
866,202512221218,1.0,1.0,1.0,1.0,81,m1,0,0,1.0,1.0,1.0,1.0,1.0,50.0,0.0,0.0,0.0,0.0,1.0,1.0,0.05,0.525,0.0,0.55,0.2825,False,0,0
867,202512221219,1.0,1.0,1.0,1.0,104,m1,0,0,1.0,1.0,1.0,1.0,1.0,50.0,0.0,0.0,0.0,0.0,1.0,1.0,0.3,0.525,0.0,0.55,0.35750000000000004,False,0,0
868,202512221220,1.0,1.0,1.0,1.0,93,m1,0,0,1.0,1.0,1.0,1.0,1.0,50.0,0.0,0.0,0.0,0.0,1.0,1.0,0.15,0.525,0.0,0.55,0.3125,False,0,0
869,202512221221,1.0,1.0,1.0,1.0,89,m1,0,0,1.0,1.0,1.0,1.0,1.0,50.0,0.0,0.0,0.0,0.0,1.0,1.0,0.15,0.525,0.0,0.55,0.3125,False,0,0
870,202512221222,1.0,1.0,1.0,1.0,103,m1,0,0,1.0,1.0,1.0,1.0,1.0,50.0,0.0,0.0,0.0,0.0,1.0,1.0,0.375,0.525,0.0,0.55,0.38,False,0,0
871,202512221223,1.0,1.0,1.0,1.0,88,m1,0,0,1.0,1.0,1.0,1.0,1.0,50.0,0.0,0.0,0.0,0.0,1.0,1.0,0.125,0.525,0.0,0.55,0.30500000000000005,False,0,0
872,202512221224,1.0,1.0,1.0,1.0,106,m1,0,0,1.0,1.0,1.0,1.0,1.0,50.0,0.0,0.0,0.0,0.0,1.0,1.0,0.55,0.525,0.0,0.55,0.4325,False,0,0
873,202512221225,1.0,1.0,1.0,1.0,69,m1,0,0,1.0,1.0,1.0,1.0,1.0,50.0,0.0,0.0,0.0,0.0,1.0,1.0,0.05,0.525,0.0,0.55,0.2825,False,0,0
874,202512221226,1.0,1.0,1.0,1.0,79,m1,0,0,1.0,1.0,1.0,1.0,1.0,50.0,0.0,0.0,0.0,0.0,1.0,1.0,0.1,0.525,0.0,0.55,0.2975,False,0,0
875,202512221227,1.0,1.0,1.0,1.0,62,m1,0,0,1.0,1.0,1.0,1.0,1.0,50.0,0.0,0.0,0.0,0.0,1.0,1.0,0.05,0.525,0.0,0.55,0.2825,False,0,0
876,202512221228,1.0,1.0,1.0,1.0,69,m1,0,0,1.0,1.0,1.0,1.0,1.0,50.0,0.0,0.0,0.0,0.0,1.0,1.0,0.125,0.525,0.0,0.55,0.30500000000000005,False,0,0
877,202512221229,1.0,1.0,1.0,1.0,79,m1,0,0,1.0,1.0,1.0,1.0,1.0,50.0,0.0,0.0,0.0,0.0,1.0,1.0,0.225,0.525,0.0,0.55,0.335,False,0,0
878,202512221230,1.0,1.0,1.0,1.0,107,m1,0,0,1.0,1.0,1.0,1.0,1.0,50.0,0.0,0.0,0.0,0.0,1.0,1.0,0.8,0.525,0.0,0.55,0.5075,False,0,0
879,202512221231,1.0,1.0,1.0,1.0,145,m1,0,0,1.0,1.0,1.0,1.0,1.0,50.0,0.0,0.0,0.0,0.0,1.0,1.0,0.9,0.525,0.0,0.55,0.5375,False,0,0
880,202512221232,1.0,1.0,1.0,1.0,111,m1,0,0,1.0,1.0,1.0,1.0,1.0,50.0,0.0,0.0,0.0,0.0,1.0,1.0,0.8,0.525,0.0,0.55,0.5075,False,0,0
881,202512221233,1.0,1.0,1.0,1.0,79,m1,0,0,1.0,1.0,1.0,1.0,1.0,50.0,0.0,0.0,0.0,0.0,1.0,1.0,0.25,0.525,0.0,0.55,0.3425,False,0,0
882,202512221234,1.0,1.0,1.0,1.0,59,m1,0,0,1.0,1.0,1.0,1.0,1.0,50.0,0.0,0.0,0.0,0.0,1.0,1.0,0.05,0.525,0.0,0.55,0.2825,False,0,0
883,202512221235,1.0,1.0,1.0,1.0,81,m1,0,0,1.0,1.0,1.0,1.0,1.0,50.0,0.0,0.0,0.0,0.0,1.0,1.0,0.425,0.525,0.0,0.55,0.395,False,0,0
884,202512221236,1.0,1.0,1.0,1.0,96,m1,0,0,1.0,1.0,1.0,1.0,1.0,50.0,0.0,0.0,0.0,0.0,1.0,1.0,0.7,0.525,0.0,0.55,0.47750000000000004,False,0,0
885,202512221237,1.0,1.0,1.0,1.0,94,m1,0,0,1.0,1.0,1.0,1.0,1.0,50.0,0.0,0.0,0.0,0.0,1.0,1.0,0.65,0.525,0.0,0.55,0.4625,False,0,0
886,202512221238,1.0,1.0,1.0,1.0,100,m1,0,0,1.0,1.0,1.0,1.0,1.0,50.0,0.0,0.0,0.0,0.0,1.0,1.0,0.7,0.525,0.0,0.55,0.47750000000000004,False,0,0
887,202512221239,1.0,1.0,1.0,1.0,159,m1,0,0,1.0,1.0,1.0,1.0,1.0,50.0,0.0,0.0,0.0,0.0,1.0,1.0,1.0,0.525,0.0,0.55,0.5675,False,0,0
888,202512221240,1.0,1.0,1.0,1.0,120,m1,0,0,1.0,1.0,1.0,1.0,1.0,50.0,0.0,0.0,0.0,0.0,1.0,1.0,0.9,0.525,0.0,0.55,0.5375,False,0,0
889,202512221241,1.0,1.0,1.0,1.0,117,m1,0,0,1.0,1.0,1.0,1.0,1.0,50.0,0.0,0.0,0.0,0.0,1.0,1.0,0.85,0.525,0.0,0.55,0.5225,False,0,0
890,202512221242,1.0,1.0,1.0,1.0,74,m1,0,0,1.0,1.0,1.0,1.0,1.0,50.0,0.0,0.0,0.0,0.0,1.0,1.0,0.25,0.525,0.0,0.55,0.3425,False,0,0
891,202512221243,1.0,1.0,1.0,1.0,59,m1,0,0,1.0,1.0,1.0,1.0,1.0,50.0,0.0,0.0,0.0,0.0,1.0,1.0,0.075,0.525,0.0,0.55,0.29000000000000004,False,0,0
892,202512221244,1.0,1.0,1.0,1.0,149,m1,0,0,1.0,1.0,1.0,1.0,1.0,50.0,0.0,0.0,0.0,0.0,1.0,1.0,0.95,0.525,0.0,0.55,0.5525,False,0,0
893,202512221245,1.0,1.0,1.0,1.0,99,m1,0,0,1.0,1.0,1.0,1.0,1.0,50.0,0.0,0.0,0.0,0.0,1.0,1.0,0.6,0.525,0.0,0.55,0.4475,False,0,0
894,202512221246,1.0,1.0,1.0,1.0,113,m1,0,0,1.0,1.0,1.0,1.0,1.0,50.0,0.0,0.0,0.0,0.0,1.0,1.0,0.75,0.525,0.0,0.55,0.49249999999999994,False,0,0
895,202512221247,1.0,1.0,1.0,1.0,90,m1,0,0,1.0,1.0,1.0,1.0,1.0,50.0,0.0,0.0,0.0,0.0,1.0,1.0,0.4,0.525,0.0,0.55,0.38749999999999996,False,0,0
896,202512221248,1.0,1.0,1.0,1.0,61,m1,0,0,1.0,1.0,1.0,1.0,1.0,50.0,0.0,0.0,0.0,0.0,1.0,1.0,0.15,0.525,0.0,0.55,0.3125,False,0,0
897,202512221249,1.0,1.0,1.0,1.0,152,m1,0,0,1.0,1.0,1.0,1.0,1.0,50.0,0.0,0.0,0.0,0.0,1.0,1.0,0.95,0.525,0.0,0.55,0.5525,False,0,0
898,202512221250,1.0,1.0,1.0,1.0,121,m1,0,0,1.0,1.0,1.0,1.0,1.0,50.0,0.0,0.0,0.0,0.0,1.0,1.0,0.8,0.525,0.0,0.55,0.5075,False,0,0
899,202512221251,1.0,1.0,1.0,1.0,80,m1,0,0,1.0,1.0,1.0,1.0,1.0,50.0,0.0,0.0,0.0,0.0,1.0,1.0,0.3,0.525,0.0,0.55,0.35750000000000004,False,0,0
900,202512221252,1.0,1.0,1.0,1.0,80,m1,0,0,1.0,1.0,1.0,1.0,1.0,50.0,0.0,0.0,0.0,0.0,1.0,1.0,0.325,0.525,0.0,0.55,0.365,False,0,0
901,202512221253,1.0,1.0,1.0,1.0,88,m1,0,0,1.0,1.0,1.0,1.0,1.0,50.0,0.0,0.0,0.0,0.0,1.0,1.0,0.4,0.525,0.0,0.55,0.38749999999999996,False,0,0
902,202512221254,1.0,1.0,1.0,1.0,93,m1,0,0,1.0,1.0,1.0,1.0,1.0,50.0,0.0,0.0,0.0,0.0,1.0,1.0,0.45,0.525,0.0,0.55,0.40249999999999997,False,0,0
903,202512221255,1.0,1.0,1.0,1.0,140,m1,0,0,1.0,1.0,1.0,1.0,1.0,50.0,0.0,0.0,0.0,0.0,1.0,1.0,0.85,0.525,0.0,0.55,0.5225,False,0,0
904,202512221256,1.0,1.0,1.0,1.0,116,m1,0,0,1.0,1.0,1.0,1.0,1.0,50.0,0.0,0.0,0.0,0.0,1.0,1.0,0.65,0.525,0.0,0.55,0.4625,False,0,0
905,202512221257,1.0,1.0,1.0,1.0,116,m1,0,0,1.0,1.0,1.0,1.0,1.0,50.0,0.0,0.0,0.0,0.0,1.0,1.0,0.625,0.525,0.0,0.55,0.45499999999999996,False,0,0
906,202512221258,1.0,1.0,1.0,1.0,149,m1,0,0,1.0,1.0,1.0,1.0,1.0,50.0,0.0,0.0,0.0,0.0,1.0,1.0,0.875,0.525,0.0,0.55,0.53,False,0,0
907,202512221259,1.0,1.0,1.0,1.0,129,m1,0,0,1.0,1.0,1.0,1.0,1.0,50.0,0.0,0.0,0.0,0.0,1.0,1.0,0.8,0.525,0.0,0.55,0.5075,False,0,0
908,202512221300,1.0,1.0,1.0,1.0,170,m1,0,0,1.0,1.0,1.0,1.0,1.0,50.0,0.0,0.0,0.0,0.0,1.0,1.0,1.0,0.525,0.0,0.55,0.5675,False,0,0
909,202512221301,1.0,1.0,1.0,1.0,147,m1,0,0,1.0,1.0,1.0,1.0,1.0,50.0,0.0,0.0,0.0,0.0,1.0,1.0,0.8,0.525,0.0,0.55,0.5075,False,0,0
910,202512221302,1.0,1.0,1.0,1.0,86,m1,0,0,1.0,1.0,1.0,1.0,1.0,50.0,0.0,0.0,0.0,0.0,1.0,1.0,0.25,0.525,0.0,0.55,0.3425,False,0,0
911,202512221303,1.0,1.0,1.0,1.0,136,m1,0,0,1.0,1.0,1.0,1.0,1.0,50.0,0.0,0.0,0.0,0.0,1.0,1.0,0.7,0.525,0.0,0.55,0.47750000000000004,False,0,0
912,202512221304,1.0,1.0,1.0,1.0,103,m1,0,0,1.0,1.0,1.0,1.0,1.0,50.0,0.0,0.0,0.0,0.0,1.0,1.0,0.45,0.525,0.0,0.55,0.40249999999999997,False,0,0
913,202512221305,1.0,1.0,1.0,1.0,122,m1,0,0,1.0,1.0,1.0,1.0,1.0,50.0,0.0,0.0,0.0,0.0,1.0,1.0,0.65,0.525,0.0,0.55,0.4625,False,0,0
914,202512221306,1.0,1.0,1.0,1.0,143,m1,0,0,1.0,1.0,1.0,1.0,1.0,50.0,0.0,0.0,0.0,0.0,1.0,1.0,0.8,0.525,0.0,0.55,0.5075,False,0,0
915,202512221307,1.0,1.0,1.0,1.0,222,m1,0,0,1.0,1.0,1.0,1.0,1.0,50.0,0.0,0.0,0.0,0.0,1.0,1.0,1.0,0.525,0.0,0.55,0.5675,False,0,0
916,202512221308,1.0,1.0,1.0,1.0,144,m1,0,0,1.0,1.0,1.0,1.0,1.0,50.0,0.0,0.0,0.0,0.0,1.0,1.0,0.75,0.525,0.0,0.55,0.49249999999999994,False,0,0
917,202512221309,1.0,1.0,1.0,1.0,133,m1,0,0,1.0,1.0,1.0,1.0,1.0,50.0,0.0,0.0,0.0,0.0,1.0,1.0,0.6,0.525,0.0,0.55,0.4475,False,0,0
918,202512221310,1.0,1.0,1.0,1.0,1004,m1,0,0,1.0,1.0,1.0,1.0,1.0,50.0,0.0,0.0,0.0,0.0,1.0,1.0,1.0,0.525,0.0,0.55,0.5675,False,0,0
919,202512221311,1.0,1.0,1.0,1.0,225,m1,0,0,1.0,1.0,1.0,1.0,1.0,50.0,0.0,0.0,0.0,0.0,1.0,1.0,0.95,0.525,0.0,0.55,0.5525,False,0,0
920,202512221312,1.0,1.0,1.0,1.0,267,m1,0,0,1.0,1.0,1.0,1.0,1.0,50.0,0.0,0.0,0.0,0.0,1.0,1.0,0.95,0.525,0.0,0.55,0.5525,False,0,0
921,202512221313,1.0,1.0,1.0,1.0,197,m1,0,0,1.0,1.0,1.0,1.0,1.0,50.0,0.0,0.0,0.0,0.0,1.0,1.0,0.8,0.525,0.0,0.55,0.5075,False,0,0
922,202512221314,1.0,1.0,1.0,1.0,125,m1,0,0,1.0,1.0,1.0,1.0,1.0,50.0,0.0,0.0,0.0,0.0,1.0,1.0,0.3,0.525,0.0,0.55,0.35750000000000004,False,0,0
923,202512221315,1.0,1.0,1.0,1.0,188,m1,0,0,1.0,1.0,1.0,1.0,1.0,50.0,0.0,0.0,0.0,0.0,1.0,1.0,0.75,0.525,0.0,0.55,0.49249999999999994,False,0,0
924,202512221316,1.0,1.0,1.0,1.0,142,m1,0,0,1.0,1.0,1.0,1.0,1.0,50.0,0.0,0.0,0.0,0.0,1.0,1.0,0.45,0.525,0.0,0.55,0.40249999999999997,False,0,0
925,202512221317,1.0,1.0,1.0,1.0,180,m1,0,0,1.0,1.0,1.0,1.0,1.0,50.0,0.0,0.0,0.0,0.0,1.0,1.0,0.7,0.525,0.0,0.55,0.47750000000000004,False,0,0
926,202512221318,1.0,1.0,1.0,1.0,135,m1,0,0,1.0,1.0,1.0,1.0,1.0,50.0,0.0,0.0,0.0,0.0,1.0,1.0,0.35,0.525,0.0,0.55,0.37250000000000005,False,0,0
927,202512221319,1.0,1.0,1.0,1.0,129,m1,0,0,1.0,1.0,1.0,1.0,1.0,50.0,0.0,0.0,0.0,0.0,1.0,1.0,0.25,0.525,0.0,0.55,0.3425,False,0,0
928,202512221320,1.0,1.0,1.0,1.0,173,m1,0,0,1.0,1.0,1.0,1.0,1.0,50.0,0.0,0.0,0.0,0.0,1.0,1.0,0.65,0.525,0.0,0.55,0.4625,False,0,0
929,202512221321,1.0,1.0,1.0,1.0,138,m1,0,0,1.0,1.0,1.0,1.0,1.0,50.0,0.0,0.0,0.0,0.0,1.0,1.0,0.45,0.525,0.0,0.55,0.40249999999999997,False,0,0
930,202512221322,1.0,1.0,1.0,1.0,143,m1,0,0,1.0,1.0,1.0,1.0,1.0,50.0,0.0,0.0,0.0,0.0,1.0,1.0,0.525,0.525,0.0,0.55,0.42500000000000004,False,0,0
931,202512221323,1.0,1.0,1.0,1.0,149,m1,0,0,1.0,1.0,1.0,1.0,1.0,50.0,0.0,0.0,0.0,0.0,1.0,1.0,0.6,0.525,0.0,0.55,0.4475,False,0,0
932,202512221324,1.0,1.0,1.0,1.0,177,m1,0,0,1.0,1.0,1.0,1.0,1.0,50.0,0.0,0.0,0.0,0.0,1.0,1.0,0.65,0.525,0.0,0.55,0.4625,False,0,0
933,202512221325,1.0,1.0,1.0,1.0,145,m1,0,0,1.0,1.0,1.0,1.0,1.0,50.0,0.0,0.0,0.0,0.0,1.0,1.0,0.5,0.525,0.0,0.55,0.4175,False,0,0
934,202512221326,1.0,1.0,1.0,1.0,90,m1,0,0,1.0,1.0,1.0,1.0,1.0,50.0,0.0,0.0,0.0,0.0,1.0,1.0,0.05,0.525,0.0,0.55,0.2825,False,0,0
935,202512221327,1.0,1.0,1.0,1.0,73,m1,0,0,1.0,1.0,1.0,1.0,1.0,50.0,0.0,0.0,0.0,0.0,1.0,1.0,0.05,0.525,0.0,0.55,0.2825,False,0,0
936,202512221328,1.0,1.0,1.0,1.0,71,m1,0,0,1.0,1.0,1.0,1.0,1.0,50.0,0.0,0.0,0.0,0.0,1.0,1.0,0.05,0.525,0.0,0.55,0.2825,False,0,0
937,202512221329,1.0,1.0,1.0,1.0,54,m1,0,0,1.0,1.0,1.0,1.0,1.0,50.0,0.0,0.0,0.0,0.0,1.0,1.0,0.05,0.525,0.0,0.55,0.2825,False,0,0
938,202512221330,1.0,1.0,1.0,1.0,111,m1,0,0,1.0,1.0,1.0,1.0,1.0,50.0,0.0,0.0,0.0,0.0,1.0,1.0,0.25,0.525,0.0,0.55,0.3425,False,0,0
939,202512221331,1.0,1.0,1.0,1.0,76,m1,0,0,1.0,1.0,1.0,1.0,1.0,50.0,0.0,0.0,0.0,0.0,1.0,1.0,0.2,0.525,0.0,0.55,0.3275,False,0,0
940,202512221332,1.0,1.0,1.0,1.0,143,m1,0,0,1.0,1.0,1.0,1.0,1.0,50.0,0.0,0.0,0.0,0.0,1.0,1.0,0.625,0.525,0.0,0.55,0.45499999999999996,False,0,0
941,202512221333,1.0,1.0,1.0,1.0,141,m1,0,0,1.0,1.0,1.0,1.0,1.0,50.0,0.0,0.0,0.0,0.0,1.0,1.0,0.55,0.525,0.0,0.55,0.4325,False,0,0
942,202512221334,1.0,1.0,1.0,1.0,199,m1,0,0,1.0,1.0,1.0,1.0,1.0,50.0,0.0,0.0,0.0,0.0,1.0,1.0,1.0,0.525,0.0,0.55,0.5675,False,0,0
943,202512221335,1.0,1.0,1.0,1.0,184,m1,0,0,1.0,1.0,1.0,1.0,1.0,50.0,0.0,0.0,0.0,0.0,1.0,1.0,0.95,0.525,0.0,0.55,0.5525,False,0,0
944,202512221336,1.0,1.0,1.0,1.0,142,m1,0,0,1.0,1.0,1.0,1.0,1.0,50.0,0.0,0.0,0.0,0.0,1.0,1.0,0.55,0.525,0.0,0.55,0.4325,False,0,0
945,202512221337,1.0,1.0,1.0,1.0,114,m1,0,0,1.0,1.0,1.0,1.0,1.0,50.0,0.0,0.0,0.0,0.0,1.0,1.0,0.35,0.525,0.0,0.55,0.37250000000000005,False,0,0
946,202512221338,1.0,1.0,1.0,1.0,180,m1,0,0,1.0,1.0,1.0,1.0,1.0,50.0,0.0,0.0,0.0,0.0,1.0,1.0,0.9,0.525,0.0,0.55,0.5375,False,0,0
947,202512221339,1.0,1.0,1.0,1.0,128,m1,0,0,1.0,1.0,1.0,1.0,1.0,50.0,0.0,0.0,0.0,0.0,1.0,1.0,0.4,0.525,0.0,0.55,0.38749999999999996,False,0,0
948,202512221340,1.0,1.0,1.0,1.0,183,m1,0,0,1.0,1.0,1.0,1.0,1.0,50.0,0.0,0.0,0.0,0.0,1.0,1.0,0.9,0.525,0.0,0.55,0.5375,False,0,0
949,202512221341,1.0,1.0,1.0,1.0,132,m1,0,0,1.0,1.0,1.0,1.0,1.0,50.0,0.0,0.0,0.0,0.0,1.0,1.0,0.45,0.525,0.0,0.55,0.40249999999999997,False,0,0
950,202512221342,1.0,1.0,1.0,1.0,168,m1,0,0,1.0,1.0,1.0,1.0,1.0,50.0,0.0,0.0,0.0,0.0,1.0,1.0,0.75,0.525,0.0,0.55,0.49249999999999994,False,0,0
951,202512221343,1.0,1.0,1.0,1.0,200,m1,0,0,1.0,1.0,1.0,1.0,1.0,50.0,0.0,0.0,0.0,0.0,1.0,1.0,1.0,0.525,0.0,0.55,0.5675,False,0,0
952,202512221344,1.0,1.0,1.0,1.0,223,m1,0,0,1.0,1.0,1.0,1.0,1.0,50.0,0.0,0.0,0.0,0.0,1.0,1.0,1.0,0.525,0.0,0.55,0.5675,False,0,0
953,202512221345,1.0,1.0,1.0,1.0,276,m1,0,0,1.0,1.0,1.0,1.0,1.0,50.0,0.0,0.0,0.0,0.0,1.0,1.0,1.0,0.525,0.0,0.55,0.5675,False,0,0
954,202512221346,1.0,1.0,1.0,1.0,166,m1,0,0,1.0,1.0,1.0,1.0,1.0,50.0,0.0,0.0,0.0,0.0,1.0,1.0,0.6,0.525,0.0,0.55,0.4475,False,0,0
955,202512221347,1.0,1.0,1.0,1.0,109,m1,0,0,1.0,1.0,1.0,1.0,1.0,50.0,0.0,0.0,0.0,0.0,1.0,1.0,0.2,0.525,0.0,0.55,0.3275,False,0,0
956,202512221348,1.0,1.0,1.0,1.0,91,m1,0,0,1.0,1.0,1.0,1.0,1.0,50.0,0.0,0.0,0.0,0.0,1.0,1.0,0.15,0.525,0.0,0.55,0.3125,False,0,0
957,202512221349,1.0,1.0,1.0,1.0,112,m1,0,0,1.0,1.0,1.0,1.0,1.0,50.0,0.0,0.0,0.0,0.0,1.0,1.0,0.25,0.525,0.0,0.55,0.3425,False,0,0
958,202512221350,1.0,1.0,1.0,1.0,179,m1,0,0,1.0,1.0,1.0,1.0,1.0,50.0,0.0,0.0,0.0,0.0,1.0,1.0,0.65,0.525,0.0,0.55,0.4625,False,0,0
959,202512221351,1.0,1.0,1.0,1.0,175,m1,0,0,1.0,1.0,1.0,1.0,1.0,50.0,0.0,0.0,0.0,0.0,1.0,1.0,0.6,0.525,0.0,0.55,0.4475,False,0,0
960,202512221352,1.0,1.0,1.0,1.0,137,m1,0,0,1.0,1.0,1.0,1.0,1.0,50.0,0.0,0.0,0.0,0.0,1.0,1.0,0.35,0.525,0.0,0.55,0.37250000000000005,False,0,0
961,202512221353,1.0,1.0,1.0,1.0,171,m1,0,0,1.0,1.0,1.0,1.0,1.0,50.0,0.0,0.0,0.0,0.0,1.0,1.0,0.55,0.525,0.0,0.55,0.4325,False,0,0
962,202512221354,1.0,1.0,1.0,1.0,87,m1,0,0,1.0,1.0,1.0,1.0,1.0,50.0,0.0,0.0,0.0,0.0,1.0,1.0,0.05,0.525,0.0,0.55,0.2825,False,0,0
963,202512221355,1.0,1.0,1.0,1.0,90,m1,0,0,1.0,1.0,1.0,1.0,1.0,50.0,0.0,0.0,0.0,0.0,1.0,1.0,0.1,0.525,0.0,0.55,0.2975,False,0,0
964,202512221356,1.0,1.0,1.0,1.0,184,m1,0,0,1.0,1.0,1.0,1.0,1.0,50.0,0.0,0.0,0.0,0.0,1.0,1.0,0.85,0.525,0.0,0.55,0.5225,False,0,0
965,202512221357,1.0,1.0,1.0,1.0,145,m1,0,0,1.0,1.0,1.0,1.0,1.0,50.0,0.0,0.0,0.0,0.0,1.0,1.0,0.45,0.525,0.0,0.55,0.40249999999999997,False,0,0
966,202512221358,1.0,1.0,1.0,1.0,134,m1,0,0,1.0,1.0,1.0,1.0,1.0,50.0,0.0,0.0,0.0,0.0,1.0,1.0,0.4,0.525,0.0,0.55,0.38749999999999996,False,0,0
967,202512221359,1.0,1.0,1.0,1.0,118,m1,0,0,1.0,1.0,1.0,1.0,1.0,50.0,0.0,0.0,0.0,0.0,1.0,1.0,0.3,0.525,0.0,0.55,0.35750000000000004,False,0,0
968,202512221400,1.0,1.0,1.0,1.0,139,m1,0,0,1.0,1.0,1.0,1.0,1.0,50.0,0.0,0.0,0.0,0.0,1.0,1.0,0.5,0.525,0.0,0.55,0.4175,False,0,0
969,202512221401,1.0,1.0,1.0,1.0,152,m1,0,0,1.0,1.0,1.0,1.0,1.0,50.0,0.0,0.0,0.0,0.0,1.0,1.0,0.55,0.525,0.0,0.55,0.4325,False,0,0
970,202512221402,1.0,1.0,1.0,1.0,130,m1,0,0,1.0,1.0,1.0,1.0,1.0,50.0,0.0,0.0,0.0,0.0,1.0,1.0,0.35,0.525,0.0,0.55,0.37250000000000005,False,0,0
971,202512221403,1.0,1.0,1.0,1.0,154,m1,0,0,1.0,1.0,1.0,1.0,1.0,50.0,0.0,0.0,0.0,0.0,1.0,1.0,0.65,0.525,0.0,0.55,0.4625,False,0,0
972,202512221404,1.0,1.0,1.0,1.0,85,m1,0,0,1.0,1.0,1.0,1.0,1.0,50.0,0.0,0.0,0.0,0.0,1.0,1.0,0.05,0.525,0.0,0.55,0.2825,False,0,0
973,202512221405,1.0,1.0,1.0,1.0,103,m1,0,0,1.0,1.0,1.0,1.0,1.0,50.0,0.0,0.0,0.0,0.0,1.0,1.0,0.25,0.525,0.0,0.55,0.3425,False,0,0
974,202512221406,1.0,1.0,1.0,1.0,125,m1,0,0,1.0,1.0,1.0,1.0,1.0,50.0,0.0,0.0,0.0,0.0,1.0,1.0,0.45,0.525,0.0,0.55,0.40249999999999997,False,0,0
975,202512221407,1.0,1.0,1.0,1.0,83,m1,0,0,1.0,1.0,1.0,1.0,1.0,50.0,0.0,0.0,0.0,0.0,1.0,1.0,0.05,0.525,0.0,0.55,0.2825,False,0,0
976,202512221408,1.0,1.0,1.0,1.0,131,m1,0,0,1.0,1.0,1.0,1.0,1.0,50.0,0.0,0.0,0.0,0.0,1.0,1.0,0.5,0.525,0.0,0.55,0.4175,False,0,0
977,202512221409,1.0,1.0,1.0,1.0,99,m1,0,0,1.0,1.0,1.0,1.0,1.0,50.0,0.0,0.0,0.0,0.0,1.0,1.0,0.25,0.525,0.0,0.55,0.3425,False,0,0
978,202512221410,1.0,1.0,1.0,1.0,92,m1,0,0,1.0,1.0,1.0,1.0,1.0,50.0,0.0,0.0,0.0,0.0,1.0,1.0,0.25,0.525,0.0,0.55,0.3425,False,0,0
979,202512221411,1.0,1.0,1.0,1.0,81,m1,0,0,1.0,1.0,1.0,1.0,1.0,50.0,0.0,0.0,0.0,0.0,1.0,1.0,0.05,0.525,0.0,0.55,0.2825,False,0,0
980,202512221412,1.0,1.0,1.0,1.0,98,m1,0,0,1.0,1.0,1.0,1.0,1.0,50.0,0.0,0.0,0.0,0.0,1.0,1.0,0.35,0.525,0.0,0.55,0.37250000000000005,False,0,0
981,202512221413,1.0,1.0,1.0,1.0,170,m1,0,0,1.0,1.0,1.0,1.0,1.0,50.0,0.0,0.0,0.0,0.0,1.0,1.0,0.95,0.525,0.0,0.55,0.5525,False,0,0
982,202512221414,1.0,1.0,1.0,1.0,86,m1,0,0,1.0,1.0,1.0,1.0,1.0,50.0,0.0,0.0,0.0,0.0,1.0,1.0,0.2,0.525,0.0,0.55,0.3275,False,0,0
983,202512221415,1.0,1.0,1.0,1.0,72,m1,0,0,1.0,1.0,1.0,1.0,1.0,50.0,0.0,0.0,0.0,0.0,1.0,1.0,0.05,0.525,0.0,0.55,0.2825,False,0,0
984,202512221416,1.0,1.0,1.0,1.0,142,m1,0,0,1.0,1.0,1.0,1.0,1.0,50.0,0.0,0.0,0.0,0.0,1.0,1.0,0.8,0.525,0.0,0.55,0.5075,False,0,0
985,202512221417,1.0,1.0,1.0,1.0,120,m1,0,0,1.0,1.0,1.0,1.0,1.0,50.0,0.0,0.0,0.0,0.0,1.0,1.0,0.55,0.525,0.0,0.55,0.4325,False,0,0
986,202512221418,1.0,1.0,1.0,1.0,84,m1,0,0,1.0,1.0,1.0,1.0,1.0,50.0,0.0,0.0,0.0,0.0,1.0,1.0,0.2,0.525,0.0,0.55,0.3275,False,0,0
987,202512221419,1.0,1.0,1.0,1.0,70,m1,0,0,1.0,1.0,1.0,1.0,1.0,50.0,0.0,0.0,0.0,0.0,1.0,1.0,0.05,0.525,0.0,0.55,0.2825,False,0,0
988,202512221420,1.0,1.0,1.0,1.0,85,m1,0,0,1.0,1.0,1.0,1.0,1.0,50.0,0.0,0.0,0.0,0.0,1.0,1.0,0.325,0.525,0.0,0.55,0.365,False,0,0
989,202512221421,1.0,1.0,1.0,1.0,96,m1,0,0,1.0,1.0,1.0,1.0,1.0,50.0,0.0,0.0,0.0,0.0,1.0,1.0,0.5,0.525,0.0,0.55,0.4175,False,0,0
990,202512221422,1.0,1.0,1.0,1.0,99,m1,0,0,1.0,1.0,1.0,1.0,1.0,50.0,0.0,0.0,0.0,0.0,1.0,1.0,0.625,0.525,0.0,0.55,0.45499999999999996,False,0,0
991,202512221423,1.0,1.0,1.0,1.0,108,m1,0,0,1.0,1.0,1.0,1.0,1.0,50.0,0.0,0.0,0.0,0.0,1.0,1.0,0.75,0.525,0.0,0.55,0.49249999999999994,False,0,0
992,202512221424,1.0,1.0,1.0,1.0,107,m1,0,0,1.0,1.0,1.0,1.0,1.0,50.0,0.0,0.0,0.0,0.0,1.0,1.0,0.7,0.525,0.0,0.55,0.47750000000000004,False,0,0
993,202512221425,1.0,1.0,1.0,1.0,134,m1,0,0,1.0,1.0,1.0,1.0,1.0,50.0,0.0,0.0,0.0,0.0,1.0,1.0,0.9,0.525,0.0,0.55,0.5375,False,0,0
994,202512221426,1.0,1.0,1.0,1.0,119,m1,0,0,1.0,1.0,1.0,1.0,1.0,50.0,0.0,0.0,0.0,0.0,1.0,1.0,0.75,0.525,0.0,0.55,0.49249999999999994,False,0,0
995,202512221427,1.0,1.0,1.0,1.0,101,m1,0,0,1.0,1.0,1.0,1.0,1.0,50.0,0.0,0.0,0.0,0.0,1.0,1.0,0.6,0.525,0.0,0.55,0.4475,False,0,0
996,202512221428,1.0,1.0,1.0,1.0,202,m1,0,0,1.0,1.0,1.0,1.0,1.0,50.0,0.0,0.0,0.0,0.0,1.0,1.0,1.0,0.525,0.0,0.55,0.5675,False,0,0
997,202512221429,1.0,1.0,1.0,1.0,121,m1,0,0,1.0,1.0,1.0,1.0,1.0,50.0,0.0,0.0,0.0,0.0,1.0,1.0,0.8,0.525,0.0,0.55,0.5075,False,0,0
998,202512221430,1.0,1.0,1.0,1.0,220,m1,0,0,1.0,1.0,1.0,1.0,1.0,50.0,0.0,0.0,0.0,0.0,1.0,1.0,1.0,0.525,0.0,0.55,0.5675,False,0,0
999,202512221431,1.0,1.0,1.0,1.0,257,m1,0,0,1.0,1.0,1.0,1.0,1.0,50.0,0.0,0.0,0.0,0.0,1.0,1.0,1.0,0.525,0.0,0.55,0.5675,False,0,0
1000,202512221432,1.0,1.0,1.0,1.0,197,m1,0,0,1.0,1.0,1.0,1.0,1.0,50.0,0.0,0.0,0.0,0.0,1.0,1.0,0.85,0.525,0.0,0.55,0.5225,False,0,0
1001,202512221433,1.0,1.0,1.0,1.0,150,m1,0,0,1.0,1.0,1.0,1.0,1.0,50.0,0.0,0.0,0.0,0.0,1.0,1.0,0.8,0.525,0.0,0.55,0.5075,False,0,0
1002,202512221434,1.0,1.0,1.0,1.0,157,m1,0,0,1.0,1.0,1.0,1.0,1.0,50.0,0.0,0.0,0.0,0.0,1.0,1.0,0.8,0.525,0.0,0.55,0.5075,False,0,0
1003,202512221435,1.0,1.0,1.0,1.0,195,m1,0,0,1.0,1.0,1.0,1.0,1.0,50.0,0.0,0.0,0.0,0.0,1.0,1.0,0.8,0.525,0.0,0.55,0.5075,False,0,0
1004,202512221436,1.0,1.0,1.0,1.0,198,m1,0,0,1.0,1.0,1.0,1.0,1.0,50.0,0.0,0.0,0.0,0.0,1.0,1.0,0.85,0.525,0.0,0.55,0.5225,False,0,0
1005,202512221437,1.0,1.0,1.0,1.0,285,m1,0,0,1.0,1.0,1.0,1.0,1.0,50.0,0.0,0.0,0.0,0.0,1.0,1.0,1.0,0.525,0.0,0.55,0.5675,False,0,0
1006,202512221438,1.0,1.0,1.0,1.0,186,m1,0,0,1.0,1.0,1.0,1.0,1.0,50.0,0.0,0.0,0.0,0.0,1.0,1.0,0.65,0.525,0.0,0.55,0.4625,False,0,0
1007,202512221439,1.0,1.0,1.0,1.0,199,m1,0,0,1.0,1.0,1.0,1.0,1.0,50.0,0.0,0.0,0.0,0.0,1.0,1.0,0.8,0.525,0.0,0.55,0.5075,False,0,0
1008,202512221440,1.0,1.0,1.0,1.0,214,m1,0,0,1.0,1.0,1.0,1.0,1.0,50.0,0.0,0.0,0.0,0.0,1.0,1.0,0.85,0.525,0.0,0.55,0.5225,False,0,0
1009,202512221441,1.0,1.0,1.0,1.0,234,m1,0,0,1.0,1.0,1.0,1.0,1.0,50.0,0.0,0.0,0.0,0.0,1.0,1.0,0.9,0.525,0.0,0.55,0.5375,False,0,0
1010,202512221442,1.0,1.0,1.0,1.0,213,m1,0,0,1.0,1.0,1.0,1.0,1.0,50.0,0.0,0.0,0.0,0.0,1.0,1.0,0.75,0.525,0.0,0.55,0.49249999999999994,False,0,0
1011,202512221443,1.0,1.0,1.0,1.0,173,m1,0,0,1.0,1.0,1.0,1.0,1.0,50.0,0.0,0.0,0.0,0.0,1.0,1.0,0.4,0.525,0.0,0.55,0.38749999999999996,False,0,0
1012,202512221444,1.0,1.0,1.0,1.0,212,m1,0,0,1.0,1.0,1.0,1.0,1.0,50.0,0.0,0.0,0.0,0.0,1.0,1.0,0.7,0.525,0.0,0.55,0.47750000000000004,False,0,0
1013,202512221445,1.0,1.0,1.0,1.0,178,m1,0,0,1.0,1.0,1.0,1.0,1.0,50.0,0.0,0.0,0.0,0.0,1.0,1.0,0.35,0.525,0.0,0.55,0.37250000000000005,False,0,0
1014,202512221446,1.0,1.0,1.0,1.0,157,m1,0,0,1.0,1.0,1.0,1.0,1.0,50.0,0.0,0.0,0.0,0.0,1.0,1.0,0.225,0.525,0.0,0.55,0.335,False,0,0
1015,202512221447,1.0,1.0,1.0,1.0,103,m1,0,0,1.0,1.0,1.0,1.0,1.0,50.0,0.0,0.0,0.0,0.0,1.0,1.0,0.05,0.525,0.0,0.55,0.2825,False,0,0
1016,202512221448,1.0,1.0,1.0,1.0,130,m1,0,0,1.0,1.0,1.0,1.0,1.0,50.0,0.0,0.0,0.0,0.0,1.0,1.0,0.15,0.525,0.0,0.55,0.3125,False,0,0
1017,202512221449,1.0,1.0,1.0,1.0,243,m1,0,0,1.0,1.0,1.0,1.0,1.0,50.0,0.0,0.0,0.0,0.0,1.0,1.0,0.9,0.525,0.0,0.55,0.5375,False,0,0
1018,202512221450,1.0,1.0,1.0,1.0,219,m1,0,0,1.0,1.0,1.0,1.0,1.0,50.0,0.0,0.0,0.0,0.0,1.0,1.0,0.8,0.525,0.0,0.55,0.5075,False,0,0
1019,202512221451,1.0,1.0,1.0,1.0,164,m1,0,0,1.0,1.0,1.0,1.0,1.0,50.0,0.0,0.0,0.0,0.0,1.0,1.0,0.3,0.525,0.0,0.55,0.35750000000000004,False,0,0
1020,202512221452,1.0,1.0,1.0,1.0,142,m1,0,0,1.0,1.0,1.0,1.0,1.0,50.0,0.0,0.0,0.0,0.0,1.0,1.0,0.15,0.525,0.0,0.55,0.3125,False,0,0
1021,202512221453,1.0,1.0,1.0,1.0,106,m1,0,0,1.0,1.0,1.0,1.0,1.0,50.0,0.0,0.0,0.0,0.0,1.0,1.0,0.1,0.525,0.0,0.55,0.2975,False,0,0
1022,202512221454,1.0,1.0,1.0,1.0,202,m1,0,0,1.0,1.0,1.0,1.0,1.0,50.0,0.0,0.0,0.0,0.0,1.0,1.0,0.65,0.525,0.0,0.55,0.4625,False,0,0
1023,202512221455,1.0,1.0,1.0,1.0,170,m1,0,0,1.0,1.0,1.0,1.0,1.0,50.0,0.0,0.0,0.0,0.0,1.0,1.0,0.35,0.525,0.0,0.55,0.37250000000000005,False,0,0
1024,202512221456,1.0,1.0,1.0,1.0,165,m1,0,0,1.0,1.0,1.0,1.0,1.0,50.0,0.0,0.0,0.0,0.0,1.0,1.0,0.35,0.525,0.0,0.55,0.37250000000000005,False,0,0
1025,202512221457,1.0,1.0,1.0,1.0,136,m1,0,0,1.0,1.0,1.0,1.0,1.0,50.0,0.0,0.0,0.0,0.0,1.0,1.0,0.2,0.525,0.0,0.55,0.3275,False,0,0
1026,202512221458,1.0,1.0,1.0,1.0,171,m1,0,0,1.0,1.0,1.0,1.0,1.0,50.0,0.0,0.0,0.0,0.0,1.0,1.0,0.5,0.525,0.0,0.55,0.4175,False,0,0
1027,202512221459,1.0,1.0,1.0,1.0,147,m1,0,0,1.0,1.0,1.0,1.0,1.0,50.0,0.0,0.0,0.0,0.0,1.0,1.0,0.3,0.525,0.0,0.55,0.35750000000000004,False,0,0
1028,202512221500,1.0,1.0,1.0,1.0,266,m1,0,0,1.0,1.0,1.0,1.0,1.0,50.0,0.0,0.0,0.0,0.0,1.0,1.0,1.0,0.525,0.0,0.55,0.5675,False,0,0
1029,202512221501,1.0,1.0,1.0,1.0,203,m1,0,0,1.0,1.0,1.0,1.0,1.0,50.0,0.0,0.0,0.0,0.0,1.0,1.0,0.75,0.525,0.0,0.55,0.49249999999999994,False,0,0
1030,202512221502,1.0,1.0,1.0,1.0,157,m1,0,0,1.0,1.0,1.0,1.0,1.0,50.0,0.0,0.0,0.0,0.0,1.0,1.0,0.375,0.525,0.0,0.55,0.38,False,0,0
1031,202512221503,1.0,1.0,1.0,1.0,98,m1,0,0,1.0,1.0,1.0,1.0,1.0,50.0,0.0,0.0,0.0,0.0,1.0,1.0,0.05,0.525,0.0,0.55,0.2825,False,0,0
1032,202512221504,1.0,1.0,1.0,1.0,133,m1,0,0,1.0,1.0,1.0,1.0,1.0,50.0,0.0,0.0,0.0,0.0,1.0,1.0,0.25,0.525,0.0,0.55,0.3425,False,0,0
1033,202512221505,1.0,1.0,1.0,1.0,148,m1,0,0,1.0,1.0,1.0,1.0,1.0,50.0,0.0,0.0,0.0,0.0,1.0,1.0,0.45,0.525,0.0,0.55,0.40249999999999997,False,0,0
1034,202512221506,1.0,1.0,1.0,1.0,98,m1,0,0,1.0,1.0,1.0,1.0,1.0,50.0,0.0,0.0,0.0,0.0,1.0,1.0,0.075,0.525,0.0,0.55,0.29000000000000004,False,0,0
1035,202512221507,1.0,1.0,1.0,1.0,123,m1,0,0,1.0,1.0,1.0,1.0,1.0,50.0,0.0,0.0,0.0,0.0,1.0,1.0,0.2,0.525,0.0,0.55,0.3275,False,0,0
1036,202512221508,1.0,1.0,1.0,1.0,204,m1,0,0,1.0,1.0,1.0,1.0,1.0,50.0,0.0,0.0,0.0,0.0,1.0,1.0,0.85,0.525,0.0,0.55,0.5225,False,0,0
1037,202512221509,1.0,1.0,1.0,1.0,131,m1,0,0,1.0,1.0,1.0,1.0,1.0,50.0,0.0,0.0,0.0,0.0,1.0,1.0,0.25,0.525,0.0,0.55,0.3425,False,0,0
1038,202512221510,1.0,1.0,1.0,1.0,175,m1,0,0,1.0,1.0,1.0,1.0,1.0,50.0,0.0,0.0,0.0,0.0,1.0,1.0,0.8,0.525,0.0,0.55,0.5075,False,0,0
1039,202512221511,1.0,1.0,1.0,1.0,124,m1,0,0,1.0,1.0,1.0,1.0,1.0,50.0,0.0,0.0,0.0,0.0,1.0,1.0,0.25,0.525,0.0,0.55,0.3425,False,0,0
1040,202512221512,1.0,1.0,1.0,1.0,225,m1,0,0,1.0,1.0,1.0,1.0,1.0,50.0,0.0,0.0,0.0,0.0,1.0,1.0,0.95,0.525,0.0,0.55,0.5525,False,0,0
1041,202512221513,1.0,1.0,1.0,1.0,221,m1,0,0,1.0,1.0,1.0,1.0,1.0,50.0,0.0,0.0,0.0,0.0,1.0,1.0,0.9,0.525,0.0,0.55,0.5375,False,0,0
1042,202512221514,1.0,1.0,1.0,1.0,181,m1,0,0,1.0,1.0,1.0,1.0,1.0,50.0,0.0,0.0,0.0,0.0,1.0,1.0,0.75,0.525,0.0,0.55,0.49249999999999994,False,0,0
1043,202512221515,1.0,1.0,1.0,1.0,211,m1,0,0,1.0,1.0,1.0,1.0,1.0,50.0,0.0,0.0,0.0,0.0,1.0,1.0,0.85,0.525,0.0,0.55,0.5225,False,0,0
1044,202512221516,1.0,1.0,1.0,1.0,101,m1,0,0,1.0,1.0,1.0,1.0,1.0,50.0,0.0,0.0,0.0,0.0,1.0,1.0,0.15,0.525,0.0,0.55,0.3125,False,0,0
1045,202512221517,1.0,1.0,1.0,1.0,158,m1,0,0,1.0,1.0,1.0,1.0,1.0,50.0,0.0,0.0,0.0,0.0,1.0,1.0,0.55,0.525,0.0,0.55,0.4325,False,0,0
1046,202512221518,1.0,1.0,1.0,1.0,115,m1,0,0,1.0,1.0,1.0,1.0,1.0,50.0,0.0,0.0,0.0,0.0,1.0,1.0,0.2,0.525,0.0,0.55,0.3275,False,0,0
1047,202512221519,1.0,1.0,1.0,1.0,74,m1,0,0,1.0,1.0,1.0,1.0,1.0,50.0,0.0,0.0,0.0,0.0,1.0,1.0,0.05,0.525,0.0,0.55,0.2825,False,0,0
1048,202512221520,1.0,1.0,1.0,1.0,123,m1,0,0,1.0,1.0,1.0,1.0,1.0,50.0,0.0,0.0,0.0,0.0,1.0,1.0,0.325,0.525,0.0,0.55,0.365,False,0,0
1049,202512221521,1.0,1.0,1.0,1.0,176,m1,0,0,1.0,1.0,1.0,1.0,1.0,50.0,0.0,0.0,0.0,0.0,1.0,1.0,0.75,0.525,0.0,0.55,0.49249999999999994,False,0,0
1050,202512221522,1.0,1.0,1.0,1.0,118,m1,0,0,1.0,1.0,1.0,1.0,1.0,50.0,0.0,0.0,0.0,0.0,1.0,1.0,0.3,0.525,0.0,0.55,0.35750000000000004,False,0,0
1051,202512221523,1.0,1.0,1.0,1.0,133,m1,0,0,1.0,1.0,1.0,1.0,1.0,50.0,0.0,0.0,0.0,0.0,1.0,1.0,0.525,0.525,0.0,0.55,0.42500000000000004,False,0,0
1052,202512221524,1.0,1.0,1.0,1.0,118,m1,0,0,1.0,1.0,1.0,1.0,1.0,50.0,0.0,0.0,0.0,0.0,1.0,1.0,0.275,0.525,0.0,0.55,0.35,False,0,0
1053,202512221525,1.0,1.0,1.0,1.0,140,m1,0,0,1.0,1.0,1.0,1.0,1.0,50.0,0.0,0.0,0.0,0.0,1.0,1.0,0.6,0.525,0.0,0.55,0.4475,False,0,0
1054,202512221526,1.0,1.0,1.0,1.0,126,m1,0,0,1.0,1.0,1.0,1.0,1.0,50.0,0.0,0.0,0.0,0.0,1.0,1.0,0.45,0.525,0.0,0.55,0.40249999999999997,False,0,0
1055,202512221527,1.0,1.0,1.0,1.0,75,m1,0,0,1.0,1.0,1.0,1.0,1.0,50.0,0.0,0.0,0.0,0.0,1.0,1.0,0.1,0.525,0.0,0.55,0.2975,False,0,0
1056,202512221528,1.0,1.0,1.0,1.0,160,m1,0,0,1.0,1.0,1.0,1.0,1.0,50.0,0.0,0.0,0.0,0.0,1.0,1.0,0.7,0.525,0.0,0.55,0.47750000000000004,False,0,0
1057,202512221529,1.0,1.0,1.0,1.0,167,m1,0,0,1.0,1.0,1.0,1.0,1.0,50.0,0.0,0.0,0.0,0.0,1.0,1.0,0.7,0.525,0.0,0.55,0.47750000000000004,False,0,0
1058,202512221530,1.0,1.0,1.0,1.0,140,m1,0,0,1.0,1.0,1.0,1.0,1.0,50.0,0.0,0.0,0.0,0.0,1.0,1.0,0.575,0.525,0.0,0.55,0.43999999999999995,False,0,0
1059,202512221531,1.0,1.0,1.0,1.0,146,m1,0,0,1.0,1.0,1.0,1.0,1.0,50.0,0.0,0.0,0.0,0.0,1.0,1.0,0.6,0.525,0.0,0.55,0.4475,False,0,0
1060,202512221532,1.0,1.0,1.0,1.0,177,m1,0,0,1.0,1.0,1.0,1.0,1.0,50.0,0.0,0.0,0.0,0.0,1.0,1.0,0.85,0.525,0.0,0.55,0.5225,False,0,0
1061,202512221533,1.0,1.0,1.0,1.0,140,m1,0,0,1.0,1.0,1.0,1.0,1.0,50.0,0.0,0.0,0.0,0.0,1.0,1.0,0.55,0.525,0.0,0.55,0.4325,False,0,0
1062,202512221534,1.0,1.0,1.0,1.0,110,m1,0,0,1.0,1.0,1.0,1.0,1.0,50.0,0.0,0.0,0.0,0.0,1.0,1.0,0.2,0.525,0.0,0.55,0.3275,False,0,0
1063,202512221535,1.0,1.0,1.0,1.0,166,m1,0,0,1.0,1.0,1.0,1.0,1.0,50.0,0.0,0.0,0.0,0.0,1.0,1.0,0.85,0.525,0.0,0.55,0.5225,False,0,0
1064,202512221536,1.0,1.0,1.0,1.0,133,m1,0,0,1.0,1.0,1.0,1.0,1.0,50.0,0.0,0.0,0.0,0.0,1.0,1.0,0.475,0.525,0.0,0.55,0.41000000000000003,False,0,0
1065,202512221537,1.0,1.0,1.0,1.0,159,m1,0,0,1.0,1.0,1.0,1.0,1.0,50.0,0.0,0.0,0.0,0.0,1.0,1.0,0.75,0.525,0.0,0.55,0.49249999999999994,False,0,0
1066,202512221538,1.0,1.0,1.0,1.0,92,m1,0,0,1.0,1.0,1.0,1.0,1.0,50.0,0.0,0.0,0.0,0.0,1.0,1.0,0.15,0.525,0.0,0.55,0.3125,False,0,0
1067,202512221539,1.0,1.0,1.0,1.0,251,m1,0,0,1.0,1.0,1.0,1.0,1.0,50.0,0.0,0.0,0.0,0.0,1.0,1.0,1.0,0.525,0.0,0.55,0.5675,False,0,0
1068,202512221540,1.0,1.0,1.0,1.0,120,m1,0,0,1.0,1.0,1.0,1.0,1.0,50.0,0.0,0.0,0.0,0.0,1.0,1.0,0.3,0.525,0.0,0.55,0.35750000000000004,False,0,0
1069,202512221541,1.0,1.0,1.0,1.0,128,m1,0,0,1.0,1.0,1.0,1.0,1.0,50.0,0.0,0.0,0.0,0.0,1.0,1.0,0.4,0.525,0.0,0.55,0.38749999999999996,False,0,0
1070,202512221542,1.0,1.0,1.0,1.0,129,m1,0,0,1.0,1.0,1.0,1.0,1.0,50.0,0.0,0.0,0.0,0.0,1.0,1.0,0.4,0.525,0.0,0.55,0.38749999999999996,False,0,0
1071,202512221543,1.0,1.0,1.0,1.0,174,m1,0,0,1.0,1.0,1.0,1.0,1.0,50.0,0.0,0.0,0.0,0.0,1.0,1.0,0.9,0.525,0.0,0.55,0.5375,False,0,0
1072,202512221544,1.0,1.0,1.0,1.0,167,m1,0,0,1.0,1.0,1.0,1.0,1.0,50.0,0.0,0.0,0.0,0.0,1.0,1.0,0.825,0.525,0.0,0.55,0.515,False,0,0
1073,202512221545,1.0,1.0,1.0,1.0,106,m1,0,0,1.0,1.0,1.0,1.0,1.0,50.0,0.0,0.0,0.0,0.0,1.0,1.0,0.15,0.525,0.0,0.55,0.3125,False,0,0
1074,202512221546,1.0,1.0,1.0,1.0,79,m1,0,0,1.0,1.0,1.0,1.0,1.0,50.0,0.0,0.0,0.0,0.0,1.0,1.0,0.1,0.525,0.0,0.55,0.2975,False,0,0
1075,202512221547,1.0,1.0,1.0,1.0,185,m1,0,0,1.0,1.0,1.0,1.0,1.0,50.0,0.0,0.0,0.0,0.0,1.0,1.0,0.95,0.525,0.0,0.55,0.5525,False,0,0
1076,202512221548,1.0,1.0,1.0,1.0,136,m1,0,0,1.0,1.0,1.0,1.0,1.0,50.0,0.0,0.0,0.0,0.0,1.0,1.0,0.45,0.525,0.0,0.55,0.40249999999999997,False,0,0
1077,202512221549,1.0,1.0,1.0,1.0,149,m1,0,0,1.0,1.0,1.0,1.0,1.0,50.0,0.0,0.0,0.0,0.0,1.0,1.0,0.65,0.525,0.0,0.55,0.4625,False,0,0
1078,202512221550,1.0,1.0,1.0,1.0,162,m1,0,0,1.0,1.0,1.0,1.0,1.0,50.0,0.0,0.0,0.0,0.0,1.0,1.0,0.7,0.525,0.0,0.55,0.47750000000000004,False,0,0
1079,202512221551,1.0,1.0,1.0,1.0,191,m1,0,0,1.0,1.0,1.0,1.0,1.0,50.0,0.0,0.0,0.0,0.0,1.0,1.0,0.95,0.525,0.0,0.55,0.5525,False,0,0
1080,202512221552,1.0,1.0,1.0,1.0,82,m1,0,0,1.0,1.0,1.0,1.0,1.0,50.0,0.0,0.0,0.0,0.0,1.0,1.0,0.1,0.525,0.0,0.55,0.2975,False,0,0
1081,202512221553,1.0,1.0,1.0,1.0,180,m1,0,0,1.0,1.0,1.0,1.0,1.0,50.0,0.0,0.0,0.0,0.0,1.0,1.0,0.85,0.525,0.0,0.55,0.5225,False,0,0
1082,202512221554,1.0,1.0,1.0,1.0,251,m1,0,0,1.0,1.0,1.0,1.0,1.0,50.0,0.0,0.0,0.0,0.0,1.0,1.0,0.975,0.525,0.0,0.55,0.5599999999999999,False,0,0
1083,202512221555,1.0,1.0,1.0,1.0,392,m1,0,0,1.0,1.0,1.0,1.0,1.0,50.0,0.0,0.0,0.0,0.0,1.0,1.0,1.0,0.525,0.0,0.55,0.5675,False,0,0
1084,202512221556,1.0,1.0,1.0,1.0,279,m1,0,0,1.0,1.0,1.0,1.0,1.0,50.0,0.0,0.0,0.0,0.0,1.0,1.0,0.95,0.525,0.0,0.55,0.5525,False,0,0
1085,202512221557,1.0,1.0,1.0,1.0,296,m1,0,0,1.0,1.0,1.0,1.0,1.0,50.0,0.0,0.0,0.0,0.0,1.0,1.0,0.95,0.525,0.0,0.55,0.5525,False,0,0
1086,202512221558,1.0,1.0,1.0,1.0,378,m1,0,0,1.0,1.0,1.0,1.0,1.0,50.0,0.0,0.0,0.0,0.0,1.0,1.0,0.95,0.525,0.0,0.55,0.5525,False,0,0
1087,202512221559,1.0,1.0,1.0,1.0,248,m1,0,0,1.0,1.0,1.0,1.0,1.0,50.0,0.0,0.0,0.0,0.0,1.0,1.0,0.75,0.525,0.0,0.55,0.49249999999999994,False,0,0
1088,202512221600,1.0,1.0,1.0,1.0,236,m1,0,0,1.0,1.0,1.0,1.0,1.0,50.0,0.0,0.0,0.0,0.0,1.0,1.0,0.7,0.525,0.0,0.55,0.47750000000000004,False,0,0
1089,202512221601,1.0,1.0,1.0,1.0,196,m1,0,0,1.0,1.0,1.0,1.0,1.0,50.0,0.0,0.0,0.0,0.0,1.0,1.0,0.65,0.525,0.0,0.55,0.4625,False,0,0
1090,202512221602,1.0,1.0,1.0,1.0,170,m1,0,0,1.0,1.0,1.0,1.0,1.0,50.0,0.0,0.0,0.0,0.0,1.0,1.0,0.4,0.525,0.0,0.55,0.38749999999999996,False,0,0
1091,202512221603,1.0,1.0,1.0,1.0,156,m1,0,0,1.0,1.0,1.0,1.0,1.0,50.0,0.0,0.0,0.0,0.0,1.0,1.0,0.3,0.525,0.0,0.55,0.35750000000000004,False,0,0
1092,202512221604,1.0,1.0,1.0,1.0,111,m1,0,0,1.0,1.0,1.0,1.0,1.0,50.0,0.0,0.0,0.0,0.0,1.0,1.0,0.2,0.525,0.0,0.55,0.3275,False,0,0
1093,202512221605,1.0,1.0,1.0,1.0,149,m1,0,0,1.0,1.0,1.0,1.0,1.0,50.0,0.0,0.0,0.0,0.0,1.0,1.0,0.275,0.525,0.0,0.55,0.35,False,0,0
1094,202512221606,1.0,1.0,1.0,1.0,152,m1,0,0,1.0,1.0,1.0,1.0,1.0,50.0,0.0,0.0,0.0,0.0,1.0,1.0,0.3,0.525,0.0,0.55,0.35750000000000004,False,0,0
1095,202512221607,1.0,1.0,1.0,1.0,187,m1,0,0,1.0,1.0,1.0,1.0,1.0,50.0,0.0,0.0,0.0,0.0,1.0,1.0,0.55,0.525,0.0,0.55,0.4325,False,0,0
1096,202512221608,1.0,1.0,1.0,1.0,128,m1,0,0,1.0,1.0,1.0,1.0,1.0,50.0,0.0,0.0,0.0,0.0,1.0,1.0,0.15,0.525,0.0,0.55,0.3125,False,0,0
1097,202512221609,1.0,1.0,1.0,1.0,63,m1,0,0,1.0,1.0,1.0,1.0,1.0,50.0,0.0,0.0,0.0,0.0,1.0,1.0,0.05,0.525,0.0,0.55,0.2825,False,0,0
1098,202512221610,1.0,1.0,1.0,1.0,94,m1,0,0,1.0,1.0,1.0,1.0,1.0,50.0,0.0,0.0,0.0,0.0,1.0,1.0,0.15,0.525,0.0,0.55,0.3125,False,0,0
1099,202512221611,1.0,1.0,1.0,1.0,63,m1,0,0,1.0,1.0,1.0,1.0,1.0,50.0,0.0,0.0,0.0,0.0,1.0,1.0,0.075,0.525,0.0,0.55,0.29000000000000004,False,0,0
1100,202512221612,1.0,1.0,1.0,1.0,95,m1,0,0,1.0,1.0,1.0,1.0,1.0,50.0,0.0,0.0,0.0,0.0,1.0,1.0,0.2,0.525,0.0,0.55,0.3275,False,0,0
1101,202512221613,1.0,1.0,1.0,1.0,94,m1,0,0,1.0,1.0,1.0,1.0,1.0,50.0,0.0,0.0,0.0,0.0,1.0,1.0,0.175,0.525,0.0,0.55,0.32,False,0,0
1102,202512221614,1.0,1.0,1.0,1.0,139,m1,0,0,1.0,1.0,1.0,1.0,1.0,50.0,0.0,0.0,0.0,0.0,1.0,1.0,0.4,0.525,0.0,0.55,0.38749999999999996,False,0,0
1103,202512221615,1.0,1.0,1.0,1.0,119,m1,0,0,1.0,1.0,1.0,1.0,1.0,50.0,0.0,0.0,0.0,0.0,1.0,1.0,0.35,0.525,0.0,0.55,0.37250000000000005,False,0,0
1104,202512221616,1.0,1.0,1.0,1.0,166,m1,0,0,1.0,1.0,1.0,1.0,1.0,50.0,0.0,0.0,0.0,0.0,1.0,1.0,0.65,0.525,0.0,0.55,0.4625,False,0,0
1105,202512221617,1.0,1.0,1.0,1.0,132,m1,0,0,1.0,1.0,1.0,1.0,1.0,50.0,0.0,0.0,0.0,0.0,1.0,1.0,0.45,0.525,0.0,0.55,0.40249999999999997,False,0,0
1106,202512221618,1.0,1.0,1.0,1.0,111,m1,0,0,1.0,1.0,1.0,1.0,1.0,50.0,0.0,0.0,0.0,0.0,1.0,1.0,0.325,0.525,0.0,0.55,0.365,False,0,0
1107,202512221619,1.0,1.0,1.0,1.0,91,m1,0,0,1.0,1.0,1.0,1.0,1.0,50.0,0.0,0.0,0.0,0.0,1.0,1.0,0.15,0.525,0.0,0.55,0.3125,False,0,0
1108,202512221620,1.0,1.0,1.0,1.0,95,m1,0,0,1.0,1.0,1.0,1.0,1.0,50.0,0.0,0.0,0.0,0.0,1.0,1.0,0.325,0.525,0.0,0.55,0.365,False,0,0
1109,202512221621,1.0,1.0,1.0,1.0,94,m1,0,0,1.0,1.0,1.0,1.0,1.0,50.0,0.0,0.0,0.0,0.0,1.0,1.0,0.25,0.525,0.0,0.55,0.3425,False,0,0
1110,202512221622,1.0,1.0,1.0,1.0,139,m1,0,0,1.0,1.0,1.0,1.0,1.0,50.0,0.0,0.0,0.0,0.0,1.0,1.0,0.725,0.525,0.0,0.55,0.485,False,0,0
1111,202512221623,1.0,1.0,1.0,1.0,138,m1,0,0,1.0,1.0,1.0,1.0,1.0,50.0,0.0,0.0,0.0,0.0,1.0,1.0,0.7,0.525,0.0,0.55,0.47750000000000004,False,0,0
1112,202512221624,1.0,1.0,1.0,1.0,113,m1,0,0,1.0,1.0,1.0,1.0,1.0,50.0,0.0,0.0,0.0,0.0,1.0,1.0,0.5,0.525,0.0,0.55,0.4175,False,0,0
1113,202512221625,1.0,1.0,1.0,1.0,60,m1,0,0,1.0,1.0,1.0,1.0,1.0,50.0,0.0,0.0,0.0,0.0,1.0,1.0,0.05,0.525,0.0,0.55,0.2825,False,0,0
1114,202512221626,1.0,1.0,1.0,1.0,79,m1,0,0,1.0,1.0,1.0,1.0,1.0,50.0,0.0,0.0,0.0,0.0,1.0,1.0,0.2,0.525,0.0,0.55,0.3275,False,0,0
1115,202512221627,1.0,1.0,1.0,1.0,110,m1,0,0,1.0,1.0,1.0,1.0,1.0,50.0,0.0,0.0,0.0,0.0,1.0,1.0,0.55,0.525,0.0,0.55,0.4325,False,0,0
1116,202512221628,1.0,1.0,1.0,1.0,123,m1,0,0,1.0,1.0,1.0,1.0,1.0,50.0,0.0,0.0,0.0,0.0,1.0,1.0,0.75,0.525,0.0,0.55,0.49249999999999994,False,0,0
1117,202512221629,1.0,1.0,1.0,1.0,228,m1,0,0,1.0,1.0,1.0,1.0,1.0,50.0,0.0,0.0,0.0,0.0,1.0,1.0,1.0,0.525,0.0,0.55,0.5675,False,0,0
1118,202512221630,1.0,1.0,1.0,1.0,244,m1,0,0,1.0,1.0,1.0,1.0,1.0,50.0,0.0,0.0,0.0,0.0,1.0,1.0,1.0,0.525,0.0,0.55,0.5675,False,0,0
1119,202512221631,1.0,1.0,1.0,1.0,149,m1,0,0,1.0,1.0,1.0,1.0,1.0,50.0,0.0,0.0,0.0,0.0,1.0,1.0,0.85,0.525,0.0,0.55,0.5225,False,0,0
1120,202512221632,1.0,1.0,1.0,1.0,238,m1,0,0,1.0,1.0,1.0,1.0,1.0,50.0,0.0,0.0,0.0,0.0,1.0,1.0,0.95,0.525,0.0,0.55,0.5525,False,0,0
1121,202512221633,1.0,1.0,1.0,1.0,136,m1,0,0,1.0,1.0,1.0,1.0,1.0,50.0,0.0,0.0,0.0,0.0,1.0,1.0,0.6,0.525,0.0,0.55,0.4475,False,0,0
1122,202512221634,1.0,1.0,1.0,1.0,153,m1,0,0,1.0,1.0,1.0,1.0,1.0,50.0,0.0,0.0,0.0,0.0,1.0,1.0,0.8,0.525,0.0,0.55,0.5075,False,0,0
1123,202512221635,1.0,1.0,1.0,1.0,137,m1,0,0,1.0,1.0,1.0,1.0,1.0,50.0,0.0,0.0,0.0,0.0,1.0,1.0,0.6,0.525,0.0,0.55,0.4475,False,0,0
1124,202512221636,1.0,1.0,1.0,1.0,148,m1,0,0,1.0,1.0,1.0,1.0,1.0,50.0,0.0,0.0,0.0,0.0,1.0,1.0,0.75,0.525,0.0,0.55,0.49249999999999994,False,0,0
1125,202512221637,1.0,1.0,1.0,1.0,99,m1,0,0,1.0,1.0,1.0,1.0,1.0,50.0,0.0,0.0,0.0,0.0,1.0,1.0,0.3,0.525,0.0,0.55,0.35750000000000004,False,0,0
1126,202512221638,1.0,1.0,1.0,1.0,160,m1,0,0,1.0,1.0,1.0,1.0,1.0,50.0,0.0,0.0,0.0,0.0,1.0,1.0,0.85,0.525,0.0,0.55,0.5225,False,0,0
1127,202512221639,1.0,1.0,1.0,1.0,88,m1,0,0,1.0,1.0,1.0,1.0,1.0,50.0,0.0,0.0,0.0,0.0,1.0,1.0,0.15,0.525,0.0,0.55,0.3125,False,0,0
1128,202512221640,1.0,1.0,1.0,1.0,101,m1,0,0,1.0,1.0,1.0,1.0,1.0,50.0,0.0,0.0,0.0,0.0,1.0,1.0,0.3,0.525,0.0,0.55,0.35750000000000004,False,0,0
1129,202512221641,1.0,1.0,1.0,1.0,77,m1,0,0,1.0,1.0,1.0,1.0,1.0,50.0,0.0,0.0,0.0,0.0,1.0,1.0,0.1,0.525,0.0,0.55,0.2975,False,0,0
1130,202512221642,1.0,1.0,1.0,1.0,88,m1,0,0,1.0,1.0,1.0,1.0,1.0,50.0,0.0,0.0,0.0,0.0,1.0,1.0,0.225,0.525,0.0,0.55,0.335,False,0,0
1131,202512221643,1.0,1.0,1.0,1.0,87,m1,0,0,1.0,1.0,1.0,1.0,1.0,50.0,0.0,0.0,0.0,0.0,1.0,1.0,0.2,0.525,0.0,0.55,0.3275,False,0,0
1132,202512221644,1.0,1.0,1.0,1.0,73,m1,0,0,1.0,1.0,1.0,1.0,1.0,50.0,0.0,0.0,0.0,0.0,1.0,1.0,0.1,0.525,0.0,0.55,0.2975,False,0,0
1133,202512221645,1.0,1.0,1.0,1.0,96,m1,0,0,1.0,1.0,1.0,1.0,1.0,50.0,0.0,0.0,0.0,0.0,1.0,1.0,0.35,0.525,0.0,0.55,0.37250000000000005,False,0,0
1134,202512221646,1.0,1.0,1.0,1.0,65,m1,0,0,1.0,1.0,1.0,1.0,1.0,50.0,0.0,0.0,0.0,0.0,1.0,1.0,0.05,0.525,0.0,0.55,0.2825,False,0,0
1135,202512221647,1.0,1.0,1.0,1.0,68,m1,0,0,1.0,1.0,1.0,1.0,1.0,50.0,0.0,0.0,0.0,0.0,1.0,1.0,0.1,0.525,0.0,0.55,0.2975,False,0,0
1136,202512221648,1.0,1.0,1.0,1.0,51,m1,0,0,1.0,1.0,1.0,1.0,1.0,50.0,0.0,0.0,0.0,0.0,1.0,1.0,0.05,0.525,0.0,0.55,0.2825,False,0,0
1137,202512221649,1.0,1.0,1.0,1.0,85,m1,0,0,1.0,1.0,1.0,1.0,1.0,50.0,0.0,0.0,0.0,0.0,1.0,1.0,0.3,0.525,0.0,0.55,0.35750000000000004,False,0,0
1138,202512221650,1.0,1.0,1.0,1.0,111,m1,0,0,1.0,1.0,1.0,1.0,1.0,50.0,0.0,0.0,0.0,0.0,1.0,1.0,0.65,0.525,0.0,0.55,0.4625,False,0,0
1139,202512221651,1.0,1.0,1.0,1.0,50,m1,0,0,1.0,1.0,1.0,1.0,1.0,50.0,0.0,0.0,0.0,0.0,1.0,1.0,0.05,0.525,0.0,0.55,0.2825,False,0,0
1140,202512221652,1.0,1.0,1.0,1.0,61,m1,0,0,1.0,1.0,1.0,1.0,1.0,50.0,0.0,0.0,0.0,0.0,1.0,1.0,0.15,0.525,0.0,0.55,0.3125,False,0,0
1141,202512221653,1.0,1.0,1.0,1.0,32,m1,0,0,1.0,1.0,1.0,1.0,1.0,50.0,0.0,0.0,0.0,0.0,1.0,1.0,0.05,0.525,0.0,0.55,0.2825,False,0,0
1142,202512221654,1.0,1.0,1.0,1.0,53,m1,0,0,1.0,1.0,1.0,1.0,1.0,50.0,0.0,0.0,0.0,0.0,1.0,1.0,0.2,0.525,0.0,0.55,0.3275,False,0,0
1143,202512221655,1.0,1.0,1.0,1.0,66,m1,0,0,1.0,1.0,1.0,1.0,1.0,50.0,0.0,0.0,0.0,0.0,1.0,1.0,0.35,0.525,0.0,0.55,0.37250000000000005,False,0,0
1144,202512221656,1.0,1.0,1.0,1.0,30,m1,0,0,1.0,1.0,1.0,1.0,1.0,50.0,0.0,0.0,0.0,0.0,1.0,1.0,0.05,0.525,0.0,0.55,0.2825,False,0,0
1145,202512221657,1.0,1.0,1.0,1.0,42,m1,0,0,1.0,1.0,1.0,1.0,1.0,50.0,0.0,0.0,0.0,0.0,1.0,1.0,0.15,0.525,0.0,0.55,0.3125,False,0,0
1146,202512221658,1.0,1.0,1.0,1.0,88,m1,0,0,1.0,1.0,1.0,1.0,1.0,50.0,0.0,0.0,0.0,0.0,1.0,1.0,0.8,0.525,0.0,0.55,0.5075,False,0,0
1147,202512221659,1.0,1.0,1.0,1.0,62,m1,0,0,1.0,1.0,1.0,1.0,1.0,50.0,0.0,0.0,0.0,0.0,1.0,1.0,0.4,0.525,0.0,0.55,0.38749999999999996,False,0,0
1148,202512221700,1.0,1.0,1.0,1.0,273,m1,0,0,1.0,1.0,1.0,1.0,1.0,50.0,0.0,0.0,0.0,0.0,1.0,1.0,1.0,0.525,0.0,0.55,0.5675,False,0,0
1149,202512221701,1.0,1.0,1.0,1.0,264,m1,0,0,1.0,1.0,1.0,1.0,1.0,50.0,0.0,0.0,0.0,0.0,1.0,1.0,0.95,0.525,0.0,0.55,0.5525,False,0,0
1150,202512221702,1.0,1.0,1.0,1.0,116,m1,0,0,1.0,1.0,1.0,1.0,1.0,50.0,0.0,0.0,0.0,0.0,1.0,1.0,0.9,0.525,0.0,0.55,0.5375,False,0,0
1151,202512221703,1.0,1.0,1.0,1.0,77,m1,0,0,1.0,1.0,1.0,1.0,1.0,50.0,0.0,0.0,0.0,0.0,1.0,1.0,0.65,0.525,0.0,0.55,0.4625,False,0,0
1152,202512221704,1.0,1.0,1.0,1.0,102,m1,0,0,1.0,1.0,1.0,1.0,1.0,50.0,0.0,0.0,0.0,0.0,1.0,1.0,0.8,0.525,0.0,0.55,0.5075,False,0,0
1153,202512221705,1.0,1.0,1.0,1.0,42,m1,0,0,1.0,1.0,1.0,1.0,1.0,50.0,0.0,0.0,0.0,0.0,1.0,1.0,0.175,0.525,0.0,0.55,0.32,False,0,0
1154,202512221706,1.0,1.0,1.0,1.0,52,m1,0,0,1.0,1.0,1.0,1.0,1.0,50.0,0.0,0.0,0.0,0.0,1.0,1.0,0.35,0.525,0.0,0.55,0.37250000000000005,False,0,0
1155,202512221707,1.0,1.0,1.0,1.0,93,m1,0,0,1.0,1.0,1.0,1.0,1.0,50.0,0.0,0.0,0.0,0.0,1.0,1.0,0.75,0.525,0.0,0.55,0.49249999999999994,False,0,0
1156,202512221708,1.0,1.0,1.0,1.0,120,m1,0,0,1.0,1.0,1.0,1.0,1.0,50.0,0.0,0.0,0.0,0.0,1.0,1.0,0.9,0.525,0.0,0.55,0.5375,False,0,0
1157,202512221709,1.0,1.0,1.0,1.0,110,m1,0,0,1.0,1.0,1.0,1.0,1.0,50.0,0.0,0.0,0.0,0.0,1.0,1.0,0.75,0.525,0.0,0.55,0.49249999999999994,False,0,0
1158,202512221710,1.0,1.0,1.0,1.0,161,m1,0,0,1.0,1.0,1.0,1.0,1.0,50.0,0.0,0.0,0.0,0.0,1.0,1.0,0.9,0.525,0.0,0.55,0.5375,False,0,0
1159,202512221711,1.0,1.0,1.0,1.0,87,m1,0,0,1.0,1.0,1.0,1.0,1.0,50.0,0.0,0.0,0.0,0.0,1.0,1.0,0.55,0.525,0.0,0.55,0.4325,False,0,0
1160,202512221712,1.0,1.0,1.0,1.0,67,m1,0,0,1.0,1.0,1.0,1.0,1.0,50.0,0.0,0.0,0.0,0.0,1.0,1.0,0.45,0.525,0.0,0.55,0.40249999999999997,False,0,0
1161,202512221713,1.0,1.0,1.0,1.0,81,m1,0,0,1.0,1.0,1.0,1.0,1.0,50.0,0.0,0.0,0.0,0.0,1.0,1.0,0.5,0.525,0.0,0.55,0.4175,False,0,0
1162,202512221714,1.0,1.0,1.0,1.0,85,m1,0,0,1.0,1.0,1.0,1.0,1.0,50.0,0.0,0.0,0.0,0.0,1.0,1.0,0.5,0.525,0.0,0.55,0.4175,False,0,0
1163,202512221715,1.0,1.0,1.0,1.0,127,m1,0,0,1.0,1.0,1.0,1.0,1.0,50.0,0.0,0.0,0.0,0.0,1.0,1.0,0.85,0.525,0.0,0.55,0.5225,False,0,0
1164,202512221716,1.0,1.0,1.0,1.0,140,m1,0,0,1.0,1.0,1.0,1.0,1.0,50.0,0.0,0.0,0.0,0.0,1.0,1.0,0.85,0.525,0.0,0.55,0.5225,False,0,0
1165,202512221717,1.0,1.0,1.0,1.0,100,m1,0,0,1.0,1.0,1.0,1.0,1.0,50.0,0.0,0.0,0.0,0.0,1.0,1.0,0.55,0.525,0.0,0.55,0.4325,False,0,0
1166,202512221718,1.0,1.0,1.0,1.0,92,m1,0,0,1.0,1.0,1.0,1.0,1.0,50.0,0.0,0.0,0.0,0.0,1.0,1.0,0.45,0.525,0.0,0.55,0.40249999999999997,False,0,0
1167,202512221719,1.0,1.0,1.0,1.0,60,m1,0,0,1.0,1.0,1.0,1.0,1.0,50.0,0.0,0.0,0.0,0.0,1.0,1.0,0.15,0.525,0.0,0.55,0.3125,False,0,0
1168,202512221720,1.0,1.0,1.0,1.0,47,m1,0,0,1.0,1.0,1.0,1.0,1.0,50.0,0.0,0.0,0.0,0.0,1.0,1.0,0.1,0.525,0.0,0.55,0.2975,False,0,0
1169,202512221721,1.0,1.0,1.0,1.0,68,m1,0,0,1.0,1.0,1.0,1.0,1.0,50.0,0.0,0.0,0.0,0.0,1.0,1.0,0.3,0.525,0.0,0.55,0.35750000000000004,False,0,0
1170,202512221722,1.0,1.0,1.0,1.0,31,m1,0,0,1.0,1.0,1.0,1.0,1.0,50.0,0.0,0.0,0.0,0.0,1.0,1.0,0.05,0.525,0.0,0.55,0.2825,False,0,0
1171,202512221723,1.0,1.0,1.0,1.0,75,m1,0,0,1.0,1.0,1.0,1.0,1.0,50.0,0.0,0.0,0.0,0.0,1.0,1.0,0.4,0.525,0.0,0.55,0.38749999999999996,False,0,0
1172,202512221724,1.0,1.0,1.0,1.0,109,m1,0,0,1.0,1.0,1.0,1.0,1.0,50.0,0.0,0.0,0.0,0.0,1.0,1.0,0.75,0.525,0.0,0.55,0.49249999999999994,False,0,0
1173,202512221725,1.0,1.0,1.0,1.0,44,m1,0,0,1.0,1.0,1.0,1.0,1.0,50.0,0.0,0.0,0.0,0.0,1.0,1.0,0.1,0.525,0.0,0.55,0.2975,False,0,0
1174,202512221726,1.0,1.0,1.0,1.0,60,m1,0,0,1.0,1.0,1.0,1.0,1.0,50.0,0.0,0.0,0.0,0.0,1.0,1.0,0.225,0.525,0.0,0.55,0.335,False,0,0
1175,202512221727,1.0,1.0,1.0,1.0,112,m1,0,0,1.0,1.0,1.0,1.0,1.0,50.0,0.0,0.0,0.0,0.0,1.0,1.0,0.8,0.525,0.0,0.55,0.5075,False,0,0
1176,202512221728,1.0,1.0,1.0,1.0,125,m1,0,0,1.0,1.0,1.0,1.0,1.0,50.0,0.0,0.0,0.0,0.0,1.0,1.0,0.85,0.525,0.0,0.55,0.5225,False,0,0
1177,202512221729,1.0,1.0,1.0,1.0,139,m1,0,0,1.0,1.0,1.0,1.0,1.0,50.0,0.0,0.0,0.0,0.0,1.0,1.0,0.9,0.525,0.0,0.55,0.5375,False,0,0
1178,202512221730,1.0,1.0,1.0,1.0,116,m1,0,0,1.0,1.0,1.0,1.0,1.0,50.0,0.0,0.0,0.0,0.0,1.0,1.0,0.8,0.525,0.0,0.55,0.5075,False,0,0
1179,202512221731,1.0,1.0,1.0,1.0,78,m1,0,0,1.0,1.0,1.0,1.0,1.0,50.0,0.0,0.0,0.0,0.0,1.0,1.0,0.45,0.525,0.0,0.55,0.40249999999999997,False,0,0
1180,202512221732,1.0,1.0,1.0,1.0,48,m1,0,0,1.0,1.0,1.0,1.0,1.0,50.0,0.0,0.0,0.0,0.0,1.0,1.0,0.2,0.525,0.0,0.55,0.3275,False,0,0
1181,202512221733,1.0,1.0,1.0,1.0,69,m1,0,0,1.0,1.0,1.0,1.0,1.0,50.0,0.0,0.0,0.0,0.0,1.0,1.0,0.4,0.525,0.0,0.55,0.38749999999999996,False,0,0
1182,202512221734,1.0,1.0,1.0,1.0,99,m1,0,0,1.0,1.0,1.0,1.0,1.0,50.0,0.0,0.0,0.0,0.0,1.0,1.0,0.6,0.525,0.0,0.55,0.4475,False,0,0
1183,202512221735,1.0,1.0,1.0,1.0,124,m1,0,0,1.0,1.0,1.0,1.0,1.0,50.0,0.0,0.0,0.0,0.0,1.0,1.0,0.85,0.525,0.0,0.55,0.5225,False,0,0
1184,202512221736,1.0,1.0,1.0,1.0,50,m1,0,0,1.0,1.0,1.0,1.0,1.0,50.0,0.0,0.0,0.0,0.0,1.0,1.0,0.25,0.525,0.0,0.55,0.3425,False,0,0
1185,202512221737,1.0,1.0,1.0,1.0,78,m1,0,0,1.0,1.0,1.0,1.0,1.0,50.0,0.0,0.0,0.0,0.0,1.0,1.0,0.575,0.525,0.0,0.55,0.43999999999999995,False,0,0
1186,202512221738,1.0,1.0,1.0,1.0,62,m1,0,0,1.0,1.0,1.0,1.0,1.0,50.0,0.0,0.0,0.0,0.0,1.0,1.0,0.4,0.525,0.0,0.55,0.38749999999999996,False,0,0
1187,202512221739,1.0,1.0,1.0,1.0,101,m1,0,0,1.0,1.0,1.0,1.0,1.0,50.0,0.0,0.0,0.0,0.0,1.0,1.0,0.7,0.525,0.0,0.55,0.47750000000000004,False,0,0
1188,202512221740,1.0,1.0,1.0,1.0,59,m1,0,0,1.0,1.0,1.0,1.0,1.0,50.0,0.0,0.0,0.0,0.0,1.0,1.0,0.25,0.525,0.0,0.55,0.3425,False,0,0
1189,202512221741,1.0,1.0,1.0,1.0,104,m1,0,0,1.0,1.0,1.0,1.0,1.0,50.0,0.0,0.0,0.0,0.0,1.0,1.0,0.7,0.525,0.0,0.55,0.47750000000000004,False,0,0
1190,202512221742,1.0,1.0,1.0,1.0,118,m1,0,0,1.0,1.0,1.0,1.0,1.0,50.0,0.0,0.0,0.0,0.0,1.0,1.0,0.85,0.525,0.0,0.55,0.5225,False,0,0
1191,202512221743,1.0,1.0,1.0,1.0,59,m1,0,0,1.0,1.0,1.0,1.0,1.0,50.0,0.0,0.0,0.0,0.0,1.0,1.0,0.225,0.525,0.0,0.55,0.335,False,0,0
1192,202512221744,1.0,1.0,1.0,1.0,51,m1,0,0,1.0,1.0,1.0,1.0,1.0,50.0,0.0,0.0,0.0,0.0,1.0,1.0,0.2,0.525,0.0,0.55,0.3275,False,0,0
1193,202512221745,1.0,1.0,1.0,1.0,50,m1,0,0,1.0,1.0,1.0,1.0,1.0,50.0,0.0,0.0,0.0,0.0,1.0,1.0,0.125,0.525,0.0,0.55,0.30500000000000005,False,0,0
1194,202512221746,1.0,1.0,1.0,1.0,34,m1,0,0,1.0,1.0,1.0,1.0,1.0,50.0,0.0,0.0,0.0,0.0,1.0,1.0,0.05,0.525,0.0,0.55,0.2825,False,0,0
1195,202512221747,1.0,1.0,1.0,1.0,54,m1,0,0,1.0,1.0,1.0,1.0,1.0,50.0,0.0,0.0,0.0,0.0,1.0,1.0,0.3,0.525,0.0,0.55,0.35750000000000004,False,0,0
1196,202512221748,1.0,1.0,1.0,1.0,41,m1,0,0,1.0,1.0,1.0,1.0,1.0,50.0,0.0,0.0,0.0,0.0,1.0,1.0,0.1,0.525,0.0,0.55,0.2975,False,0,0
1197,202512221749,1.0,1.0,1.0,1.0,58,m1,0,0,1.0,1.0,1.0,1.0,1.0,50.0,0.0,0.0,0.0,0.0,1.0,1.0,0.4,0.525,0.0,0.55,0.38749999999999996,False,0,0
1198,202512221750,1.0,1.0,1.0,1.0,93,m1,0,0,1.0,1.0,1.0,1.0,1.0,50.0,0.0,0.0,0.0,0.0,1.0,1.0,0.75,0.525,0.0,0.55,0.49249999999999994,False,0,0
1199,202512221751,1.0,1.0,1.0,1.0,75,m1,0,0,1.0,1.0,1.0,1.0,1.0,50.0,0.0,0.0,0.0,0.0,1.0,1.0,0.65,0.525,0.0,0.55,0.4625,False,0,0
1200,202512221752,1.0,1.0,1.0,1.0,42,m1,0,0,1.0,1.0,1.0,1.0,1.0,50.0,0.0,0.0,0.0,0.0,1.0,1.0,0.15,0.525,0.0,0.55,0.3125,False,0,0
1201,202512221753,1.0,1.0,1.0,1.0,71,m1,0,0,1.0,1.0,1.0,1.0,1.0,50.0,0.0,0.0,0.0,0.0,1.0,1.0,0.6,0.525,0.0,0.55,0.4475,False,0,0
1202,202512221754,1.0,1.0,1.0,1.0,124,m1,0,0,1.0,1.0,1.0,1.0,1.0,50.0,0.0,0.0,0.0,0.0,1.0,1.0,0.975,0.525,0.0,0.55,0.5599999999999999,False,0,0
1203,202512221755,1.0,1.0,1.0,1.0,94,m1,0,0,1.0,1.0,1.0,1.0,1.0,50.0,0.0,0.0,0.0,0.0,1.0,1.0,0.8,0.525,0.0,0.55,0.5075,False,0,0
1204,202512221756,1.0,1.0,1.0,1.0,132,m1,0,0,1.0,1.0,1.0,1.0,1.0,50.0,0.0,0.0,0.0,0.0,1.0,1.0,1.0,0.525,0.0,0.55,0.5675,False,0,0
1205,202512221757,1.0,1.0,1.0,1.0,88,m1,0,0,1.0,1.0,1.0,1.0,1.0,50.0,0.0,0.0,0.0,0.0,1.0,1.0,0.65,0.525,0.0,0.55,0.4625,False,0,0
1206,202512221758,1.0,1.0,1.0,1.0,73,m1,0,0,1.0,1.0,1.0,1.0,1.0,50.0,0.0,0.0,0.0,0.0,1.0,1.0,0.55,0.525,0.0,0.55,0.4325,False,0,0
1207,202512221759,1.0,1.0,1.0,1.0,83,m1,0,0,1.0,1.0,1.0,1.0,1.0,50.0,0.0,0.0,0.0,0.0,1.0,1.0,0.65,0.525,0.0,0.55,0.4625,False,0,0
1208,202512221800,1.0,1.0,1.0,1.0,114,m1,0,0,1.0,1.0,1.0,1.0,1.0,50.0,0.0,0.0,0.0,0.0,1.0,1.0,0.85,0.525,0.0,0.55,0.5225,False,0,0
1209,202512221801,1.0,1.0,1.0,1.0,88,m1,0,0,1.0,1.0,1.0,1.0,1.0,50.0,0.0,0.0,0.0,0.0,1.0,1.0,0.675,0.525,0.0,0.55,0.47,False,0,0
1210,202512221802,1.0,1.0,1.0,1.0,62,m1,0,0,1.0,1.0,1.0,1.0,1.0,50.0,0.0,0.0,0.0,0.0,1.0,1.0,0.45,0.525,0.0,0.55,0.40249999999999997,False,0,0
1211,202512221803,1.0,1.0,1.0,1.0,156,m1,0,0,1.0,1.0,1.0,1.0,1.0,50.0,0.0,0.0,0.0,0.0,1.0,1.0,1.0,0.525,0.0,0.55,0.5675,False,0,0
1212,202512221804,1.0,1.0,1.0,1.0,86,m1,0,0,1.0,1.0,1.0,1.0,1.0,50.0,0.0,0.0,0.0,0.0,1.0,1.0,0.6,0.525,0.0,0.55,0.4475,False,0,0
1213,202512221805,1.0,1.0,1.0,1.0,81,m1,0,0,1.0,1.0,1.0,1.0,1.0,50.0,0.0,0.0,0.0,0.0,1.0,1.0,0.5,0.525,0.0,0.55,0.4175,False,0,0
1214,202512221806,1.0,1.0,1.0,1.0,85,m1,0,0,1.0,1.0,1.0,1.0,1.0,50.0,0.0,0.0,0.0,0.0,1.0,1.0,0.55,0.525,0.0,0.55,0.4325,False,0,0
1215,202512221807,1.0,1.0,1.0,1.0,79,m1,0,0,1.0,1.0,1.0,1.0,1.0,50.0,0.0,0.0,0.0,0.0,1.0,1.0,0.4,0.525,0.0,0.55,0.38749999999999996,False,0,0
1216,202512221808,1.0,1.0,1.0,1.0,86,m1,0,0,1.0,1.0,1.0,1.0,1.0,50.0,0.0,0.0,0.0,0.0,1.0,1.0,0.575,0.525,0.0,0.55,0.43999999999999995,False,0,0
1217,202512221809,1.0,1.0,1.0,1.0,97,m1,0,0,1.0,1.0,1.0,1.0,1.0,50.0,0.0,0.0,0.0,0.0,1.0,1.0,0.8,0.525,0.0,0.55,0.5075,False,0,0
1218,202512221810,1.0,1.0,1.0,1.0,96,m1,0,0,1.0,1.0,1.0,1.0,1.0,50.0,0.0,0.0,0.0,0.0,1.0,1.0,0.75,0.525,0.0,0.55,0.49249999999999994,False,0,0
1219,202512221811,1.0,1.0,1.0,1.0,84,m1,0,0,1.0,1.0,1.0,1.0,1.0,50.0,0.0,0.0,0.0,0.0,1.0,1.0,0.4,0.525,0.0,0.55,0.38749999999999996,False,0,0
1220,202512221812,1.0,1.0,1.0,1.0,109,m1,0,0,1.0,1.0,1.0,1.0,1.0,50.0,0.0,0.0,0.0,0.0,1.0,1.0,0.8,0.525,0.0,0.55,0.5075,False,0,0
1221,202512221813,1.0,1.0,1.0,1.0,91,m1,0,0,1.0,1.0,1.0,1.0,1.0,50.0,0.0,0.0,0.0,0.0,1.0,1.0,0.6,0.525,0.0,0.55,0.4475,False,0,0
1222,202512221814,1.0,1.0,1.0,1.0,33,m1,0,0,1.0,1.0,1.0,1.0,1.0,50.0,0.0,0.0,0.0,0.0,1.0,1.0,0.05,0.525,0.0,0.55,0.2825,False,0,0
1223,202512221815,1.0,1.0,1.0,1.0,58,m1,0,0,1.0,1.0,1.0,1.0,1.0,50.0,0.0,0.0,0.0,0.0,1.0,1.0,0.1,0.525,0.0,0.55,0.2975,False,0,0
1224,202512221816,1.0,1.0,1.0,1.0,92,m1,0,0,1.0,1.0,1.0,1.0,1.0,50.0,0.0,0.0,0.0,0.0,1.0,1.0,0.75,0.525,0.0,0.55,0.49249999999999994,False,0,0
1225,202512221817,1.0,1.0,1.0,1.0,71,m1,0,0,1.0,1.0,1.0,1.0,1.0,50.0,0.0,0.0,0.0,0.0,1.0,1.0,0.2,0.525,0.0,0.55,0.3275,False,0,0
1226,202512221818,1.0,1.0,1.0,1.0,86,m1,0,0,1.0,1.0,1.0,1.0,1.0,50.0,0.0,0.0,0.0,0.0,1.0,1.0,0.55,0.525,0.0,0.55,0.4325,False,0,0
1227,202512221819,1.0,1.0,1.0,1.0,73,m1,0,0,1.0,1.0,1.0,1.0,1.0,50.0,0.0,0.0,0.0,0.0,1.0,1.0,0.25,0.525,0.0,0.55,0.3425,False,0,0
1228,202512221820,1.0,1.0,1.0,1.0,31,m1,0,0,1.0,1.0,1.0,1.0,1.0,50.0,0.0,0.0,0.0,0.0,1.0,1.0,0.05,0.525,0.0,0.55,0.2825,False,0,0
1229,202512221821,1.0,1.0,1.0,1.0,47,m1,0,0,1.0,1.0,1.0,1.0,1.0,50.0,0.0,0.0,0.0,0.0,1.0,1.0,0.15,0.525,0.0,0.55,0.3125,False,0,0
1230,202512221822,1.0,1.0,1.0,1.0,23,m1,0,0,1.0,1.0,1.0,1.0,1.0,50.0,0.0,0.0,0.0,0.0,1.0,1.0,0.05,0.525,0.0,0.55,0.2825,False,0,0
1231,202512221823,1.0,1.0,1.0,1.0,50,m1,0,0,1.0,1.0,1.0,1.0,1.0,50.0,0.0,0.0,0.0,0.0,1.0,1.0,0.25,0.525,0.0,0.55,0.3425,False,0,0
1232,202512221824,1.0,1.0,1.0,1.0,36,m1,0,0,1.0,1.0,1.0,1.0,1.0,50.0,0.0,0.0,0.0,0.0,1.0,1.0,0.2,0.525,0.0,0.55,0.3275,False,0,0
1233,202512221825,1.0,1.0,1.0,1.0,94,m1,0,0,1.0,1.0,1.0,1.0,1.0,50.0,0.0,0.0,0.0,0.0,1.0,1.0,0.85,0.525,0.0,0.55,0.5225,False,0,0
1234,202512221826,1.0,1.0,1.0,1.0,60,m1,0,0,1.0,1.0,1.0,1.0,1.0,50.0,0.0,0.0,0.0,0.0,1.0,1.0,0.4,0.525,0.0,0.55,0.38749999999999996,False,0,0
1235,202512221827,1.0,1.0,1.0,1.0,41,m1,0,0,1.0,1.0,1.0,1.0,1.0,50.0,0.0,0.0,0.0,0.0,1.0,1.0,0.25,0.525,0.0,0.55,0.3425,False,0,0
1236,202512221828,1.0,1.0,1.0,1.0,85,m1,0,0,1.0,1.0,1.0,1.0,1.0,50.0,0.0,0.0,0.0,0.0,1.0,1.0,0.65,0.525,0.0,0.55,0.4625,False,0,0
1237,202512221829,1.0,1.0,1.0,1.0,52,m1,0,0,1.0,1.0,1.0,1.0,1.0,50.0,0.0,0.0,0.0,0.0,1.0,1.0,0.4,0.525,0.0,0.55,0.38749999999999996,False,0,0
1238,202512221830,1.0,1.0,1.0,1.0,74,m1,0,0,1.0,1.0,1.0,1.0,1.0,50.0,0.0,0.0,0.0,0.0,1.0,1.0,0.65,0.525,0.0,0.55,0.4625,False,0,0
1239,202512221831,1.0,1.0,1.0,1.0,79,m1,0,0,1.0,1.0,1.0,1.0,1.0,50.0,0.0,0.0,0.0,0.0,1.0,1.0,0.7,0.525,0.0,0.55,0.47750000000000004,False,0,0
1240,202512221832,1.0,1.0,1.0,1.0,73,m1,0,0,1.0,1.0,1.0,1.0,1.0,50.0,0.0,0.0,0.0,0.0,1.0,1.0,0.625,0.525,0.0,0.55,0.45499999999999996,False,0,0
1241,202512221833,1.0,1.0,1.0,1.0,57,m1,0,0,1.0,1.0,1.0,1.0,1.0,50.0,0.0,0.0,0.0,0.0,1.0,1.0,0.45,0.525,0.0,0.55,0.40249999999999997,False,0,0
1242,202512221834,1.0,1.0,1.0,1.0,52,m1,0,0,1.0,1.0,1.0,1.0,1.0,50.0,0.0,0.0,0.0,0.0,1.0,1.0,0.375,0.525,0.0,0.55,0.38,False,0,0
1243,202512221835,1.0,1.0,1.0,1.0,68,m1,0,0,1.0,1.0,1.0,1.0,1.0,50.0,0.0,0.0,0.0,0.0,1.0,1.0,0.55,0.525,0.0,0.55,0.4325,False,0,0
1244,202512221836,1.0,1.0,1.0,1.0,35,m1,0,0,1.0,1.0,1.0,1.0,1.0,50.0,0.0,0.0,0.0,0.0,1.0,1.0,0.15,0.525,0.0,0.55,0.3125,False,0,0
1245,202512221837,1.0,1.0,1.0,1.0,82,m1,0,0,1.0,1.0,1.0,1.0,1.0,50.0,0.0,0.0,0.0,0.0,1.0,1.0,0.85,0.525,0.0,0.55,0.5225,False,0,0
1246,202512221838,1.0,1.0,1.0,1.0,64,m1,0,0,1.0,1.0,1.0,1.0,1.0,50.0,0.0,0.0,0.0,0.0,1.0,1.0,0.6,0.525,0.0,0.55,0.4475,False,0,0
1247,202512221839,1.0,1.0,1.0,1.0,49,m1,0,0,1.0,1.0,1.0,1.0,1.0,50.0,0.0,0.0,0.0,0.0,1.0,1.0,0.35,0.525,0.0,0.55,0.37250000000000005,False,0,0
1248,202512221840,1.0,1.0,1.0,1.0,27,m1,0,0,1.0,1.0,1.0,1.0,1.0,50.0,0.0,0.0,0.0,0.0,1.0,1.0,0.1,0.525,0.0,0.55,0.2975,False,0,0
1249,202512221841,1.0,1.0,1.0,1.0,90,m1,0,0,1.0,1.0,1.0,1.0,1.0,50.0,0.0,0.0,0.0,0.0,1.0,1.0,0.95,0.525,0.0,0.55,0.5525,False,0,0
1250,202512221842,1.0,1.0,1.0,1.0,67,m1,0,0,1.0,1.0,1.0,1.0,1.0,50.0,0.0,0.0,0.0,0.0,1.0,1.0,0.6,0.525,0.0,0.55,0.4475,False,0,0
1251,202512221843,1.0,1.0,1.0,1.0,42,m1,0,0,1.0,1.0,1.0,1.0,1.0,50.0,0.0,0.0,0.0,0.0,1.0,1.0,0.25,0.525,0.0,0.55,0.3425,False,0,0
1252,202512221844,1.0,1.0,1.0,1.0,26,m1,0,0,1.0,1.0,1.0,1.0,1.0,50.0,0.0,0.0,0.0,0.0,1.0,1.0,0.05,0.525,0.0,0.55,0.2825,False,0,0
1253,202512221845,1.0,1.0,1.0,1.0,43,m1,0,0,1.0,1.0,1.0,1.0,1.0,50.0,0.0,0.0,0.0,0.0,1.0,1.0,0.3,0.525,0.0,0.55,0.35750000000000004,False,0,0
1254,202512221846,1.0,1.0,1.0,1.0,24,m1,0,0,1.0,1.0,1.0,1.0,1.0,50.0,0.0,0.0,0.0,0.0,1.0,1.0,0.05,0.525,0.0,0.55,0.2825,False,0,0
1255,202512221847,1.0,1.0,1.0,1.0,40,m1,0,0,1.0,1.0,1.0,1.0,1.0,50.0,0.0,0.0,0.0,0.0,1.0,1.0,0.25,0.525,0.0,0.55,0.3425,False,0,0
1256,202512221848,1.0,1.0,1.0,1.0,44,m1,0,0,1.0,1.0,1.0,1.0,1.0,50.0,0.0,0.0,0.0,0.0,1.0,1.0,0.4,0.525,0.0,0.55,0.38749999999999996,False,0,0
1257,202512221849,1.0,1.0,1.0,1.0,97,m1,0,0,1.0,1.0,1.0,1.0,1.0,50.0,0.0,0.0,0.0,0.0,1.0,1.0,1.0,0.525,0.0,0.55,0.5675,False,0,0
1258,202512221850,1.0,1.0,1.0,1.0,44,m1,0,0,1.0,1.0,1.0,1.0,1.0,50.0,0.0,0.0,0.0,0.0,1.0,1.0,0.425,0.525,0.0,0.55,0.395,False,0,0
1259,202512221851,1.0,1.0,1.0,1.0,70,m1,0,0,1.0,1.0,1.0,1.0,1.0,50.0,0.0,0.0,0.0,0.0,1.0,1.0,0.8,0.525,0.0,0.55,0.5075,False,0,0
1260,202512221852,1.0,1.0,1.0,1.0,58,m1,0,0,1.0,1.0,1.0,1.0,1.0,50.0,0.0,0.0,0.0,0.0,1.0,1.0,0.65,0.525,0.0,0.55,0.4625,False,0,0
1261,202512221853,1.0,1.0,1.0,1.0,35,m1,0,0,1.0,1.0,1.0,1.0,1.0,50.0,0.0,0.0,0.0,0.0,1.0,1.0,0.225,0.525,0.0,0.55,0.335,False,0,0
1262,202512221854,1.0,1.0,1.0,1.0,75,m1,0,0,1.0,1.0,1.0,1.0,1.0,50.0,0.0,0.0,0.0,0.0,1.0,1.0,0.85,0.525,0.0,0.55,0.5225,False,0,0
1263,202512221855,1.0,1.0,1.0,1.0,61,m1,0,0,1.0,1.0,1.0,1.0,1.0,50.0,0.0,0.0,0.0,0.0,1.0,1.0,0.65,0.525,0.0,0.55,0.4625,False,0,0
1264,202512221856,1.0,1.0,1.0,1.0,87,m1,0,0,1.0,1.0,1.0,1.0,1.0,50.0,0.0,0.0,0.0,0.0,1.0,1.0,0.9,0.525,0.0,0.55,0.5375,False,0,0
1265,202512221857,1.0,1.0,1.0,1.0,100,m1,0,0,1.0,1.0,1.0,1.0,1.0,50.0,0.0,0.0,0.0,0.0,1.0,1.0,1.0,0.525,0.0,0.55,0.5675,False,0,0
1266,202512221858,1.0,1.0,1.0,1.0,114,m1,0,0,1.0,1.0,1.0,1.0,1.0,50.0,0.0,0.0,0.0,0.0,1.0,1.0,1.0,0.525,0.0,0.55,0.5675,False,0,0
1267,202512221859,1.0,1.0,1.0,1.0,83,m1,0,0,1.0,1.0,1.0,1.0,1.0,50.0,0.0,0.0,0.0,0.0,1.0,1.0,0.75,0.525,0.0,0.55,0.49249999999999994,False,0,0
1268,202512221900,1.0,1.0,1.0,1.0,101,m1,0,0,1.0,1.0,1.0,1.0,1.0,50.0,0.0,0.0,0.0,0.0,1.0,1.0,0.95,0.525,0.0,0.55,0.5525,False,0,0
1269,202512221901,1.0,1.0,1.0,1.0,100,m1,0,0,1.0,1.0,1.0,1.0,1.0,50.0,0.0,0.0,0.0,0.0,1.0,1.0,0.875,0.525,0.0,0.55,0.53,False,0,0
1270,202512221902,1.0,1.0,1.0,1.0,60,m1,0,0,1.0,1.0,1.0,1.0,1.0,50.0,0.0,0.0,0.0,0.0,1.0,1.0,0.5,0.525,0.0,0.55,0.4175,False,0,0
1271,202512221903,1.0,1.0,1.0,1.0,13,m1,0,0,1.0,1.0,1.0,1.0,1.0,50.0,0.0,0.0,0.0,0.0,1.0,1.0,0.05,0.525,0.0,0.55,0.2825,False,0,0
1272,202512221904,1.0,1.0,1.0,1.0,80,m1,0,0,1.0,1.0,1.0,1.0,1.0,50.0,0.0,0.0,0.0,0.0,1.0,1.0,0.65,0.525,0.0,0.55,0.4625,False,0,0
1273,202512221905,1.0,1.0,1.0,1.0,47,m1,0,0,1.0,1.0,1.0,1.0,1.0,50.0,0.0,0.0,0.0,0.0,1.0,1.0,0.35,0.525,0.0,0.55,0.37250000000000005,False,0,0
1274,202512221906,1.0,1.0,1.0,1.0,62,m1,0,0,1.0,1.0,1.0,1.0,1.0,50.0,0.0,0.0,0.0,0.0,1.0,1.0,0.5,0.525,0.0,0.55,0.4175,False,0,0
1275,202512221907,1.0,1.0,1.0,1.0,20,m1,0,0,1.0,1.0,1.0,1.0,1.0,50.0,0.0,0.0,0.0,0.0,1.0,1.0,0.1,0.525,0.0,0.55,0.2975,False,0,0
1276,202512221908,1.0,1.0,1.0,1.0,44,m1,0,0,1.0,1.0,1.0,1.0,1.0,50.0,0.0,0.0,0.0,0.0,1.0,1.0,0.225,0.525,0.0,0.55,0.335,False,0,0
1277,202512221909,1.0,1.0,1.0,1.0,48,m1,0,0,1.0,1.0,1.0,1.0,1.0,50.0,0.0,0.0,0.0,0.0,1.0,1.0,0.35,0.525,0.0,0.55,0.37250000000000005,False,0,0
1278,202512221910,1.0,1.0,1.0,1.0,43,m1,0,0,1.0,1.0,1.0,1.0,1.0,50.0,0.0,0.0,0.0,0.0,1.0,1.0,0.2,0.525,0.0,0.55,0.3275,False,0,0
1279,202512221911,1.0,1.0,1.0,1.0,28,m1,0,0,1.0,1.0,1.0,1.0,1.0,50.0,0.0,0.0,0.0,0.0,1.0,1.0,0.15,0.525,0.0,0.55,0.3125,False,0,0
1280,202512221912,1.0,1.0,1.0,1.0,35,m1,0,0,1.0,1.0,1.0,1.0,1.0,50.0,0.0,0.0,0.0,0.0,1.0,1.0,0.225,0.525,0.0,0.55,0.335,False,0,0
1281,202512221913,1.0,1.0,1.0,1.0,77,m1,0,0,1.0,1.0,1.0,1.0,1.0,50.0,0.0,0.0,0.0,0.0,1.0,1.0,0.65,0.525,0.0,0.55,0.4625,False,0,0
1282,202512221914,1.0,1.0,1.0,1.0,21,m1,0,0,1.0,1.0,1.0,1.0,1.0,50.0,0.0,0.0,0.0,0.0,1.0,1.0,0.15,0.525,0.0,0.55,0.3125,False,0,0
1283,202512221915,1.0,1.0,1.0,1.0,53,m1,0,0,1.0,1.0,1.0,1.0,1.0,50.0,0.0,0.0,0.0,0.0,1.0,1.0,0.5,0.525,0.0,0.55,0.4175,False,0,0
1284,202512221916,1.0,1.0,1.0,1.0,34,m1,0,0,1.0,1.0,1.0,1.0,1.0,50.0,0.0,0.0,0.0,0.0,1.0,1.0,0.25,0.525,0.0,0.55,0.3425,False,0,0
1285,202512221917,1.0,1.0,1.0,1.0,63,m1,0,0,1.0,1.0,1.0,1.0,1.0,50.0,0.0,0.0,0.0,0.0,1.0,1.0,0.7,0.525,0.0,0.55,0.47750000000000004,False,0,0
1286,202512221918,1.0,1.0,1.0,1.0,50,m1,0,0,1.0,1.0,1.0,1.0,1.0,50.0,0.0,0.0,0.0,0.0,1.0,1.0,0.55,0.525,0.0,0.55,0.4325,False,0,0
1287,202512221919,1.0,1.0,1.0,1.0,81,m1,0,0,1.0,1.0,1.0,1.0,1.0,50.0,0.0,0.0,0.0,0.0,1.0,1.0,0.9,0.525,0.0,0.55,0.5375,False,0,0
1288,202512221920,1.0,1.0,1.0,1.0,95,m1,0,0,1.0,1.0,1.0,1.0,1.0,50.0,0.0,0.0,0.0,0.0,1.0,1.0,0.95,0.525,0.0,0.55,0.5525,False,0,0
1289,202512221921,1.0,1.0,1.0,1.0,74,m1,0,0,1.0,1.0,1.0,1.0,1.0,50.0,0.0,0.0,0.0,0.0,1.0,1.0,0.8,0.525,0.0,0.55,0.5075,False,0,0
1290,202512221922,1.0,1.0,1.0,1.0,15,m1,0,0,1.0,1.0,1.0,1.0,1.0,50.0,0.0,0.0,0.0,0.0,1.0,1.0,0.1,0.525,0.0,0.55,0.2975,False,0,0
1291,202512221923,1.0,1.0,1.0,1.0,61,m1,0,0,1.0,1.0,1.0,1.0,1.0,50.0,0.0,0.0,0.0,0.0,1.0,1.0,0.65,0.525,0.0,0.55,0.4625,False,0,0
1292,202512221924,1.0,1.0,1.0,1.0,33,m1,0,0,1.0,1.0,1.0,1.0,1.0,50.0,0.0,0.0,0.0,0.0,1.0,1.0,0.25,0.525,0.0,0.55,0.3425,False,0,0
1293,202512221925,1.0,1.0,1.0,1.0,64,m1,0,0,1.0,1.0,1.0,1.0,1.0,50.0,0.0,0.0,0.0,0.0,1.0,1.0,0.8,0.525,0.0,0.55,0.5075,False,0,0
1294,202512221926,1.0,1.0,1.0,1.0,69,m1,0,0,1.0,1.0,1.0,1.0,1.0,50.0,0.0,0.0,0.0,0.0,1.0,1.0,0.8,0.525,0.0,0.55,0.5075,False,0,0
1295,202512221927,1.0,1.0,1.0,1.0,30,m1,0,0,1.0,1.0,1.0,1.0,1.0,50.0,0.0,0.0,0.0,0.0,1.0,1.0,0.2,0.525,0.0,0.55,0.3275,False,0,0
1296,202512221928,1.0,1.0,1.0,1.0,81,m1,0,0,1.0,1.0,1.0,1.0,1.0,50.0,0.0,0.0,0.0,0.0,1.0,1.0,0.925,0.525,0.0,0.55,0.545,False,0,0
1297,202512221929,1.0,1.0,1.0,1.0,72,m1,0,0,1.0,1.0,1.0,1.0,1.0,50.0,0.0,0.0,0.0,0.0,1.0,1.0,0.75,0.525,0.0,0.55,0.49249999999999994,False,0,0
1298,202512221930,1.0,1.0,1.0,1.0,85,m1,0,0,1.0,1.0,1.0,1.0,1.0,50.0,0.0,0.0,0.0,0.0,1.0,1.0,0.95,0.525,0.0,0.55,0.5525,False,0,0
1299,202512221931,1.0,1.0,1.0,1.0,114,m1,0,0,1.0,1.0,1.0,1.0,1.0,50.0,0.0,0.0,0.0,0.0,1.0,1.0,1.0,0.525,0.0,0.55,0.5675,False,0,0
1300,202512221932,1.0,1.0,1.0,1.0,31,m1,0,0,1.0,1.0,1.0,1.0,1.0,50.0,0.0,0.0,0.0,0.0,1.0,1.0,0.2,0.525,0.0,0.55,0.3275,False,0,0
1301,202512221933,1.0,1.0,1.0,1.0,46,m1,0,0,1.0,1.0,1.0,1.0,1.0,50.0,0.0,0.0,0.0,0.0,1.0,1.0,0.35,0.525,0.0,0.55,0.37250000000000005,False,0,0
1302,202512221934,1.0,1.0,1.0,1.0,143,m1,0,0,1.0,1.0,1.0,1.0,1.0,50.0,0.0,0.0,0.0,0.0,1.0,1.0,1.0,0.525,0.0,0.55,0.5675,False,0,0
1303,202512221935,1.0,1.0,1.0,1.0,106,m1,0,0,1.0,1.0,1.0,1.0,1.0,50.0,0.0,0.0,0.0,0.0,1.0,1.0,0.9,0.525,0.0,0.55,0.5375,False,0,0
1304,202512221936,1.0,1.0,1.0,1.0,60,m1,0,0,1.0,1.0,1.0,1.0,1.0,50.0,0.0,0.0,0.0,0.0,1.0,1.0,0.35,0.525,0.0,0.55,0.37250000000000005,False,0,0
1305,202512221937,1.0,1.0,1.0,1.0,19,m1,0,0,1.0,1.0,1.0,1.0,1.0,50.0,0.0,0.0,0.0,0.0,1.0,1.0,0.1,0.525,0.0,0.55,0.2975,False,0,0
1306,202512221938,1.0,1.0,1.0,1.0,58,m1,0,0,1.0,1.0,1.0,1.0,1.0,50.0,0.0,0.0,0.0,0.0,1.0,1.0,0.35,0.525,0.0,0.55,0.37250000000000005,False,0,0
1307,202512221939,1.0,1.0,1.0,1.0,69,m1,0,0,1.0,1.0,1.0,1.0,1.0,50.0,0.0,0.0,0.0,0.0,1.0,1.0,0.575,0.525,0.0,0.55,0.43999999999999995,False,0,0
1308,202512221940,1.0,1.0,1.0,1.0,84,m1,0,0,1.0,1.0,1.0,1.0,1.0,50.0,0.0,0.0,0.0,0.0,1.0,1.0,0.8,0.525,0.0,0.55,0.5075,False,0,0
1309,202512221941,1.0,1.0,1.0,1.0,81,m1,0,0,1.0,1.0,1.0,1.0,1.0,50.0,0.0,0.0,0.0,0.0,1.0,1.0,0.725,0.525,0.0,0.55,0.485,False,0,0
1310,202512221942,1.0,1.0,1.0,1.0,48,m1,0,0,1.0,1.0,1.0,1.0,1.0,50.0,0.0,0.0,0.0,0.0,1.0,1.0,0.3,0.525,0.0,0.55,0.35750000000000004,False,0,0
1311,202512221943,1.0,1.0,1.0,1.0,71,m1,0,0,1.0,1.0,1.0,1.0,1.0,50.0,0.0,0.0,0.0,0.0,1.0,1.0,0.6,0.525,0.0,0.55,0.4475,False,0,0
1312,202512221944,1.0,1.0,1.0,1.0,99,m1,0,0,1.0,1.0,1.0,1.0,1.0,50.0,0.0,0.0,0.0,0.0,1.0,1.0,0.85,0.525,0.0,0.55,0.5225,False,0,0
1313,202512221945,1.0,1.0,1.0,1.0,55,m1,0,0,1.0,1.0,1.0,1.0,1.0,50.0,0.0,0.0,0.0,0.0,1.0,1.0,0.3,0.525,0.0,0.55,0.35750000000000004,False,0,0
1314,202512221946,1.0,1.0,1.0,1.0,40,m1,0,0,1.0,1.0,1.0,1.0,1.0,50.0,0.0,0.0,0.0,0.0,1.0,1.0,0.2,0.525,0.0,0.55,0.3275,False,0,0
1315,202512221947,1.0,1.0,1.0,1.0,45,m1,0,0,1.0,1.0,1.0,1.0,1.0,50.0,0.0,0.0,0.0,0.0,1.0,1.0,0.2,0.525,0.0,0.55,0.3275,False,0,0
1316,202512221948,1.0,1.0,1.0,1.0,46,m1,0,0,1.0,1.0,1.0,1.0,1.0,50.0,0.0,0.0,0.0,0.0,1.0,1.0,0.275,0.525,0.0,0.55,0.35,False,0,0
1317,202512221949,1.0,1.0,1.0,1.0,60,m1,0,0,1.0,1.0,1.0,1.0,1.0,50.0,0.0,0.0,0.0,0.0,1.0,1.0,0.525,0.525,0.0,0.55,0.42500000000000004,False,0,0
1318,202512221950,1.0,1.0,1.0,1.0,74,m1,0,0,1.0,1.0,1.0,1.0,1.0,50.0,0.0,0.0,0.0,0.0,1.0,1.0,0.7,0.525,0.0,0.55,0.47750000000000004,False,0,0
1319,202512221951,1.0,1.0,1.0,1.0,23,m1,0,0,1.0,1.0,1.0,1.0,1.0,50.0,0.0,0.0,0.0,0.0,1.0,1.0,0.1,0.525,0.0,0.55,0.2975,False,0,0
1320,202512221952,1.0,1.0,1.0,1.0,52,m1,0,0,1.0,1.0,1.0,1.0,1.0,50.0,0.0,0.0,0.0,0.0,1.0,1.0,0.4,0.525,0.0,0.55,0.38749999999999996,False,0,0
1321,202512221953,1.0,1.0,1.0,1.0,78,m1,0,0,1.0,1.0,1.0,1.0,1.0,50.0,0.0,0.0,0.0,0.0,1.0,1.0,0.75,0.525,0.0,0.55,0.49249999999999994,False,0,0
1322,202512221954,1.0,1.0,1.0,1.0,41,m1,0,0,1.0,1.0,1.0,1.0,1.0,50.0,0.0,0.0,0.0,0.0,1.0,1.0,0.2,0.525,0.0,0.55,0.3275,False,0,0
1323,202512221955,1.0,1.0,1.0,1.0,64,m1,0,0,1.0,1.0,1.0,1.0,1.0,50.0,0.0,0.0,0.0,0.0,1.0,1.0,0.65,0.525,0.0,0.55,0.4625,False,0,0
1324,202512221956,1.0,1.0,1.0,1.0,91,m1,0,0,1.0,1.0,1.0,1.0,1.0,50.0,0.0,0.0,0.0,0.0,1.0,1.0,0.95,0.525,0.0,0.55,0.5525,False,0,0
1325,202512221957,1.0,1.0,1.0,1.0,127,m1,0,0,1.0,1.0,1.0,1.0,1.0,50.0,0.0,0.0,0.0,0.0,1.0,1.0,1.0,0.525,0.0,0.55,0.5675,False,0,0
1326,202512221958,1.0,1.0,1.0,1.0,90,m1,0,0,1.0,1.0,1.0,1.0,1.0,50.0,0.0,0.0,0.0,0.0,1.0,1.0,0.85,0.525,0.0,0.55,0.5225,False,0,0
1327,202512221959,1.0,1.0,1.0,1.0,134,m1,0,0,1.0,1.0,1.0,1.0,1.0,50.0,0.0,0.0,0.0,0.0,1.0,1.0,1.0,0.525,0.0,0.55,0.5675,False,0,0
1328,202512222000,1.0,1.0,1.0,1.0,150,m1,0,0,1.0,1.0,1.0,1.0,1.0,50.0,0.0,0.0,0.0,0.0,1.0,1.0,1.0,0.525,0.0,0.55,0.5675,False,0,0
1329,202512222001,1.0,1.0,1.0,1.0,117,m1,0,0,1.0,1.0,1.0,1.0,1.0,50.0,0.0,0.0,0.0,0.0,1.0,1.0,0.85,0.525,0.0,0.55,0.5225,False,0,0
1330,202512222002,1.0,1.0,1.0,1.0,60,m1,0,0,1.0,1.0,1.0,1.0,1.0,50.0,0.0,0.0,0.0,0.0,1.0,1.0,0.425,0.525,0.0,0.55,0.395,False,0,0
1331,202512222003,1.0,1.0,1.0,1.0,83,m1,0,0,1.0,1.0,1.0,1.0,1.0,50.0,0.0,0.0,0.0,0.0,1.0,1.0,0.65,0.525,0.0,0.55,0.4625,False,0,0
1332,202512222004,1.0,1.0,1.0,1.0,39,m1,0,0,1.0,1.0,1.0,1.0,1.0,50.0,0.0,0.0,0.0,0.0,1.0,1.0,0.1,0.525,0.0,0.55,0.2975,False,0,0
1333,202512222005,1.0,1.0,1.0,1.0,69,m1,0,0,1.0,1.0,1.0,1.0,1.0,50.0,0.0,0.0,0.0,0.0,1.0,1.0,0.55,0.525,0.0,0.55,0.4325,False,0,0
1334,202512222006,1.0,1.0,1.0,1.0,47,m1,0,0,1.0,1.0,1.0,1.0,1.0,50.0,0.0,0.0,0.0,0.0,1.0,1.0,0.3,0.525,0.0,0.55,0.35750000000000004,False,0,0
1335,202512222007,1.0,1.0,1.0,1.0,56,m1,0,0,1.0,1.0,1.0,1.0,1.0,50.0,0.0,0.0,0.0,0.0,1.0,1.0,0.35,0.525,0.0,0.55,0.37250000000000005,False,0,0
1336,202512222008,1.0,1.0,1.0,1.0,82,m1,0,0,1.0,1.0,1.0,1.0,1.0,50.0,0.0,0.0,0.0,0.0,1.0,1.0,0.65,0.525,0.0,0.55,0.4625,False,0,0
1337,202512222009,1.0,1.0,1.0,1.0,92,m1,0,0,1.0,1.0,1.0,1.0,1.0,50.0,0.0,0.0,0.0,0.0,1.0,1.0,0.8,0.525,0.0,0.55,0.5075,False,0,0
1338,202512222010,1.0,1.0,1.0,1.0,69,m1,0,0,1.0,1.0,1.0,1.0,1.0,50.0,0.0,0.0,0.0,0.0,1.0,1.0,0.475,0.525,0.0,0.55,0.41000000000000003,False,0,0
1339,202512222011,1.0,1.0,1.0,1.0,147,m1,0,0,1.0,1.0,1.0,1.0,1.0,50.0,0.0,0.0,0.0,0.0,1.0,1.0,0.95,0.525,0.0,0.55,0.5525,False,0,0
1340,202512222012,1.0,1.0,1.0,1.0,55,m1,0,0,1.0,1.0,1.0,1.0,1.0,50.0,0.0,0.0,0.0,0.0,1.0,1.0,0.2,0.525,0.0,0.55,0.3275,False,0,0
1341,202512222013,1.0,1.0,1.0,1.0,75,m1,0,0,1.0,1.0,1.0,1.0,1.0,50.0,0.0,0.0,0.0,0.0,1.0,1.0,0.5,0.525,0.0,0.55,0.4175,False,0,0
1342,202512222014,1.0,1.0,1.0,1.0,95,m1,0,0,1.0,1.0,1.0,1.0,1.0,50.0,0.0,0.0,0.0,0.0,1.0,1.0,0.75,0.525,0.0,0.55,0.49249999999999994,False,0,0
1343,202512222015,1.0,1.0,1.0,1.0,34,m1,0,0,1.0,1.0,1.0,1.0,1.0,50.0,0.0,0.0,0.0,0.0,1.0,1.0,0.05,0.525,0.0,0.55,0.2825,False,0,0
1344,202512222016,1.0,1.0,1.0,1.0,38,m1,0,0,1.0,1.0,1.0,1.0,1.0,50.0,0.0,0.0,0.0,0.0,1.0,1.0,0.1,0.525,0.0,0.55,0.2975,False,0,0
1345,202512222017,1.0,1.0,1.0,1.0,66,m1,0,0,1.0,1.0,1.0,1.0,1.0,50.0,0.0,0.0,0.0,0.0,1.0,1.0,0.4,0.525,0.0,0.55,0.38749999999999996,False,0,0
1346,202512222018,1.0,1.0,1.0,1.0,46,m1,0,0,1.0,1.0,1.0,1.0,1.0,50.0,0.0,0.0,0.0,0.0,1.0,1.0,0.2,0.525,0.0,0.55,0.3275,False,0,0
1347,202512222019,1.0,1.0,1.0,1.0,50,m1,0,0,1.0,1.0,1.0,1.0,1.0,50.0,0.0,0.0,0.0,0.0,1.0,1.0,0.3,0.525,0.0,0.55,0.35750000000000004,False,0,0
1348,202512222020,1.0,1.0,1.0,1.0,48,m1,0,0,1.0,1.0,1.0,1.0,1.0,50.0,0.0,0.0,0.0,0.0,1.0,1.0,0.3,0.525,0.0,0.55,0.35750000000000004,False,0,0
1349,202512222021,1.0,1.0,1.0,1.0,71,m1,0,0,1.0,1.0,1.0,1.0,1.0,50.0,0.0,0.0,0.0,0.0,1.0,1.0,0.7,0.525,0.0,0.55,0.47750000000000004,False,0,0
1350,202512222022,1.0,1.0,1.0,1.0,85,m1,0,0,1.0,1.0,1.0,1.0,1.0,50.0,0.0,0.0,0.0,0.0,1.0,1.0,0.85,0.525,0.0,0.55,0.5225,False,0,0
1351,202512222023,1.0,1.0,1.0,1.0,41,m1,0,0,1.0,1.0,1.0,1.0,1.0,50.0,0.0,0.0,0.0,0.0,1.0,1.0,0.2,0.525,0.0,0.55,0.3275,False,0,0
1352,202512222024,1.0,1.0,1.0,1.0,49,m1,0,0,1.0,1.0,1.0,1.0,1.0,50.0,0.0,0.0,0.0,0.0,1.0,1.0,0.35,0.525,0.0,0.55,0.37250000000000005,False,0,0
1353,202512222025,1.0,1.0,1.0,1.0,28,m1,0,0,1.0,1.0,1.0,1.0,1.0,50.0,0.0,0.0,0.0,0.0,1.0,1.0,0.05,0.525,0.0,0.55,0.2825,False,0,0
1354,202512222026,1.0,1.0,1.0,1.0,54,m1,0,0,1.0,1.0,1.0,1.0,1.0,50.0,0.0,0.0,0.0,0.0,1.0,1.0,0.45,0.525,0.0,0.55,0.40249999999999997,False,0,0
1355,202512222027,1.0,1.0,1.0,1.0,31,m1,0,0,1.0,1.0,1.0,1.0,1.0,50.0,0.0,0.0,0.0,0.0,1.0,1.0,0.1,0.525,0.0,0.55,0.2975,False,0,0
1356,202512222028,1.0,1.0,1.0,1.0,43,m1,0,0,1.0,1.0,1.0,1.0,1.0,50.0,0.0,0.0,0.0,0.0,1.0,1.0,0.3,0.525,0.0,0.55,0.35750000000000004,False,0,0
1357,202512222029,1.0,1.0,1.0,1.0,102,m1,0,0,1.0,1.0,1.0,1.0,1.0,50.0,0.0,0.0,0.0,0.0,1.0,1.0,0.95,0.525,0.0,0.55,0.5525,False,0,0
1358,202512222030,1.0,1.0,1.0,1.0,79,m1,0,0,1.0,1.0,1.0,1.0,1.0,50.0,0.0,0.0,0.0,0.0,1.0,1.0,0.8,0.525,0.0,0.55,0.5075,False,0,0
1359,202512222031,1.0,1.0,1.0,1.0,71,m1,0,0,1.0,1.0,1.0,1.0,1.0,50.0,0.0,0.0,0.0,0.0,1.0,1.0,0.725,0.525,0.0,0.55,0.485,False,0,0
1360,202512222032,1.0,1.0,1.0,1.0,86,m1,0,0,1.0,1.0,1.0,1.0,1.0,50.0,0.0,0.0,0.0,0.0,1.0,1.0,0.9,0.525,0.0,0.55,0.5375,False,0,0
1361,202512222033,1.0,1.0,1.0,1.0,75,m1,0,0,1.0,1.0,1.0,1.0,1.0,50.0,0.0,0.0,0.0,0.0,1.0,1.0,0.75,0.525,0.0,0.55,0.49249999999999994,False,0,0
1362,202512222034,1.0,1.0,1.0,1.0,85,m1,0,0,1.0,1.0,1.0,1.0,1.0,50.0,0.0,0.0,0.0,0.0,1.0,1.0,0.875,0.525,0.0,0.55,0.53,False,0,0
1363,202512222035,1.0,1.0,1.0,1.0,83,m1,0,0,1.0,1.0,1.0,1.0,1.0,50.0,0.0,0.0,0.0,0.0,1.0,1.0,0.8,0.525,0.0,0.55,0.5075,False,0,0
1364,202512222036,1.0,1.0,1.0,1.0,98,m1,0,0,1.0,1.0,1.0,1.0,1.0,50.0,0.0,0.0,0.0,0.0,1.0,1.0,0.95,0.525,0.0,0.55,0.5525,False,0,0
1365,202512222037,1.0,1.0,1.0,1.0,76,m1,0,0,1.0,1.0,1.0,1.0,1.0,50.0,0.0,0.0,0.0,0.0,1.0,1.0,0.65,0.525,0.0,0.55,0.4625,False,0,0
1366,202512222038,1.0,1.0,1.0,1.0,40,m1,0,0,1.0,1.0,1.0,1.0,1.0,50.0,0.0,0.0,0.0,0.0,1.0,1.0,0.15,0.525,0.0,0.55,0.3125,False,0,0
1367,202512222039,1.0,1.0,1.0,1.0,71,m1,0,0,1.0,1.0,1.0,1.0,1.0,50.0,0.0,0.0,0.0,0.0,1.0,1.0,0.5,0.525,0.0,0.55,0.4175,False,0,0
1368,202512222040,1.0,1.0,1.0,1.0,70,m1,0,0,1.0,1.0,1.0,1.0,1.0,50.0,0.0,0.0,0.0,0.0,1.0,1.0,0.4,0.525,0.0,0.55,0.38749999999999996,False,0,0
1369,202512222041,1.0,1.0,1.0,1.0,46,m1,0,0,1.0,1.0,1.0,1.0,1.0,50.0,0.0,0.0,0.0,0.0,1.0,1.0,0.3,0.525,0.0,0.55,0.35750000000000004,False,0,0
1370,202512222042,1.0,1.0,1.0,1.0,74,m1,0,0,1.0,1.0,1.0,1.0,1.0,50.0,0.0,0.0,0.0,0.0,1.0,1.0,0.6,0.525,0.0,0.55,0.4475,False,0,0
1371,202512222043,1.0,1.0,1.0,1.0,32,m1,0,0,1.0,1.0,1.0,1.0,1.0,50.0,0.0,0.0,0.0,0.0,1.0,1.0,0.15,0.525,0.0,0.55,0.3125,False,0,0
1372,202512222044,1.0,1.0,1.0,1.0,46,m1,0,0,1.0,1.0,1.0,1.0,1.0,50.0,0.0,0.0,0.0,0.0,1.0,1.0,0.325,0.525,0.0,0.55,0.365,False,0,0
1373,202512222045,1.0,1.0,1.0,1.0,32,m1,0,0,1.0,1.0,1.0,1.0,1.0,50.0,0.0,0.0,0.0,0.0,1.0,1.0,0.125,0.525,0.0,0.55,0.30500000000000005,False,0,0
1374,202512222046,1.0,1.0,1.0,1.0,40,m1,0,0,1.0,1.0,1.0,1.0,1.0,50.0,0.0,0.0,0.0,0.0,1.0,1.0,0.225,0.525,0.0,0.55,0.335,False,0,0
1375,202512222047,1.0,1.0,1.0,1.0,45,m1,0,0,1.0,1.0,1.0,1.0,1.0,50.0,0.0,0.0,0.0,0.0,1.0,1.0,0.3,0.525,0.0,0.55,0.35750000000000004,False,0,0
1376,202512222048,1.0,1.0,1.0,1.0,30,m1,0,0,1.0,1.0,1.0,1.0,1.0,50.0,0.0,0.0,0.0,0.0,1.0,1.0,0.05,0.525,0.0,0.55,0.2825,False,0,0
1377,202512222049,1.0,1.0,1.0,1.0,53,m1,0,0,1.0,1.0,1.0,1.0,1.0,50.0,0.0,0.0,0.0,0.0,1.0,1.0,0.45,0.525,0.0,0.55,0.40249999999999997,False,0,0
1378,202512222050,1.0,1.0,1.0,1.0,62,m1,0,0,1.0,1.0,1.0,1.0,1.0,50.0,0.0,0.0,0.0,0.0,1.0,1.0,0.5,0.525,0.0,0.55,0.4175,False,0,0
1379,202512222051,1.0,1.0,1.0,1.0,18,m1,0,0,1.0,1.0,1.0,1.0,1.0,50.0,0.0,0.0,0.0,0.0,1.0,1.0,0.05,0.525,0.0,0.55,0.2825,False,0,0
1380,202512222052,1.0,1.0,1.0,1.0,22,m1,0,0,1.0,1.0,1.0,1.0,1.0,50.0,0.0,0.0,0.0,0.0,1.0,1.0,0.1,0.525,0.0,0.55,0.2975,False,0,0
1381,202512222053,1.0,1.0,1.0,1.0,47,m1,0,0,1.0,1.0,1.0,1.0,1.0,50.0,0.0,0.0,0.0,0.0,1.0,1.0,0.55,0.525,0.0,0.55,0.4325,False,0,0
1382,202512222054,1.0,1.0,1.0,1.0,53,m1,0,0,1.0,1.0,1.0,1.0,1.0,50.0,0.0,0.0,0.0,0.0,1.0,1.0,0.625,0.525,0.0,0.55,0.45499999999999996,False,0,0
1383,202512222055,1.0,1.0,1.0,1.0,118,m1,0,0,1.0,1.0,1.0,1.0,1.0,50.0,0.0,0.0,0.0,0.0,1.0,1.0,1.0,0.525,0.0,0.55,0.5675,False,0,0
1384,202512222056,1.0,1.0,1.0,1.0,79,m1,0,0,1.0,1.0,1.0,1.0,1.0,50.0,0.0,0.0,0.0,0.0,1.0,1.0,0.95,0.525,0.0,0.55,0.5525,False,0,0
1385,202512222057,1.0,1.0,1.0,1.0,92,m1,0,0,1.0,1.0,1.0,1.0,1.0,50.0,0.0,0.0,0.0,0.0,1.0,1.0,0.95,0.525,0.0,0.55,0.5525,False,0,0
1386,202512222058,1.0,1.0,1.0,1.0,107,m1,0,0,1.0,1.0,1.0,1.0,1.0,50.0,0.0,0.0,0.0,0.0,1.0,1.0,0.95,0.525,0.0,0.55,0.5525,False,0,0
1387,202512222059,1.0,1.0,1.0,1.0,78,m1,0,0,1.0,1.0,1.0,1.0,1.0,50.0,0.0,0.0,0.0,0.0,1.0,1.0,0.8,0.525,0.0,0.55,0.5075,False,0,0
1388,202512222100,1.0,1.0,1.0,1.0,53,m1,0,0,1.0,1.0,1.0,1.0,1.0,50.0,0.0,0.0,0.0,0.0,1.0,1.0,0.6,0.525,0.0,0.55,0.4475,False,0,0
1389,202512222101,1.0,1.0,1.0,1.0,62,m1,0,0,1.0,1.0,1.0,1.0,1.0,50.0,0.0,0.0,0.0,0.0,1.0,1.0,0.675,0.525,0.0,0.55,0.47,False,0,0
1390,202512222102,1.0,1.0,1.0,1.0,46,m1,0,0,1.0,1.0,1.0,1.0,1.0,50.0,0.0,0.0,0.0,0.0,1.0,1.0,0.425,0.525,0.0,0.55,0.395,False,0,0
1391,202512222103,1.0,1.0,1.0,1.0,15,m1,0,0,1.0,1.0,1.0,1.0,1.0,50.0,0.0,0.0,0.0,0.0,1.0,1.0,0.05,0.525,0.0,0.55,0.2825,False,0,0
1392,202512222104,1.0,1.0,1.0,1.0,30,m1,0,0,1.0,1.0,1.0,1.0,1.0,50.0,0.0,0.0,0.0,0.0,1.0,1.0,0.225,0.525,0.0,0.55,0.335,False,0,0
1393,202512222105,1.0,1.0,1.0,1.0,23,m1,0,0,1.0,1.0,1.0,1.0,1.0,50.0,0.0,0.0,0.0,0.0,1.0,1.0,0.2,0.525,0.0,0.55,0.3275,False,0,0
1394,202512222106,1.0,1.0,1.0,1.0,20,m1,0,0,1.0,1.0,1.0,1.0,1.0,50.0,0.0,0.0,0.0,0.0,1.0,1.0,0.15,0.525,0.0,0.55,0.3125,False,0,0
1395,202512222107,1.0,1.0,1.0,1.0,47,m1,0,0,1.0,1.0,1.0,1.0,1.0,50.0,0.0,0.0,0.0,0.0,1.0,1.0,0.475,0.525,0.0,0.55,0.41000000000000003,False,0,0
1396,202512222108,1.0,1.0,1.0,1.0,19,m1,0,0,1.0,1.0,1.0,1.0,1.0,50.0,0.0,0.0,0.0,0.0,1.0,1.0,0.15,0.525,0.0,0.55,0.3125,False,0,0
1397,202512222109,1.0,1.0,1.0,1.0,8,m1,0,0,1.0,1.0,1.0,1.0,1.0,50.0,0.0,0.0,0.0,0.0,1.0,1.0,0.05,0.525,0.0,0.55,0.2825,False,0,0
1398,202512222110,1.0,1.0,1.0,1.0,34,m1,0,0,1.0,1.0,1.0,1.0,1.0,50.0,0.0,0.0,0.0,0.0,1.0,1.0,0.45,0.525,0.0,0.55,0.40249999999999997,False,0,0
1399,202512222111,1.0,1.0,1.0,1.0,46,m1,0,0,1.0,1.0,1.0,1.0,1.0,50.0,0.0,0.0,0.0,0.0,1.0,1.0,0.475,0.525,0.0,0.55,0.41000000000000003,False,0,0
1400,202512222112,1.0,1.0,1.0,1.0,18,m1,0,0,1.0,1.0,1.0,1.0,1.0,50.0,0.0,0.0,0.0,0.0,1.0,1.0,0.15,0.525,0.0,0.55,0.3125,False,0,0
1401,202512222113,1.0,1.0,1.0,1.0,17,m1,0,0,1.0,1.0,1.0,1.0,1.0,50.0,0.0,0.0,0.0,0.0,1.0,1.0,0.15,0.525,0.0,0.55,0.3125,False,0,0
1402,202512222114,1.0,1.0,1.0,1.0,18,m1,0,0,1.0,1.0,1.0,1.0,1.0,50.0,0.0,0.0,0.0,0.0,1.0,1.0,0.225,0.525,0.0,0.55,0.335,False,0,0
1403,202512222115,1.0,1.0,1.0,1.0,41,m1,0,0,1.0,1.0,1.0,1.0,1.0,50.0,0.0,0.0,0.0,0.0,1.0,1.0,0.55,0.525,0.0,0.55,0.4325,False,0,0
1404,202512222116,1.0,1.0,1.0,1.0,7,m1,0,0,1.0,1.0,1.0,1.0,1.0,50.0,0.0,0.0,0.0,0.0,1.0,1.0,0.05,0.525,0.0,0.55,0.2825,False,0,0
1405,202512222117,1.0,1.0,1.0,1.0,29,m1,0,0,1.0,1.0,1.0,1.0,1.0,50.0,0.0,0.0,0.0,0.0,1.0,1.0,0.5,0.525,0.0,0.55,0.4175,False,0,0
1406,202512222118,1.0,1.0,1.0,1.0,10,m1,0,0,1.0,1.0,1.0,1.0,1.0,50.0,0.0,0.0,0.0,0.0,1.0,1.0,0.15,0.525,0.0,0.55,0.3125,False,0,0
1407,202512222119,1.0,1.0,1.0,1.0,13,m1,0,0,1.0,1.0,1.0,1.0,1.0,50.0,0.0,0.0,0.0,0.0,1.0,1.0,0.2,0.525,0.0,0.55,0.3275,False,0,0
1408,202512222120,1.0,1.0,1.0,1.0,33,m1,0,0,1.0,1.0,1.0,1.0,1.0,50.0,0.0,0.0,0.0,0.0,1.0,1.0,0.7,0.525,0.0,0.55,0.47750000000000004,False,0,0
1409,202512222121,1.0,1.0,1.0,1.0,17,m1,0,0,1.0,1.0,1.0,1.0,1.0,50.0,0.0,0.0,0.0,0.0,1.0,1.0,0.325,0.525,0.0,0.55,0.365,False,0,0
1410,202512222122,1.0,1.0,1.0,1.0,5,m1,0,0,1.0,1.0,1.0,1.0,1.0,50.0,0.0,0.0,0.0,0.0,1.0,1.0,0.05,0.525,0.0,0.55,0.2825,False,0,0
1411,202512222123,1.0,1.0,1.0,1.0,32,m1,0,0,1.0,1.0,1.0,1.0,1.0,50.0,0.0,0.0,0.0,0.0,1.0,1.0,0.75,0.525,0.0,0.55,0.49249999999999994,False,0,0
1412,202512222124,1.0,1.0,1.0,1.0,38,m1,0,0,1.0,1.0,1.0,1.0,1.0,50.0,0.0,0.0,0.0,0.0,1.0,1.0,0.85,0.525,0.0,0.55,0.5225,False,0,0
1413,202512222125,1.0,1.0,1.0,1.0,15,m1,0,0,1.0,1.0,1.0,1.0,1.0,50.0,0.0,0.0,0.0,0.0,1.0,1.0,0.3,0.525,0.0,0.55,0.35750000000000004,False,0,0
1414,202512222126,1.0,1.0,1.0,1.0,46,m1,0,0,1.0,1.0,1.0,1.0,1.0,50.0,0.0,0.0,0.0,0.0,1.0,1.0,0.925,0.525,0.0,0.55,0.545,False,0,0
1415,202512222127,1.0,1.0,1.0,1.0,54,m1,0,0,1.0,1.0,1.0,1.0,1.0,50.0,0.0,0.0,0.0,0.0,1.0,1.0,1.0,0.525,0.0,0.55,0.5675,False,0,0
1416,202512222128,1.0,1.0,1.0,1.0,39,m1,0,0,1.0,1.0,1.0,1.0,1.0,50.0,0.0,0.0,0.0,0.0,1.0,1.0,0.8,0.525,0.0,0.55,0.5075,False,0,0
1417,202512222129,1.0,1.0,1.0,1.0,59,m1,0,0,1.0,1.0,1.0,1.0,1.0,50.0,0.0,0.0,0.0,0.0,1.0,1.0,1.0,0.525,0.0,0.55,0.5675,False,0,0
1418,202512222130,1.0,1.0,1.0,1.0,33,m1,0,0,1.0,1.0,1.0,1.0,1.0,50.0,0.0,0.0,0.0,0.0,1.0,1.0,0.625,0.525,0.0,0.55,0.45499999999999996,False,0,0
1419,202512222131,1.0,1.0,1.0,1.0,26,m1,0,0,1.0,1.0,1.0,1.0,1.0,50.0,0.0,0.0,0.0,0.0,1.0,1.0,0.5,0.525,0.0,0.55,0.4175,False,0,0
1420,202512222132,1.0,1.0,1.0,1.0,16,m1,0,0,1.0,1.0,1.0,1.0,1.0,50.0,0.0,0.0,0.0,0.0,1.0,1.0,0.3,0.525,0.0,0.55,0.35750000000000004,False,0,0
1421,202512222133,1.0,1.0,1.0,1.0,36,m1,0,0,1.0,1.0,1.0,1.0,1.0,50.0,0.0,0.0,0.0,0.0,1.0,1.0,0.7,0.525,0.0,0.55,0.47750000000000004,False,0,0
1422,202512222134,1.0,1.0,1.0,1.0,24,m1,0,0,1.0,1.0,1.0,1.0,1.0,50.0,0.0,0.0,0.0,0.0,1.0,1.0,0.4,0.525,0.0,0.55,0.38749999999999996,False,0,0
1423,202512222135,1.0,1.0,1.0,1.0,25,m1,0,0,1.0,1.0,1.0,1.0,1.0,50.0,0.0,0.0,0.0,0.0,1.0,1.0,0.45,0.525,0.0,0.55,0.40249999999999997,False,0,0
1424,202512222136,1.0,1.0,1.0,1.0,10,m1,0,0,1.0,1.0,1.0,1.0,1.0,50.0,0.0,0.0,0.0,0.0,1.0,1.0,0.125,0.525,0.0,0.55,0.30500000000000005,False,0,0
1425,202512222137,1.0,1.0,1.0,1.0,19,m1,0,0,1.0,1.0,1.0,1.0,1.0,50.0,0.0,0.0,0.0,0.0,1.0,1.0,0.4,0.525,0.0,0.55,0.38749999999999996,False,0,0
1426,202512222138,1.0,1.0,1.0,1.0,10,m1,0,0,1.0,1.0,1.0,1.0,1.0,50.0,0.0,0.0,0.0,0.0,1.0,1.0,0.125,0.525,0.0,0.55,0.30500000000000005,False,0,0
1427,202512222139,1.0,1.0,1.0,1.0,24,m1,0,0,1.0,1.0,1.0,1.0,1.0,50.0,0.0,0.0,0.0,0.0,1.0,1.0,0.425,0.525,0.0,0.55,0.395,False,0,0
1428,202512222140,1.0,1.0,1.0,1.0,9,m1,0,0,1.0,1.0,1.0,1.0,1.0,50.0,0.0,0.0,0.0,0.0,1.0,1.0,0.1,0.525,0.0,0.55,0.2975,False,0,0
1429,202512222141,1.0,1.0,1.0,1.0,15,m1,0,0,1.0,1.0,1.0,1.0,1.0,50.0,0.0,0.0,0.0,0.0,1.0,1.0,0.275,0.525,0.0,0.55,0.35,False,0,0
1430,202512222142,1.0,1.0,1.0,1.0,7,m1,0,0,1.0,1.0,1.0,1.0,1.0,50.0,0.0,0.0,0.0,0.0,1.0,1.0,0.05,0.525,0.0,0.55,0.2825,False,0,0
1431,202512222143,1.0,1.0,1.0,1.0,22,m1,0,0,1.0,1.0,1.0,1.0,1.0,50.0,0.0,0.0,0.0,0.0,1.0,1.0,0.45,0.525,0.0,0.55,0.40249999999999997,False,0,0
1432,202512222144,1.0,1.0,1.0,1.0,13,m1,0,0,1.0,1.0,1.0,1.0,1.0,50.0,0.0,0.0,0.0,0.0,1.0,1.0,0.25,0.525,0.0,0.55,0.3425,False,0,0
1433,202512222145,1.0,1.0,1.0,1.0,34,m1,0,0,1.0,1.0,1.0,1.0,1.0,50.0,0.0,0.0,0.0,0.0,1.0,1.0,0.75,0.525,0.0,0.55,0.49249999999999994,False,0,0
1434,202512222146,1.0,1.0,1.0,1.0,33,m1,0,0,1.0,1.0,1.0,1.0,1.0,50.0,0.0,0.0,0.0,0.0,1.0,1.0,0.725,0.525,0.0,0.55,0.485,False,0,0
1435,202512222147,1.0,1.0,1.0,1.0,20,m1,0,0,1.0,1.0,1.0,1.0,1.0,50.0,0.0,0.0,0.0,0.0,1.0,1.0,0.45,0.525,0.0,0.55,0.40249999999999997,False,0,0
1436,202512222148,1.0,1.0,1.0,1.0,15,m1,0,0,1.0,1.0,1.0,1.0,1.0,50.0,0.0,0.0,0.0,0.0,1.0,1.0,0.325,0.525,0.0,0.55,0.365,False,0,0
1437,202512222149,1.0,1.0,1.0,1.0,32,m1,0,0,1.0,1.0,1.0,1.0,1.0,50.0,0.0,0.0,0.0,0.0,1.0,1.0,0.8,0.525,0.0,0.55,0.5075,False,0,0
1438,202512222150,1.0,1.0,1.0,1.0,33,m1,0,0,1.0,1.0,1.0,1.0,1.0,50.0,0.0,0.0,0.0,0.0,1.0,1.0,0.875,0.525,0.0,0.55,0.53,False,0,0
1439,202512222151,1.0,1.0,1.0,1.0,14,m1,0,0,1.0,1.0,1.0,1.0,1.0,50.0,0.0,0.0,0.0,0.0,1.0,1.0,0.3,0.525,0.0,0.55,0.35750000000000004,False,0,0
1440,202512222152,1.0,1.0,1.0,1.0,26,m1,0,0,1.0,1.0,1.0,1.0,1.0,50.0,0.0,0.0,0.0,0.0,1.0,1.0,0.75,0.525,0.0,0.55,0.49249999999999994,False,0,0
1441,202512222153,1.0,1.0,1.0,1.0,11,m1,0,0,1.0,1.0,1.0,1.0,1.0,50.0,0.0,0.0,0.0,0.0,1.0,1.0,0.25,0.525,0.0,0.55,0.3425,False,0,0
1442,202512222154,1.0,1.0,1.0,1.0,31,m1,0,0,1.0,1.0,1.0,1.0,1.0,50.0,0.0,0.0,0.0,0.0,1.0,1.0,0.8,0.525,0.0,0.55,0.5075,False,0,0
1443,202512222155,1.0,1.0,1.0,1.0,31,m1,0,0,1.0,1.0,1.0,1.0,1.0,50.0,0.0,0.0,0.0,0.0,1.0,1.0,0.775,0.525,0.0,0.55,0.5,False,0,0
1444,202512222156,1.0,1.0,1.0,1.0,29,m1,0,0,1.0,1.0,1.0,1.0,1.0,50.0,0.0,0.0,0.0,0.0,1.0,1.0,0.7,0.525,0.0,0.55,0.47750000000000004,False,0,0
1445,202512222157,1.0,1.0,1.0,1.0,22,m1,0,0,1.0,1.0,1.0,1.0,1.0,50.0,0.0,0.0,0.0,0.0,1.0,1.0,0.525,0.525,0.0,0.55,0.42500000000000004,False,0,0
1446,202512222158,1.0,1.0,1.0,1.0,26,m1,0,0,1.0,1.0,1.0,1.0,1.0,50.0,0.0,0.0,0.0,0.0,1.0,1.0,0.625,0.525,0.0,0.55,0.45499999999999996,False,0,0
1447,202512222159,1.0,1.0,1.0,1.0,105,m1,0,0,1.0,1.0,1.0,1.0,1.0,50.0,0.0,0.0,0.0,0.0,1.0,1.0,1.0,0.525,0.0,0.55,0.5675,False,0,0
1448,202512222200,1.0,1.0,1.0,1.0,5,m1,0,0,1.0,1.0,1.0,1.0,1.0,50.0,0.0,0.0,0.0,0.0,1.0,1.0,0.05,0.525,0.0,0.55,0.2825,False,0,0
1449,202512222201,1.0,1.0,1.0,1.0,3,m1,0,0,1.0,1.0,1.0,1.0,1.0,50.0,0.0,0.0,0.0,0.0,1.0,1.0,0.05,0.525,0.0,0.55,0.2825,False,0,0
1450,202512222202,1.0,1.0,1.0,1.0,10,m1,0,0,1.0,1.0,1.0,1.0,1.0,50.0,0.0,0.0,0.0,0.0,1.0,1.0,0.15,0.525,0.0,0.55,0.3125,False,0,0
1451,202512222203,1.0,1.0,1.0,1.0,24,m1,0,0,1.0,1.0,1.0,1.0,1.0,50.0,0.0,0.0,0.0,0.0,1.0,1.0,0.5,0.525,0.0,0.55,0.4175,False,0,0
1452,202512222204,1.0,1.0,1.0,1.0,17,m1,0,0,1.0,1.0,1.0,1.0,1.0,50.0,0.0,0.0,0.0,0.0,1.0,1.0,0.35,0.525,0.0,0.55,0.37250000000000005,False,0,0
1453,202512222205,1.0,1.0,1.0,1.0,408,m1,0,0,1.0,1.0,1.0,1.0,1.0,50.0,0.0,0.0,0.0,0.0,1.0,1.0,1.0,0.525,0.0,0.55,0.5675,False,0,0
1454,202512222206,1.0,1.0,1.0,1.0,17,m1,0,0,1.0,1.0,1.0,1.0,1.0,50.0,0.0,0.0,0.0,0.0,1.0,1.0,0.375,0.525,0.0,0.55,0.38,False,0,0
1455,202512222207,1.0,1.0,1.0,1.0,13,m1,0,0,1.0,1.0,1.0,1.0,1.0,50.0,0.0,0.0,0.0,0.0,1.0,1.0,0.25,0.525,0.0,0.55,0.3425,False,0,0
1456,202512222208,1.0,1.0,1.0,1.0,23,m1,0,0,1.0,1.0,1.0,1.0,1.0,50.0,0.0,0.0,0.0,0.0,1.0,1.0,0.5,0.525,0.0,0.55,0.4175,False,0,0
1457,202512222209,1.0,1.0,1.0,1.0,238,m1,0,0,1.0,1.0,1.0,1.0,1.0,50.0,0.0,0.0,0.0,0.0,1.0,1.0,0.95,0.525,0.0,0.55,0.5525,False,0,0
1458,202512222210,1.0,1.0,1.0,1.0,140,m1,0,0,1.0,1.0,1.0,1.0,1.0,50.0,0.0,0.0,0.0,0.0,1.0,1.0,0.9,0.525,0.0,0.55,0.5375,False,0,0
1459,202512222211,1.0,1.0,1.0,1.0,117,m1,0,0,1.0,1.0,1.0,1.0,1.0,50.0,0.0,0.0,0.0,0.0,1.0,1.0,0.85,0.525,0.0,0.55,0.5225,False,0,0
1460,202512222212,1.0,1.0,1.0,1.0,6,m1,0,0,1.0,1.0,1.0,1.0,1.0,50.0,0.0,0.0,0.0,0.0,1.0,1.0,0.15,0.525,0.0,0.55,0.3125,False,0,0
1461,202512222213,1.0,1.0,1.0,1.0,29,m1,0,0,1.0,1.0,1.0,1.0,1.0,50.0,0.0,0.0,0.0,0.0,1.0,1.0,0.625,0.525,0.0,0.55,0.45499999999999996,False,0,0
1462,202512222214,1.0,1.0,1.0,1.0,14,m1,0,0,1.0,1.0,1.0,1.0,1.0,50.0,0.0,0.0,0.0,0.0,1.0,1.0,0.3,0.525,0.0,0.55,0.35750000000000004,False,0,0
1463,202512222215,1.0,1.0,1.0,1.0,18,m1,0,0,1.0,1.0,1.0,1.0,1.0,50.0,0.0,0.0,0.0,0.0,1.0,1.0,0.45,0.525,0.0,0.55,0.40249999999999997,False,0,0
1464,202512222216,1.0,1.0,1.0,1.0,44,m1,0,0,1.0,1.0,1.0,1.0,1.0,50.0,0.0,0.0,0.0,0.0,1.0,1.0,0.75,0.525,0.0,0.55,0.49249999999999994,False,0,0
1465,202512222217,1.0,1.0,1.0,1.0,35,m1,0,0,1.0,1.0,1.0,1.0,1.0,50.0,0.0,0.0,0.0,0.0,1.0,1.0,0.7,0.525,0.0,0.55,0.47750000000000004,False,0,0
1466,202512222218,1.0,1.0,1.0,1.0,21,m1,0,0,1.0,1.0,1.0,1.0,1.0,50.0,0.0,0.0,0.0,0.0,1.0,1.0,0.5,0.525,0.0,0.55,0.4175,False,0,0
1467,202512222219,1.0,1.0,1.0,1.0,17,m1,0,0,1.0,1.0,1.0,1.0,1.0,50.0,0.0,0.0,0.0,0.0,1.0,1.0,0.4,0.525,0.0,0.55,0.38749999999999996,False,0,0
1468,202512222220,1.0,1.0,1.0,1.0,224,m1,0,0,1.0,1.0,1.0,1.0,1.0,50.0,0.0,0.0,0.0,0.0,1.0,1.0,0.9,0.525,0.0,0.55,0.5375,False,0,0
1469,202512222221,1.0,1.0,1.0,1.0,725,m1,0,0,1.0,1.0,1.0,1.0,1.0,50.0,0.0,0.0,0.0,0.0,1.0,1.0,1.0,0.525,0.0,0.55,0.5675,False,0,0
1470,202512222222,1.0,1.0,1.0,1.0,710,m1,0,0,1.0,1.0,1.0,1.0,1.0,50.0,0.0,0.0,0.0,0.0,1.0,1.0,0.95,0.525,0.0,0.55,0.5525,False,0,0
1471,202512222223,1.0,1.0,1.0,1.0,729,m1,0,0,1.0,1.0,1.0,1.0,1.0,50.0,0.0,0.0,0.0,0.0,1.0,1.0,1.0,0.525,0.0,0.55,0.5675,False,0,0
1472,202512222224,1.0,1.0,1.0,1.0,686,m1,0,0,1.0,1.0,1.0,1.0,1.0,50.0,0.0,0.0,0.0,0.0,1.0,1.0,0.85,0.525,0.0,0.55,0.5225,False,0,0
1473,202512222225,1.0,1.0,1.0,1.0,671,m1,0,0,1.0,1.0,1.0,1.0,1.0,50.0,0.0,0.0,0.0,0.0,1.0,1.0,0.8,0.525,0.0,0.55,0.5075,False,0,0
1474,202512222226,1.0,1.0,1.0,1.0,87,m1,0,0,1.0,1.0,1.0,1.0,1.0,50.0,0.0,0.0,0.0,0.0,1.0,1.0,0.55,0.525,0.0,0.55,0.4325,False,0,0
1475,202512222227,1.0,1.0,1.0,1.0,161,m1,0,0,1.0,1.0,1.0,1.0,1.0,50.0,0.0,0.0,0.0,0.0,1.0,1.0,0.65,0.525,0.0,0.55,0.4625,False,0,0
1476,202512222228,1.0,1.0,1.0,1.0,125,m1,0,0,1.0,1.0,1.0,1.0,1.0,50.0,0.0,0.0,0.0,0.0,1.0,1.0,0.55,0.525,0.0,0.55,0.4325,False,0,0
1477,202512222229,1.0,1.0,1.0,1.0,9,m1,0,0,1.0,1.0,1.0,1.0,1.0,50.0,0.0,0.0,0.0,0.0,1.0,1.0,0.1,0.525,0.0,0.55,0.2975,False,0,0
1478,202512222230,1.0,1.0,1.0,1.0,30,m1,0,0,1.0,1.0,1.0,1.0,1.0,50.0,0.0,0.0,0.0,0.0,1.0,1.0,0.4,0.525,0.0,0.55,0.38749999999999996,False,0,0
1479,202512222231,1.0,1.0,1.0,1.0,16,m1,0,0,1.0,1.0,1.0,1.0,1.0,50.0,0.0,0.0,0.0,0.0,1.0,1.0,0.2,0.525,0.0,0.55,0.3275,False,0,0
1480,202512222232,1.0,1.0,1.0,1.0,10,m1,0,0,1.0,1.0,1.0,1.0,1.0,50.0,0.0,0.0,0.0,0.0,1.0,1.0,0.1,0.525,0.0,0.55,0.2975,False,0,0
1481,202512222233,1.0,1.0,1.0,1.0,5,m1,0,0,1.0,1.0,1.0,1.0,1.0,50.0,0.0,0.0,0.0,0.0,1.0,1.0,0.05,0.525,0.0,0.55,0.2825,False,0,0
1482,202512222234,1.0,1.0,1.0,1.0,2,m1,0,0,1.0,1.0,1.0,1.0,1.0,50.0,0.0,0.0,0.0,0.0,1.0,1.0,0.05,0.525,0.0,0.55,0.2825,False,0,0
1483,202512222235,1.0,1.0,1.0,1.0,14,m1,0,0,1.0,1.0,1.0,1.0,1.0,50.0,0.0,0.0,0.0,0.0,1.0,1.0,0.25,0.525,0.0,0.55,0.3425,False,0,0
1484,202512222236,1.0,1.0,1.0,1.0,28,m1,0,0,1.0,1.0,1.0,1.0,1.0,50.0,0.0,0.0,0.0,0.0,1.0,1.0,0.45,0.525,0.0,0.55,0.40249999999999997,False,0,0
1485,202512222237,1.0,1.0,1.0,1.0,280,m1,0,0,1.0,1.0,1.0,1.0,1.0,50.0,0.0,0.0,0.0,0.0,1.0,1.0,0.75,0.525,0.0,0.55,0.49249999999999994,False,0,0
1486,202512222238,1.0,1.0,1.0,1.0,278,m1,0,0,1.0,1.0,1.0,1.0,1.0,50.0,0.0,0.0,0.0,0.0,1.0,1.0,0.7,0.525,0.0,0.55,0.47750000000000004,False,0,0
1487,202512222239,1.0,1.0,1.0,1.0,73,m1,0,0,1.0,1.0,1.0,1.0,1.0,50.0,0.0,0.0,0.0,0.0,1.0,1.0,0.45,0.525,0.0,0.55,0.40249999999999997,False,0,0
1488,202512222240,1.0,1.0,1.0,1.0,27,m1,0,0,1.0,1.0,1.0,1.0,1.0,50.0,0.0,0.0,0.0,0.0,1.0,1.0,0.35,0.525,0.0,0.55,0.37250000000000005,False,0,0
1489,202512222241,1.0,1.0,1.0,1.0,5,m1,0,0,1.0,1.0,1.0,1.0,1.0,50.0,0.0,0.0,0.0,0.0,1.0,1.0,0.125,0.525,0.0,0.55,0.30500000000000005,False,0,0
1490,202512222242,1.0,1.0,1.0,1.0,53,m1,0,0,1.0,1.0,1.0,1.0,1.0,50.0,0.0,0.0,0.0,0.0,1.0,1.0,0.55,0.525,0.0,0.55,0.4325,False,0,0
1491,202512222243,1.0,1.0,1.0,1.0,68,m1,0,0,1.0,1.0,1.0,1.0,1.0,50.0,0.0,0.0,0.0,0.0,1.0,1.0,0.6,0.525,0.0,0.55,0.4475,False,0,0
1492,202512222244,1.0,1.0,1.0,1.0,251,m1,0,0,1.0,1.0,1.0,1.0,1.0,50.0,0.0,0.0,0.0,0.0,1.0,1.0,0.85,0.525,0.0,0.55,0.5225,False,0,0
1493,202512222245,1.0,1.0,1.0,1.0,106,m1,0,0,1.0,1.0,1.0,1.0,1.0,50.0,0.0,0.0,0.0,0.0,1.0,1.0,0.75,0.525,0.0,0.55,0.49249999999999994,False,0,0
1494,202512222246,1.0,1.0,1.0,1.0,73,m1,0,0,1.0,1.0,1.0,1.0,1.0,50.0,0.0,0.0,0.0,0.0,1.0,1.0,0.675,0.525,0.0,0.55,0.47,False,0,0
1495,202512222247,1.0,1.0,1.0,1.0,30,m1,0,0,1.0,1.0,1.0,1.0,1.0,50.0,0.0,0.0,0.0,0.0,1.0,1.0,0.525,0.525,0.0,0.55,0.42500000000000004,False,0,0
1496,202512222248,1.0,1.0,1.0,1.0,128,m1,0,0,1.0,1.0,1.0,1.0,1.0,50.0,0.0,0.0,0.0,0.0,1.0,1.0,0.85,0.525,0.0,0.55,0.5225,False,0,0
1497,202512222249,1.0,1.0,1.0,1.0,136,m1,0,0,1.0,1.0,1.0,1.0,1.0,50.0,0.0,0.0,0.0,0.0,1.0,1.0,0.85,0.525,0.0,0.55,0.5225,False,0,0
1498,202512222250,1.0,1.0,1.0,1.0,109,m1,0,0,1.0,1.0,1.0,1.0,1.0,50.0,0.0,0.0,0.0,0.0,1.0,1.0,0.75,0.525,0.0,0.55,0.49249999999999994,False,0,0
1499,202512222251,1.0,1.0,1.0,1.0,1,m1,0,0,1.0,1.0,1.0,1.0,1.0,50.0,0.0,0.0,0.0,0.0,1.0,1.0,0.05,0.525,0.0,0.55,0.2825,False,0,0
1500,202512222252,1.0,1.0,1.0,1.0,5,m1,0,0,1.0,1.0,1.0,1.0,1.0,50.0,0.0,0.0,0.0,0.0,1.0,1.0,0.2,0.525,0.0,0.55,0.3275,False,0,0
1501,202512222253,1.0,1.0,1.0,1.0,14,m1,0,0,1.0,1.0,1.0,1.0,1.0,50.0,0.0,0.0,0.0,0.0,1.0,1.0,0.275,0.525,0.0,0.55,0.35,False,0,0
1502,202512222254,1.0,1.0,1.0,1.0,91,m1,0,0,1.0,1.0,1.0,1.0,1.0,50.0,0.0,0.0,0.0,0.0,1.0,1.0,0.65,0.525,0.0,0.55,0.4625,False,0,0
1503,202512222255,1.0,1.0,1.0,1.0,29,m1,0,0,1.0,1.0,1.0,1.0,1.0,50.0,0.0,0.0,0.0,0.0,1.0,1.0,0.35,0.525,0.0,0.55,0.37250000000000005,False,0,0
1504,202512222256,1.0,1.0,1.0,1.0,23,m1,0,0,1.0,1.0,1.0,1.0,1.0,50.0,0.0,0.0,0.0,0.0,1.0,1.0,0.25,0.525,0.0,0.55,0.3425,False,0,0
1505,202512222257,1.0,1.0,1.0,1.0,23,m1,0,0,1.0,1.0,1.0,1.0,1.0,50.0,0.0,0.0,0.0,0.0,1.0,1.0,0.275,0.525,0.0,0.55,0.35,False,0,0
1506,202512222258,1.0,1.0,1.0,1.0,78,m1,0,0,1.0,1.0,1.0,1.0,1.0,50.0,0.0,0.0,0.0,0.0,1.0,1.0,0.7,0.525,0.0,0.55,0.47750000000000004,False,0,0
1507,202512222259,1.0,1.0,1.0,1.0,27,m1,0,0,1.0,1.0,1.0,1.0,1.0,50.0,0.0,0.0,0.0,0.0,1.0,1.0,0.375,0.525,0.0,0.55,0.38,False,0,0
1508,202512222300,1.0,1.0,1.0,1.0,93,m1,0,0,1.0,1.0,1.0,1.0,1.0,50.0,0.0,0.0,0.0,0.0,1.0,1.0,0.75,0.525,0.0,0.55,0.49249999999999994,False,0,0
1509,202512222301,1.0,1.0,1.0,1.0,58,m1,0,0,1.0,1.0,1.0,1.0,1.0,50.0,0.0,0.0,0.0,0.0,1.0,1.0,0.5,0.525,0.0,0.55,0.4175,False,0,0
1510,202512222302,1.0,1.0,1.0,1.0,54,m1,0,0,1.0,1.0,1.0,1.0,1.0,50.0,0.0,0.0,0.0,0.0,1.0,1.0,0.45,0.525,0.0,0.55,0.40249999999999997,False,0,0
1511,202512222303,1.0,1.0,1.0,1.0,31,m1,0,0,1.0,1.0,1.0,1.0,1.0,50.0,0.0,0.0,0.0,0.0,1.0,1.0,0.45,0.525,0.0,0.55,0.40249999999999997,False,0,0
1512,202512222304,1.0,1.0,1.0,1.0,36,m1,0,0,1.0,1.0,1.0,1.0,1.0,50.0,0.0,0.0,0.0,0.0,1.0,1.0,0.5,0.525,0.0,0.55,0.4175,False,0,0
1513,202512222305,1.0,1.0,1.0,1.0,65,m1,0,0,1.0,1.0,1.0,1.0,1.0,50.0,0.0,0.0,0.0,0.0,1.0,1.0,0.65,0.525,0.0,0.55,0.4625,False,0,0
1514,202512222306,1.0,1.0,1.0,1.0,37,m1,0,0,1.0,1.0,1.0,1.0,1.0,50.0,0.0,0.0,0.0,0.0,1.0,1.0,0.55,0.525,0.0,0.55,0.4325,False,0,0
1515,202512222307,1.0,1.0,1.0,1.0,59,m1,0,0,1.0,1.0,1.0,1.0,1.0,50.0,0.0,0.0,0.0,0.0,1.0,1.0,0.65,0.525,0.0,0.55,0.4625,False,0,0
1516,202512222308,1.0,1.0,1.0,1.0,18,m1,0,0,1.0,1.0,1.0,1.0,1.0,50.0,0.0,0.0,0.0,0.0,1.0,1.0,0.2,0.525,0.0,0.55,0.3275,False,0,0
1517,202512222309,1.0,1.0,1.0,1.0,22,m1,0,0,1.0,1.0,1.0,1.0,1.0,50.0,0.0,0.0,0.0,0.0,1.0,1.0,0.25,0.525,0.0,0.55,0.3425,False,0,0
1518,202512222310,1.0,1.0,1.0,1.0,54,m1,0,0,1.0,1.0,1.0,1.0,1.0,50.0,0.0,0.0,0.0,0.0,1.0,1.0,0.675,0.525,0.0,0.55,0.47,False,0,0
1519,202512222311,1.0,1.0,1.0,1.0,35,m1,0,0,1.0,1.0,1.0,1.0,1.0,50.0,0.0,0.0,0.0,0.0,1.0,1.0,0.5,0.525,0.0,0.55,0.4175,False,0,0
1520,202512222312,1.0,1.0,1.0,1.0,48,m1,0,0,1.0,1.0,1.0,1.0,1.0,50.0,0.0,0.0,0.0,0.0,1.0,1.0,0.6,0.525,0.0,0.55,0.4475,False,0,0
1521,202512222313,1.0,1.0,1.0,1.0,65,m1,0,0,1.0,1.0,1.0,1.0,1.0,50.0,0.0,0.0,0.0,0.0,1.0,1.0,0.825,0.525,0.0,0.55,0.515,False,0,0
1522,202512222314,1.0,1.0,1.0,1.0,15,m1,0,0,1.0,1.0,1.0,1.0,1.0,50.0,0.0,0.0,0.0,0.0,1.0,1.0,0.05,0.525,0.0,0.55,0.2825,False,0,0
1523,202512222315,1.0,1.0,1.0,1.0,35,m1,0,0,1.0,1.0,1.0,1.0,1.0,50.0,0.0,0.0,0.0,0.0,1.0,1.0,0.425,0.525,0.0,0.55,0.395,False,0,0
1524,202512222316,1.0,1.0,1.0,1.0,20,m1,0,0,1.0,1.0,1.0,1.0,1.0,50.0,0.0,0.0,0.0,0.0,1.0,1.0,0.15,0.525,0.0,0.55,0.3125,False,0,0
1525,202512222317,1.0,1.0,1.0,1.0,26,m1,0,0,1.0,1.0,1.0,1.0,1.0,50.0,0.0,0.0,0.0,0.0,1.0,1.0,0.25,0.525,0.0,0.55,0.3425,False,0,0
1526,202512222318,1.0,1.0,1.0,1.0,51,m1,0,0,1.0,1.0,1.0,1.0,1.0,50.0,0.0,0.0,0.0,0.0,1.0,1.0,0.65,0.525,0.0,0.55,0.4625,False,0,0
1527,202512222319,1.0,1.0,1.0,1.0,32,m1,0,0,1.0,1.0,1.0,1.0,1.0,50.0,0.0,0.0,0.0,0.0,1.0,1.0,0.35,0.525,0.0,0.55,0.37250000000000005,False,0,0
1528,202512222320,1.0,1.0,1.0,1.0,66,m1,0,0,1.0,1.0,1.0,1.0,1.0,50.0,0.0,0.0,0.0,0.0,1.0,1.0,1.0,0.525,0.0,0.55,0.5675,False,0,0
1529,202512222321,1.0,1.0,1.0,1.0,42,m1,0,0,1.0,1.0,1.0,1.0,1.0,50.0,0.0,0.0,0.0,0.0,1.0,1.0,0.6,0.525,0.0,0.55,0.4475,False,0,0
1530,202512222322,1.0,1.0,1.0,1.0,50,m1,0,0,1.0,1.0,1.0,1.0,1.0,50.0,0.0,0.0,0.0,0.0,1.0,1.0,0.7,0.525,0.0,0.55,0.47750000000000004,False,0,0
1531,202512222323,1.0,1.0,1.0,1.0,31,m1,0,0,1.0,1.0,1.0,1.0,1.0,50.0,0.0,0.0,0.0,0.0,1.0,1.0,0.3,0.525,0.0,0.55,0.35750000000000004,False,0,0
1532,202512222324,1.0,1.0,1.0,1.0,22,m1,0,0,1.0,1.0,1.0,1.0,1.0,50.0,0.0,0.0,0.0,0.0,1.0,1.0,0.225,0.525,0.0,0.55,0.335,False,0,0
1533,202512222325,1.0,1.0,1.0,1.0,12,m1,0,0,1.0,1.0,1.0,1.0,1.0,50.0,0.0,0.0,0.0,0.0,1.0,1.0,0.05,0.525,0.0,0.55,0.2825,False,0,0
1534,202512222326,1.0,1.0,1.0,1.0,14,m1,0,0,1.0,1.0,1.0,1.0,1.0,50.0,0.0,0.0,0.0,0.0,1.0,1.0,0.1,0.525,0.0,0.55,0.2975,False,0,0
1535,202512222327,1.0,1.0,1.0,1.0,17,m1,0,0,1.0,1.0,1.0,1.0,1.0,50.0,0.0,0.0,0.0,0.0,1.0,1.0,0.2,0.525,0.0,0.55,0.3275,False,0,0
1536,202512222328,1.0,1.0,1.0,1.0,20,m1,0,0,1.0,1.0,1.0,1.0,1.0,50.0,0.0,0.0,0.0,0.0,1.0,1.0,0.275,0.525,0.0,0.55,0.35,False,0,0
1537,202512222329,1.0,1.0,1.0,1.0,10,m1,0,0,1.0,1.0,1.0,1.0,1.0,50.0,0.0,0.0,0.0,0.0,1.0,1.0,0.05,0.525,0.0,0.55,0.2825,False,0,0
1538,202512222330,1.0,1.0,1.0,1.0,29,m1,0,0,1.0,1.0,1.0,1.0,1.0,50.0,0.0,0.0,0.0,0.0,1.0,1.0,0.5,0.525,0.0,0.55,0.4175,False,0,0
1539,202512222331,1.0,1.0,1.0,1.0,17,m1,0,0,1.0,1.0,1.0,1.0,1.0,50.0,0.0,0.0,0.0,0.0,1.0,1.0,0.275,0.525,0.0,0.55,0.35,False,0,0
1540,202512222332,1.0,1.0,1.0,1.0,25,m1,0,0,1.0,1.0,1.0,1.0,1.0,50.0,0.0,0.0,0.0,0.0,1.0,1.0,0.5,0.525,0.0,0.55,0.4175,False,0,0
1541,202512222333,1.0,1.0,1.0,1.0,27,m1,0,0,1.0,1.0,1.0,1.0,1.0,50.0,0.0,0.0,0.0,0.0,1.0,1.0,0.6,0.525,0.0,0.55,0.4475,False,0,0
1542,202512222334,1.0,1.0,1.0,1.0,14,m1,0,0,1.0,1.0,1.0,1.0,1.0,50.0,0.0,0.0,0.0,0.0,1.0,1.0,0.175,0.525,0.0,0.55,0.32,False,0,0
1543,202512222335,1.0,1.0,1.0,1.0,8,m1,0,0,1.0,1.0,1.0,1.0,1.0,50.0,0.0,0.0,0.0,0.0,1.0,1.0,0.05,0.525,0.0,0.55,0.2825,False,0,0
1544,202512222336,1.0,1.0,1.0,1.0,14,m1,0,0,1.0,1.0,1.0,1.0,1.0,50.0,0.0,0.0,0.0,0.0,1.0,1.0,0.25,0.525,0.0,0.55,0.3425,False,0,0
1545,202512222337,1.0,1.0,1.0,1.0,11,m1,0,0,1.0,1.0,1.0,1.0,1.0,50.0,0.0,0.0,0.0,0.0,1.0,1.0,0.15,0.525,0.0,0.55,0.3125,False,0,0
1546,202512222338,1.0,1.0,1.0,1.0,41,m1,0,0,1.0,1.0,1.0,1.0,1.0,50.0,0.0,0.0,0.0,0.0,1.0,1.0,0.85,0.525,0.0,0.55,0.5225,False,0,0
1547,202512222339,1.0,1.0,1.0,1.0,24,m1,0,0,1.0,1.0,1.0,1.0,1.0,50.0,0.0,0.0,0.0,0.0,1.0,1.0,0.6,0.525,0.0,0.55,0.4475,False,0,0
1548,202512222340,1.0,1.0,1.0,1.0,23,m1,0,0,1.0,1.0,1.0,1.0,1.0,50.0,0.0,0.0,0.0,0.0,1.0,1.0,0.6,0.525,0.0,0.55,0.4475,False,0,0
1549,202512222341,1.0,1.0,1.0,1.0,15,m1,0,0,1.0,1.0,1.0,1.0,1.0,50.0,0.0,0.0,0.0,0.0,1.0,1.0,0.4,0.525,0.0,0.55,0.38749999999999996,False,0,0
1550,202512222342,1.0,1.0,1.0,1.0,11,m1,0,0,1.0,1.0,1.0,1.0,1.0,50.0,0.0,0.0,0.0,0.0,1.0,1.0,0.175,0.525,0.0,0.55,0.32,False,0,0
1551,202512222343,1.0,1.0,1.0,1.0,14,m1,0,0,1.0,1.0,1.0,1.0,1.0,50.0,0.0,0.0,0.0,0.0,1.0,1.0,0.375,0.525,0.0,0.55,0.38,False,0,0
1552,202512222344,1.0,1.0,1.0,1.0,9,m1,0,0,1.0,1.0,1.0,1.0,1.0,50.0,0.0,0.0,0.0,0.0,1.0,1.0,0.1,0.525,0.0,0.55,0.2975,False,0,0
1553,202512222345,1.0,1.0,1.0,1.0,31,m1,0,0,1.0,1.0,1.0,1.0,1.0,50.0,0.0,0.0,0.0,0.0,1.0,1.0,0.95,0.525,0.0,0.55,0.5525,False,0,0
1554,202512222346,1.0,1.0,1.0,1.0,13,m1,0,0,1.0,1.0,1.0,1.0,1.0,50.0,0.0,0.0,0.0,0.0,1.0,1.0,0.3,0.525,0.0,0.55,0.35750000000000004,False,0,0
1555,202512222347,1.0,1.0,1.0,1.0,20,m1,0,0,1.0,1.0,1.0,1.0,1.0,50.0,0.0,0.0,0.0,0.0,1.0,1.0,0.625,0.525,0.0,0.55,0.45499999999999996,False,0,0
1556,202512222348,1.0,1.0,1.0,1.0,16,m1,0,0,1.0,1.0,1.0,1.0,1.0,50.0,0.0,0.0,0.0,0.0,1.0,1.0,0.55,0.525,0.0,0.55,0.4325,False,0,0
1557,202512222349,1.0,1.0,1.0,1.0,7,m1,0,0,1.0,1.0,1.0,1.0,1.0,50.0,0.0,0.0,0.0,0.0,1.0,1.0,0.05,0.525,0.0,0.55,0.2825,False,0,0
1558,202512222350,1.0,1.0,1.0,1.0,31,m1,0,0,1.0,1.0,1.0,1.0,1.0,50.0,0.0,0.0,0.0,0.0,1.0,1.0,0.925,0.525,0.0,0.55,0.545,False,0,0
1559,202512222351,1.0,1.0,1.0,1.0,24,m1,0,0,1.0,1.0,1.0,1.0,1.0,50.0,0.0,0.0,0.0,0.0,1.0,1.0,0.725,0.525,0.0,0.55,0.485,False,0,0
1560,202512222352,1.0,1.0,1.0,1.0,23,m1,0,0,1.0,1.0,1.0,1.0,1.0,50.0,0.0,0.0,0.0,0.0,1.0,1.0,0.675,0.525,0.0,0.55,0.47,False,0,0
1561,202512222353,1.0,1.0,1.0,1.0,21,m1,0,0,1.0,1.0,1.0,1.0,1.0,50.0,0.0,0.0,0.0,0.0,1.0,1.0,0.65,0.525,0.0,0.55,0.4625,False,0,0
1562,202512222354,1.0,1.0,1.0,1.0,20,m1,0,0,1.0,1.0,1.0,1.0,1.0,50.0,0.0,0.0,0.0,0.0,1.0,1.0,0.575,0.525,0.0,0.55,0.43999999999999995,False,0,0
1563,202512222355,1.0,1.0,1.0,1.0,24,m1,0,0,1.0,1.0,1.0,1.0,1.0,50.0,0.0,0.0,0.0,0.0,1.0,1.0,0.8,0.525,0.0,0.55,0.5075,False,0,0
1564,202512222356,1.0,1.0,1.0,1.0,29,m1,0,0,1.0,1.0,1.0,1.0,1.0,50.0,0.0,0.0,0.0,0.0,1.0,1.0,0.85,0.525,0.0,0.55,0.5225,False,0,0
1565,202512222357,1.0,1.0,1.0,1.0,28,m1,0,0,1.0,1.0,1.0,1.0,1.0,50.0,0.0,0.0,0.0,0.0,1.0,1.0,0.8,0.525,0.0,0.55,0.5075,False,0,0
1566,202512222358,1.0,1.0,1.0,1.0,6,m1,0,0,1.0,1.0,1.0,1.0,1.0,50.0,0.0,0.0,0.0,0.0,1.0,1.0,0.05,0.525,0.0,0.55,0.2825,False,0,0
1567,202512222359,1.0,1.0,1.0,1.0,38,m1,0,0,1.0,1.0,1.0,1.0,1.0,50.0,0.0,0.0,0.0,0.0,1.0,1.0,1.0,0.525,0.0,0.55,0.5675,False,0,0
1568,202512230000,1.0,1.0,1.0,1.0,115,m1,0,0,1.0,1.0,1.0,1.0,1.0,50.0,0.0,0.0,0.0,0.0,1.0,1.0,1.0,0.525,0.0,0.55,0.5675,False,0,0
1569,202512230001,1.0,1.0,1.0,1.0,75,m1,0,0,1.0,1.0,1.0,1.0,1.0,50.0,0.0,0.0,0.0,0.0,1.0,1.0,0.95,0.525,0.0,0.55,0.5525,False,0,0
1570,202512230002,1.0,1.0,1.0,1.0,86,m1,0,0,1.0,1.0,1.0,1.0,1.0,50.0,0.0,0.0,0.0,0.0,1.0,1.0,0.95,0.525,0.0,0.55,0.5525,False,0,0
1571,202512230003,1.0,1.0,1.0,1.0,68,m1,0,0,1.0,1.0,1.0,1.0,1.0,50.0,0.0,0.0,0.0,0.0,1.0,1.0,0.85,0.525,0.0,0.55,0.5225,False,0,0
1572,202512230004,1.0,1.0,1.0,1.0,81,m1,0,0,1.0,1.0,1.0,1.0,1.0,50.0,0.0,0.0,0.0,0.0,1.0,1.0,0.9,0.525,0.0,0.55,0.5375,False,0,0
1573,202512230005,1.0,1.0,1.0,1.0,95,m1,0,0,1.0,1.0,1.0,1.0,1.0,50.0,0.0,0.0,0.0,0.0,1.0,1.0,0.95,0.525,0.0,0.55,0.5525,False,0,0
1574,202512230006,1.0,1.0,1.0,1.0,71,m1,0,0,1.0,1.0,1.0,1.0,1.0,50.0,0.0,0.0,0.0,0.0,1.0,1.0,0.75,0.525,0.0,0.55,0.49249999999999994,False,0,0
1575,202512230007,1.0,1.0,1.0,1.0,64,m1,0,0,1.0,1.0,1.0,1.0,1.0,50.0,0.0,0.0,0.0,0.0,1.0,1.0,0.65,0.525,0.0,0.55,0.4625,False,0,0
1576,202512230008,1.0,1.0,1.0,1.0,57,m1,0,0,1.0,1.0,1.0,1.0,1.0,50.0,0.0,0.0,0.0,0.0,1.0,1.0,0.6,0.525,0.0,0.55,0.4475,False,0,0
1577,202512230009,1.0,1.0,1.0,1.0,32,m1,0,0,1.0,1.0,1.0,1.0,1.0,50.0,0.0,0.0,0.0,0.0,1.0,1.0,0.5,0.525,0.0,0.55,0.4175,False,0,0
1578,202512230010,1.0,1.0,1.0,1.0,38,m1,0,0,1.0,1.0,1.0,1.0,1.0,50.0,0.0,0.0,0.0,0.0,1.0,1.0,0.525,0.525,0.0,0.55,0.42500000000000004,False,0,0
1579,202512230011,1.0,1.0,1.0,1.0,61,m1,0,0,1.0,1.0,1.0,1.0,1.0,50.0,0.0,0.0,0.0,0.0,1.0,1.0,0.6,0.525,0.0,0.55,0.4475,False,0,0
1580,202512230012,1.0,1.0,1.0,1.0,57,m1,0,0,1.0,1.0,1.0,1.0,1.0,50.0,0.0,0.0,0.0,0.0,1.0,1.0,0.525,0.525,0.0,0.55,0.42500000000000004,False,0,0
1581,202512230013,1.0,1.0,1.0,1.0,48,m1,0,0,1.0,1.0,1.0,1.0,1.0,50.0,0.0,0.0,0.0,0.0,1.0,1.0,0.45,0.525,0.0,0.55,0.40249999999999997,False,0,0
1582,202512230014,1.0,1.0,1.0,1.0,46,m1,0,0,1.0,1.0,1.0,1.0,1.0,50.0,0.0,0.0,0.0,0.0,1.0,1.0,0.4,0.525,0.0,0.55,0.38749999999999996,False,0,0
1583,202512230015,1.0,1.0,1.0,1.0,42,m1,0,0,1.0,1.0,1.0,1.0,1.0,50.0,0.0,0.0,0.0,0.0,1.0,1.0,0.35,0.525,0.0,0.55,0.37250000000000005,False,0,0
1584,202512230016,1.0,1.0,1.0,1.0,30,m1,0,0,1.0,1.0,1.0,1.0,1.0,50.0,0.0,0.0,0.0,0.0,1.0,1.0,0.15,0.525,0.0,0.55,0.3125,False,0,0
1585,202512230017,1.0,1.0,1.0,1.0,42,m1,0,0,1.0,1.0,1.0,1.0,1.0,50.0,0.0,0.0,0.0,0.0,1.0,1.0,0.325,0.525,0.0,0.55,0.365,False,0,0
1586,202512230018,1.0,1.0,1.0,1.0,38,m1,0,0,1.0,1.0,1.0,1.0,1.0,50.0,0.0,0.0,0.0,0.0,1.0,1.0,0.2,0.525,0.0,0.55,0.3275,False,0,0
1587,202512230019,1.0,1.0,1.0,1.0,17,m1,0,0,1.0,1.0,1.0,1.0,1.0,50.0,0.0,0.0,0.0,0.0,1.0,1.0,0.05,0.525,0.0,0.55,0.2825,False,0,0
1588,202512230020,1.0,1.0,1.0,1.0,38,m1,0,0,1.0,1.0,1.0,1.0,1.0,50.0,0.0,0.0,0.0,0.0,1.0,1.0,0.25,0.525,0.0,0.55,0.3425,False,0,0
1589,202512230021,1.0,1.0,1.0,1.0,30,m1,0,0,1.0,1.0,1.0,1.0,1.0,50.0,0.0,0.0,0.0,0.0,1.0,1.0,0.125,0.525,0.0,0.55,0.30500000000000005,False,0,0
1590,202512230022,1.0,1.0,1.0,1.0,24,m1,0,0,1.0,1.0,1.0,1.0,1.0,50.0,0.0,0.0,0.0,0.0,1.0,1.0,0.1,0.525,0.0,0.55,0.2975,False,0,0
1591,202512230023,1.0,1.0,1.0,1.0,32,m1,0,0,1.0,1.0,1.0,1.0,1.0,50.0,0.0,0.0,0.0,0.0,1.0,1.0,0.275,0.525,0.0,0.55,0.35,False,0,0
1592,202512230024,1.0,1.0,1.0,1.0,44,m1,0,0,1.0,1.0,1.0,1.0,1.0,50.0,0.0,0.0,0.0,0.0,1.0,1.0,0.6,0.525,0.0,0.55,0.4475,False,0,0
1593,202512230025,1.0,1.0,1.0,1.0,30,m1,0,0,1.0,1.0,1.0,1.0,1.0,50.0,0.0,0.0,0.0,0.0,1.0,1.0,0.2,0.525,0.0,0.55,0.3275,False,0,0
1594,202512230026,1.0,1.0,1.0,1.0,33,m1,0,0,1.0,1.0,1.0,1.0,1.0,50.0,0.0,0.0,0.0,0.0,1.0,1.0,0.4,0.525,0.0,0.55,0.38749999999999996,False,0,0
1595,202512230027,1.0,1.0,1.0,1.0,8,m1,0,0,1.0,1.0,1.0,1.0,1.0,50.0,0.0,0.0,0.0,0.0,1.0,1.0,0.05,0.525,0.0,0.55,0.2825,False,0,0
1596,202512230028,1.0,1.0,1.0,1.0,42,m1,0,0,1.0,1.0,1.0,1.0,1.0,50.0,0.0,0.0,0.0,0.0,1.0,1.0,0.7,0.525,0.0,0.55,0.47750000000000004,False,0,0
1597,202512230029,1.0,1.0,1.0,1.0,43,m1,0,0,1.0,1.0,1.0,1.0,1.0,50.0,0.0,0.0,0.0,0.0,1.0,1.0,0.75,0.525,0.0,0.55,0.49249999999999994,False,0,0
1598,202512230030,1.0,1.0,1.0,1.0,36,m1,0,0,1.0,1.0,1.0,1.0,1.0,50.0,0.0,0.0,0.0,0.0,1.0,1.0,0.45,0.525,0.0,0.55,0.40249999999999997,False,0,0
1599,202512230031,1.0,1.0,1.0,1.0,22,m1,0,0,1.0,1.0,1.0,1.0,1.0,50.0,0.0,0.0,0.0,0.0,1.0,1.0,0.15,0.525,0.0,0.55,0.3125,False,0,0
1600,202512230032,1.0,1.0,1.0,1.0,32,m1,0,0,1.0,1.0,1.0,1.0,1.0,50.0,0.0,0.0,0.0,0.0,1.0,1.0,0.425,0.525,0.0,0.55,0.395,False,0,0
1601,202512230033,1.0,1.0,1.0,1.0,47,m1,0,0,1.0,1.0,1.0,1.0,1.0,50.0,0.0,0.0,0.0,0.0,1.0,1.0,1.0,0.525,0.0,0.55,0.5675,False,0,0
1602,202512230034,1.0,1.0,1.0,1.0,59,m1,0,0,1.0,1.0,1.0,1.0,1.0,50.0,0.0,0.0,0.0,0.0,1.0,1.0,1.0,0.525,0.0,0.55,0.5675,False,0,0
1603,202512230035,1.0,1.0,1.0,1.0,62,m1,0,0,1.0,1.0,1.0,1.0,1.0,50.0,0.0,0.0,0.0,0.0,1.0,1.0,1.0,0.525,0.0,0.55,0.5675,False,0,0
1604,202512230036,1.0,1.0,1.0,1.0,40,m1,0,0,1.0,1.0,1.0,1.0,1.0,50.0,0.0,0.0,0.0,0.0,1.0,1.0,0.65,0.525,0.0,0.55,0.4625,False,0,0
1605,202512230037,1.0,1.0,1.0,1.0,21,m1,0,0,1.0,1.0,1.0,1.0,1.0,50.0,0.0,0.0,0.0,0.0,1.0,1.0,0.15,0.525,0.0,0.55,0.3125,False,0,0
1606,202512230038,1.0,1.0,1.0,1.0,34,m1,0,0,1.0,1.0,1.0,1.0,1.0,50.0,0.0,0.0,0.0,0.0,1.0,1.0,0.55,0.525,0.0,0.55,0.4325,False,0,0
1607,202512230039,1.0,1.0,1.0,1.0,27,m1,0,0,1.0,1.0,1.0,1.0,1.0,50.0,0.0,0.0,0.0,0.0,1.0,1.0,0.25,0.525,0.0,0.55,0.3425,False,0,0
1608,202512230040,1.0,1.0,1.0,1.0,40,m1,0,0,1.0,1.0,1.0,1.0,1.0,50.0,0.0,0.0,0.0,0.0,1.0,1.0,0.675,0.525,0.0,0.55,0.47,False,0,0
1609,202512230041,1.0,1.0,1.0,1.0,25,m1,0,0,1.0,1.0,1.0,1.0,1.0,50.0,0.0,0.0,0.0,0.0,1.0,1.0,0.25,0.525,0.0,0.55,0.3425,False,0,0
1610,202512230042,1.0,1.0,1.0,1.0,33,m1,0,0,1.0,1.0,1.0,1.0,1.0,50.0,0.0,0.0,0.0,0.0,1.0,1.0,0.475,0.525,0.0,0.55,0.41000000000000003,False,0,0
1611,202512230043,1.0,1.0,1.0,1.0,35,m1,0,0,1.0,1.0,1.0,1.0,1.0,50.0,0.0,0.0,0.0,0.0,1.0,1.0,0.55,0.525,0.0,0.55,0.4325,False,0,0
1612,202512230044,1.0,1.0,1.0,1.0,28,m1,0,0,1.0,1.0,1.0,1.0,1.0,50.0,0.0,0.0,0.0,0.0,1.0,1.0,0.3,0.525,0.0,0.55,0.35750000000000004,False,0,0
1613,202512230045,1.0,1.0,1.0,1.0,36,m1,0,0,1.0,1.0,1.0,1.0,1.0,50.0,0.0,0.0,0.0,0.0,1.0,1.0,0.625,0.525,0.0,0.55,0.45499999999999996,False,0,0
1614,202512230046,1.0,1.0,1.0,1.0,76,m1,0,0,1.0,1.0,1.0,1.0,1.0,50.0,0.0,0.0,0.0,0.0,1.0,1.0,1.0,0.525,0.0,0.55,0.5675,False,0,0
1615,202512230047,1.0,1.0,1.0,1.0,76,m1,0,0,1.0,1.0,1.0,1.0,1.0,50.0,0.0,0.0,0.0,0.0,1.0,1.0,0.975,0.525,0.0,0.55,0.5599999999999999,False,0,0
1616,202512230048,1.0,1.0,1.0,1.0,29,m1,0,0,1.0,1.0,1.0,1.0,1.0,50.0,0.0,0.0,0.0,0.0,1.0,1.0,0.3,0.525,0.0,0.55,0.35750000000000004,False,0,0
1617,202512230049,1.0,1.0,1.0,1.0,21,m1,0,0,1.0,1.0,1.0,1.0,1.0,50.0,0.0,0.0,0.0,0.0,1.0,1.0,0.075,0.525,0.0,0.55,0.29000000000000004,False,0,0
1618,202512230050,1.0,1.0,1.0,1.0,63,m1,0,0,1.0,1.0,1.0,1.0,1.0,50.0,0.0,0.0,0.0,0.0,1.0,1.0,0.9,0.525,0.0,0.55,0.5375,False,0,0
1619,202512230051,1.0,1.0,1.0,1.0,74,m1,0,0,1.0,1.0,1.0,1.0,1.0,50.0,0.0,0.0,0.0,0.0,1.0,1.0,0.9,0.525,0.0,0.55,0.5375,False,0,0
1620,202512230052,1.0,1.0,1.0,1.0,56,m1,0,0,1.0,1.0,1.0,1.0,1.0,50.0,0.0,0.0,0.0,0.0,1.0,1.0,0.7,0.525,0.0,0.55,0.47750000000000004,False,0,0
1621,202512230053,1.0,1.0,1.0,1.0,70,m1,0,0,1.0,1.0,1.0,1.0,1.0,50.0,0.0,0.0,0.0,0.0,1.0,1.0,0.85,0.525,0.0,0.55,0.5225,False,0,0
1622,202512230054,1.0,1.0,1.0,1.0,81,m1,0,0,1.0,1.0,1.0,1.0,1.0,50.0,0.0,0.0,0.0,0.0,1.0,1.0,1.0,0.525,0.0,0.55,0.5675,False,0,0
1623,202512230055,1.0,1.0,1.0,1.0,172,m1,0,0,1.0,1.0,1.0,1.0,1.0,50.0,0.0,0.0,0.0,0.0,1.0,1.0,1.0,0.525,0.0,0.55,0.5675,False,0,0
1624,202512230056,1.0,1.0,1.0,1.0,58,m1,0,0,1.0,1.0,1.0,1.0,1.0,50.0,0.0,0.0,0.0,0.0,1.0,1.0,0.65,0.525,0.0,0.55,0.4625,False,0,0
1625,202512230057,1.0,1.0,1.0,1.0,75,m1,0,0,1.0,1.0,1.0,1.0,1.0,50.0,0.0,0.0,0.0,0.0,1.0,1.0,0.8,0.525,0.0,0.55,0.5075,False,0,0
1626,202512230058,1.0,1.0,1.0,1.0,75,m1,0,0,1.0,1.0,1.0,1.0,1.0,50.0,0.0,0.0,0.0,0.0,1.0,1.0,0.775,0.525,0.0,0.55,0.5,False,0,0
1627,202512230059,1.0,1.0,1.0,1.0,64,m1,0,0,1.0,1.0,1.0,1.0,1.0,50.0,0.0,0.0,0.0,0.0,1.0,1.0,0.6,0.525,0.0,0.55,0.4475,False,0,0
1628,202512230100,1.0,1.0,1.0,1.0,100,m1,0,0,1.0,1.0,1.0,1.0,1.0,50.0,0.0,0.0,0.0,0.0,1.0,1.0,0.95,0.525,0.0,0.55,0.5525,False,0,0
1629,202512230101,1.0,1.0,1.0,1.0,40,m1,0,0,1.0,1.0,1.0,1.0,1.0,50.0,0.0,0.0,0.0,0.0,1.0,1.0,0.35,0.525,0.0,0.55,0.37250000000000005,False,0,0
1630,202512230102,1.0,1.0,1.0,1.0,92,m1,0,0,1.0,1.0,1.0,1.0,1.0,50.0,0.0,0.0,0.0,0.0,1.0,1.0,0.9,0.525,0.0,0.55,0.5375,False,0,0
1631,202512230103,1.0,1.0,1.0,1.0,81,m1,0,0,1.0,1.0,1.0,1.0,1.0,50.0,0.0,0.0,0.0,0.0,1.0,1.0,0.825,0.525,0.0,0.55,0.515,False,0,0
1632,202512230104,1.0,1.0,1.0,1.0,102,m1,0,0,1.0,1.0,1.0,1.0,1.0,50.0,0.0,0.0,0.0,0.0,1.0,1.0,0.95,0.525,0.0,0.55,0.5525,False,0,0
1633,202512230105,1.0,1.0,1.0,1.0,40,m1,0,0,1.0,1.0,1.0,1.0,1.0,50.0,0.0,0.0,0.0,0.0,1.0,1.0,0.175,0.525,0.0,0.55,0.32,False,0,0
1634,202512230106,1.0,1.0,1.0,1.0,61,m1,0,0,1.0,1.0,1.0,1.0,1.0,50.0,0.0,0.0,0.0,0.0,1.0,1.0,0.35,0.525,0.0,0.55,0.37250000000000005,False,0,0
1635,202512230107,1.0,1.0,1.0,1.0,26,m1,0,0,1.0,1.0,1.0,1.0,1.0,50.0,0.0,0.0,0.0,0.0,1.0,1.0,0.1,0.525,0.0,0.55,0.2975,False,0,0
1636,202512230108,1.0,1.0,1.0,1.0,47,m1,0,0,1.0,1.0,1.0,1.0,1.0,50.0,0.0,0.0,0.0,0.0,1.0,1.0,0.25,0.525,0.0,0.55,0.3425,False,0,0
1637,202512230109,1.0,1.0,1.0,1.0,77,m1,0,0,1.0,1.0,1.0,1.0,1.0,50.0,0.0,0.0,0.0,0.0,1.0,1.0,0.7,0.525,0.0,0.55,0.47750000000000004,False,0,0
1638,202512230110,1.0,1.0,1.0,1.0,128,m1,0,0,1.0,1.0,1.0,1.0,1.0,50.0,0.0,0.0,0.0,0.0,1.0,1.0,0.95,0.525,0.0,0.55,0.5525,False,0,0
1639,202512230111,1.0,1.0,1.0,1.0,70,m1,0,0,1.0,1.0,1.0,1.0,1.0,50.0,0.0,0.0,0.0,0.0,1.0,1.0,0.475,0.525,0.0,0.55,0.41000000000000003,False,0,0
1640,202512230112,1.0,1.0,1.0,1.0,104,m1,0,0,1.0,1.0,1.0,1.0,1.0,50.0,0.0,0.0,0.0,0.0,1.0,1.0,0.9,0.525,0.0,0.55,0.5375,False,0,0
1641,202512230113,1.0,1.0,1.0,1.0,78,m1,0,0,1.0,1.0,1.0,1.0,1.0,50.0,0.0,0.0,0.0,0.0,1.0,1.0,0.6,0.525,0.0,0.55,0.4475,False,0,0
1642,202512230114,1.0,1.0,1.0,1.0,72,m1,0,0,1.0,1.0,1.0,1.0,1.0,50.0,0.0,0.0,0.0,0.0,1.0,1.0,0.45,0.525,0.0,0.55,0.40249999999999997,False,0,0
1643,202512230115,1.0,1.0,1.0,1.0,101,m1,0,0,1.0,1.0,1.0,1.0,1.0,50.0,0.0,0.0,0.0,0.0,1.0,1.0,0.85,0.525,0.0,0.55,0.5225,False,0,0
1644,202512230116,1.0,1.0,1.0,1.0,99,m1,0,0,1.0,1.0,1.0,1.0,1.0,50.0,0.0,0.0,0.0,0.0,1.0,1.0,0.75,0.525,0.0,0.55,0.49249999999999994,False,0,0
1645,202512230117,1.0,1.0,1.0,1.0,77,m1,0,0,1.0,1.0,1.0,1.0,1.0,50.0,0.0,0.0,0.0,0.0,1.0,1.0,0.525,0.525,0.0,0.55,0.42500000000000004,False,0,0
1646,202512230118,1.0,1.0,1.0,1.0,91,m1,0,0,1.0,1.0,1.0,1.0,1.0,50.0,0.0,0.0,0.0,0.0,1.0,1.0,0.65,0.525,0.0,0.55,0.4625,False,0,0
1647,202512230119,1.0,1.0,1.0,1.0,104,m1,0,0,1.0,1.0,1.0,1.0,1.0,50.0,0.0,0.0,0.0,0.0,1.0,1.0,0.925,0.525,0.0,0.55,0.545,False,0,0
1648,202512230120,1.0,1.0,1.0,1.0,73,m1,0,0,1.0,1.0,1.0,1.0,1.0,50.0,0.0,0.0,0.0,0.0,1.0,1.0,0.4,0.525,0.0,0.55,0.38749999999999996,False,0,0
1649,202512230121,1.0,1.0,1.0,1.0,66,m1,0,0,1.0,1.0,1.0,1.0,1.0,50.0,0.0,0.0,0.0,0.0,1.0,1.0,0.25,0.525,0.0,0.55,0.3425,False,0,0
1650,202512230122,1.0,1.0,1.0,1.0,35,m1,0,0,1.0,1.0,1.0,1.0,1.0,50.0,0.0,0.0,0.0,0.0,1.0,1.0,0.1,0.525,0.0,0.55,0.2975,False,0,0
1651,202512230123,1.0,1.0,1.0,1.0,37,m1,0,0,1.0,1.0,1.0,1.0,1.0,50.0,0.0,0.0,0.0,0.0,1.0,1.0,0.15,0.525,0.0,0.55,0.3125,False,0,0
1652,202512230124,1.0,1.0,1.0,1.0,63,m1,0,0,1.0,1.0,1.0,1.0,1.0,50.0,0.0,0.0,0.0,0.0,1.0,1.0,0.35,0.525,0.0,0.55,0.37250000000000005,False,0,0
1653,202512230125,1.0,1.0,1.0,1.0,37,m1,0,0,1.0,1.0,1.0,1.0,1.0,50.0,0.0,0.0,0.0,0.0,1.0,1.0,0.175,0.525,0.0,0.55,0.32,False,0,0
1654,202512230126,1.0,1.0,1.0,1.0,27,m1,0,0,1.0,1.0,1.0,1.0,1.0,50.0,0.0,0.0,0.0,0.0,1.0,1.0,0.1,0.525,0.0,0.55,0.2975,False,0,0
1655,202512230127,1.0,1.0,1.0,1.0,21,m1,0,0,1.0,1.0,1.0,1.0,1.0,50.0,0.0,0.0,0.0,0.0,1.0,1.0,0.05,0.525,0.0,0.55,0.2825,False,0,0
1656,202512230128,1.0,1.0,1.0,1.0,25,m1,0,0,1.0,1.0,1.0,1.0,1.0,50.0,0.0,0.0,0.0,0.0,1.0,1.0,0.1,0.525,0.0,0.55,0.2975,False,0,0
1657,202512230129,1.0,1.0,1.0,1.0,62,m1,0,0,1.0,1.0,1.0,1.0,1.0,50.0,0.0,0.0,0.0,0.0,1.0,1.0,0.35,0.525,0.0,0.55,0.37250000000000005,False,0,0
1658,202512230130,1.0,1.0,1.0,1.0,90,m1,0,0,1.0,1.0,1.0,1.0,1.0,50.0,0.0,0.0,0.0,0.0,1.0,1.0,0.75,0.525,0.0,0.55,0.49249999999999994,False,0,0
1659,202512230131,1.0,1.0,1.0,1.0,106,m1,0,0,1.0,1.0,1.0,1.0,1.0,50.0,0.0,0.0,0.0,0.0,1.0,1.0,1.0,0.525,0.0,0.55,0.5675,False,0,0
1660,202512230132,1.0,1.0,1.0,1.0,83,m1,0,0,1.0,1.0,1.0,1.0,1.0,50.0,0.0,0.0,0.0,0.0,1.0,1.0,0.7,0.525,0.0,0.55,0.47750000000000004,False,0,0
1661,202512230133,1.0,1.0,1.0,1.0,100,m1,0,0,1.0,1.0,1.0,1.0,1.0,50.0,0.0,0.0,0.0,0.0,1.0,1.0,0.85,0.525,0.0,0.55,0.5225,False,0,0
1662,202512230134,1.0,1.0,1.0,1.0,58,m1,0,0,1.0,1.0,1.0,1.0,1.0,50.0,0.0,0.0,0.0,0.0,1.0,1.0,0.35,0.525,0.0,0.55,0.37250000000000005,False,0,0
1663,202512230135,1.0,1.0,1.0,1.0,61,m1,0,0,1.0,1.0,1.0,1.0,1.0,50.0,0.0,0.0,0.0,0.0,1.0,1.0,0.4,0.525,0.0,0.55,0.38749999999999996,False,0,0
1664,202512230136,1.0,1.0,1.0,1.0,46,m1,0,0,1.0,1.0,1.0,1.0,1.0,50.0,0.0,0.0,0.0,0.0,1.0,1.0,0.35,0.525,0.0,0.55,0.37250000000000005,False,0,0
1665,202512230137,1.0,1.0,1.0,1.0,53,m1,0,0,1.0,1.0,1.0,1.0,1.0,50.0,0.0,0.0,0.0,0.0,1.0,1.0,0.4,0.525,0.0,0.55,0.38749999999999996,False,0,0
1666,202512230138,1.0,1.0,1.0,1.0,41,m1,0,0,1.0,1.0,1.0,1.0,1.0,50.0,0.0,0.0,0.0,0.0,1.0,1.0,0.35,0.525,0.0,0.55,0.37250000000000005,False,0,0
1667,202512230139,1.0,1.0,1.0,1.0,22,m1,0,0,1.0,1.0,1.0,1.0,1.0,50.0,0.0,0.0,0.0,0.0,1.0,1.0,0.1,0.525,0.0,0.55,0.2975,False,0,0
1668,202512230140,1.0,1.0,1.0,1.0,82,m1,0,0,1.0,1.0,1.0,1.0,1.0,50.0,0.0,0.0,0.0,0.0,1.0,1.0,0.8,0.525,0.0,0.55,0.5075,False,0,0
1669,202512230141,1.0,1.0,1.0,1.0,163,m1,0,0,1.0,1.0,1.0,1.0,1.0,50.0,0.0,0.0,0.0,0.0,1.0,1.0,1.0,0.525,0.0,0.55,0.5675,False,0,0
1670,202512230142,1.0,1.0,1.0,1.0,99,m1,0,0,1.0,1.0,1.0,1.0,1.0,50.0,0.0,0.0,0.0,0.0,1.0,1.0,0.85,0.525,0.0,0.55,0.5225,False,0,0
1671,202512230143,1.0,1.0,1.0,1.0,82,m1,0,0,1.0,1.0,1.0,1.0,1.0,50.0,0.0,0.0,0.0,0.0,1.0,1.0,0.675,0.525,0.0,0.55,0.47,False,0,0
1672,202512230144,1.0,1.0,1.0,1.0,116,m1,0,0,1.0,1.0,1.0,1.0,1.0,50.0,0.0,0.0,0.0,0.0,1.0,1.0,0.95,0.525,0.0,0.55,0.5525,False,0,0
1673,202512230145,1.0,1.0,1.0,1.0,76,m1,0,0,1.0,1.0,1.0,1.0,1.0,50.0,0.0,0.0,0.0,0.0,1.0,1.0,0.55,0.525,0.0,0.55,0.4325,False,0,0
1674,202512230146,1.0,1.0,1.0,1.0,90,m1,0,0,1.0,1.0,1.0,1.0,1.0,50.0,0.0,0.0,0.0,0.0,1.0,1.0,0.725,0.525,0.0,0.55,0.485,False,0,0
1675,202512230147,1.0,1.0,1.0,1.0,63,m1,0,0,1.0,1.0,1.0,1.0,1.0,50.0,0.0,0.0,0.0,0.0,1.0,1.0,0.45,0.525,0.0,0.55,0.40249999999999997,False,0,0
1676,202512230148,1.0,1.0,1.0,1.0,78,m1,0,0,1.0,1.0,1.0,1.0,1.0,50.0,0.0,0.0,0.0,0.0,1.0,1.0,0.5,0.525,0.0,0.55,0.4175,False,0,0
1677,202512230149,1.0,1.0,1.0,1.0,82,m1,0,0,1.0,1.0,1.0,1.0,1.0,50.0,0.0,0.0,0.0,0.0,1.0,1.0,0.55,0.525,0.0,0.55,0.4325,False,0,0
1678,202512230150,1.0,1.0,1.0,1.0,70,m1,0,0,1.0,1.0,1.0,1.0,1.0,50.0,0.0,0.0,0.0,0.0,1.0,1.0,0.4,0.525,0.0,0.55,0.38749999999999996,False,0,0
1679,202512230151,1.0,1.0,1.0,1.0,67,m1,0,0,1.0,1.0,1.0,1.0,1.0,50.0,0.0,0.0,0.0,0.0,1.0,1.0,0.4,0.525,0.0,0.55,0.38749999999999996,False,0,0
1680,202512230152,1.0,1.0,1.0,1.0,80,m1,0,0,1.0,1.0,1.0,1.0,1.0,50.0,0.0,0.0,0.0,0.0,1.0,1.0,0.6,0.525,0.0,0.55,0.4475,False,0,0
1681,202512230153,1.0,1.0,1.0,1.0,74,m1,0,0,1.0,1.0,1.0,1.0,1.0,50.0,0.0,0.0,0.0,0.0,1.0,1.0,0.5,0.525,0.0,0.55,0.4175,False,0,0
1682,202512230154,1.0,1.0,1.0,1.0,82,m1,0,0,1.0,1.0,1.0,1.0,1.0,50.0,0.0,0.0,0.0,0.0,1.0,1.0,0.725,0.525,0.0,0.55,0.485,False,0,0
1683,202512230155,1.0,1.0,1.0,1.0,93,m1,0,0,1.0,1.0,1.0,1.0,1.0,50.0,0.0,0.0,0.0,0.0,1.0,1.0,0.85,0.525,0.0,0.55,0.5225,False,0,0
1684,202512230156,1.0,1.0,1.0,1.0,99,m1,0,0,1.0,1.0,1.0,1.0,1.0,50.0,0.0,0.0,0.0,0.0,1.0,1.0,0.875,0.525,0.0,0.55,0.53,False,0,0
1685,202512230157,1.0,1.0,1.0,1.0,110,m1,0,0,1.0,1.0,1.0,1.0,1.0,50.0,0.0,0.0,0.0,0.0,1.0,1.0,0.9,0.525,0.0,0.55,0.5375,False,0,0
1686,202512230158,1.0,1.0,1.0,1.0,50,m1,0,0,1.0,1.0,1.0,1.0,1.0,50.0,0.0,0.0,0.0,0.0,1.0,1.0,0.1,0.525,0.0,0.55,0.2975,False,0,0
1687,202512230159,1.0,1.0,1.0,1.0,26,m1,0,0,1.0,1.0,1.0,1.0,1.0,50.0,0.0,0.0,0.0,0.0,1.0,1.0,0.05,0.525,0.0,0.55,0.2825,False,0,0
1688,202512230200,1.0,1.0,1.0,1.0,60,m1,0,0,1.0,1.0,1.0,1.0,1.0,50.0,0.0,0.0,0.0,0.0,1.0,1.0,0.15,0.525,0.0,0.55,0.3125,False,0,0
1689,202512230201,1.0,1.0,1.0,1.0,53,m1,0,0,1.0,1.0,1.0,1.0,1.0,50.0,0.0,0.0,0.0,0.0,1.0,1.0,0.15,0.525,0.0,0.55,0.3125,False,0,0
1690,202512230202,1.0,1.0,1.0,1.0,43,m1,0,0,1.0,1.0,1.0,1.0,1.0,50.0,0.0,0.0,0.0,0.0,1.0,1.0,0.1,0.525,0.0,0.55,0.2975,False,0,0
1691,202512230203,1.0,1.0,1.0,1.0,55,m1,0,0,1.0,1.0,1.0,1.0,1.0,50.0,0.0,0.0,0.0,0.0,1.0,1.0,0.25,0.525,0.0,0.55,0.3425,False,0,0
1692,202512230204,1.0,1.0,1.0,1.0,72,m1,0,0,1.0,1.0,1.0,1.0,1.0,50.0,0.0,0.0,0.0,0.0,1.0,1.0,0.5,0.525,0.0,0.55,0.4175,False,0,0
1693,202512230205,1.0,1.0,1.0,1.0,105,m1,0,0,1.0,1.0,1.0,1.0,1.0,50.0,0.0,0.0,0.0,0.0,1.0,1.0,0.95,0.525,0.0,0.55,0.5525,False,0,0
1694,202512230206,1.0,1.0,1.0,1.0,45,m1,0,0,1.0,1.0,1.0,1.0,1.0,50.0,0.0,0.0,0.0,0.0,1.0,1.0,0.15,0.525,0.0,0.55,0.3125,False,0,0
1695,202512230207,1.0,1.0,1.0,1.0,46,m1,0,0,1.0,1.0,1.0,1.0,1.0,50.0,0.0,0.0,0.0,0.0,1.0,1.0,0.2,0.525,0.0,0.55,0.3275,False,0,0
1696,202512230208,1.0,1.0,1.0,1.0,79,m1,0,0,1.0,1.0,1.0,1.0,1.0,50.0,0.0,0.0,0.0,0.0,1.0,1.0,0.65,0.525,0.0,0.55,0.4625,False,0,0
1697,202512230209,1.0,1.0,1.0,1.0,42,m1,0,0,1.0,1.0,1.0,1.0,1.0,50.0,0.0,0.0,0.0,0.0,1.0,1.0,0.1,0.525,0.0,0.55,0.2975,False,0,0
1698,202512230210,1.0,1.0,1.0,1.0,117,m1,0,0,1.0,1.0,1.0,1.0,1.0,50.0,0.0,0.0,0.0,0.0,1.0,1.0,1.0,0.525,0.0,0.55,0.5675,False,0,0
1699,202512230211,1.0,1.0,1.0,1.0,92,m1,0,0,1.0,1.0,1.0,1.0,1.0,50.0,0.0,0.0,0.0,0.0,1.0,1.0,0.75,0.525,0.0,0.55,0.49249999999999994,False,0,0
1700,202512230212,1.0,1.0,1.0,1.0,43,m1,0,0,1.0,1.0,1.0,1.0,1.0,50.0,0.0,0.0,0.0,0.0,1.0,1.0,0.175,0.525,0.0,0.55,0.32,False,0,0
1701,202512230213,1.0,1.0,1.0,1.0,63,m1,0,0,1.0,1.0,1.0,1.0,1.0,50.0,0.0,0.0,0.0,0.0,1.0,1.0,0.55,0.525,0.0,0.55,0.4325,False,0,0
1702,202512230214,1.0,1.0,1.0,1.0,37,m1,0,0,1.0,1.0,1.0,1.0,1.0,50.0,0.0,0.0,0.0,0.0,1.0,1.0,0.1,0.525,0.0,0.55,0.2975,False,0,0
1703,202512230215,1.0,1.0,1.0,1.0,67,m1,0,0,1.0,1.0,1.0,1.0,1.0,50.0,0.0,0.0,0.0,0.0,1.0,1.0,0.65,0.525,0.0,0.55,0.4625,False,0,0
1704,202512230216,1.0,1.0,1.0,1.0,41,m1,0,0,1.0,1.0,1.0,1.0,1.0,50.0,0.0,0.0,0.0,0.0,1.0,1.0,0.15,0.525,0.0,0.55,0.3125,False,0,0
1705,202512230217,1.0,1.0,1.0,1.0,36,m1,0,0,1.0,1.0,1.0,1.0,1.0,50.0,0.0,0.0,0.0,0.0,1.0,1.0,0.1,0.525,0.0,0.55,0.2975,False,0,0
1706,202512230218,1.0,1.0,1.0,1.0,38,m1,0,0,1.0,1.0,1.0,1.0,1.0,50.0,0.0,0.0,0.0,0.0,1.0,1.0,0.2,0.525,0.0,0.55,0.3275,False,0,0
1707,202512230219,1.0,1.0,1.0,1.0,60,m1,0,0,1.0,1.0,1.0,1.0,1.0,50.0,0.0,0.0,0.0,0.0,1.0,1.0,0.625,0.525,0.0,0.55,0.45499999999999996,False,0,0
1708,202512230220,1.0,1.0,1.0,1.0,24,m1,0,0,1.0,1.0,1.0,1.0,1.0,50.0,0.0,0.0,0.0,0.0,1.0,1.0,0.05,0.525,0.0,0.55,0.2825,False,0,0
1709,202512230221,1.0,1.0,1.0,1.0,39,m1,0,0,1.0,1.0,1.0,1.0,1.0,50.0,0.0,0.0,0.0,0.0,1.0,1.0,0.25,0.525,0.0,0.55,0.3425,False,0,0
1710,202512230222,1.0,1.0,1.0,1.0,50,m1,0,0,1.0,1.0,1.0,1.0,1.0,50.0,0.0,0.0,0.0,0.0,1.0,1.0,0.55,0.525,0.0,0.55,0.4325,False,0,0
1711,202512230223,1.0,1.0,1.0,1.0,55,m1,0,0,1.0,1.0,1.0,1.0,1.0,50.0,0.0,0.0,0.0,0.0,1.0,1.0,0.6,0.525,0.0,0.55,0.4475,False,0,0
1712,202512230224,1.0,1.0,1.0,1.0,39,m1,0,0,1.0,1.0,1.0,1.0,1.0,50.0,0.0,0.0,0.0,0.0,1.0,1.0,0.275,0.525,0.0,0.55,0.35,False,0,0
1713,202512230225,1.0,1.0,1.0,1.0,38,m1,0,0,1.0,1.0,1.0,1.0,1.0,50.0,0.0,0.0,0.0,0.0,1.0,1.0,0.225,0.525,0.0,0.55,0.335,False,0,0
1714,202512230226,1.0,1.0,1.0,1.0,35,m1,0,0,1.0,1.0,1.0,1.0,1.0,50.0,0.0,0.0,0.0,0.0,1.0,1.0,0.1,0.525,0.0,0.55,0.2975,False,0,0
1715,202512230227,1.0,1.0,1.0,1.0,56,m1,0,0,1.0,1.0,1.0,1.0,1.0,50.0,0.0,0.0,0.0,0.0,1.0,1.0,0.7,0.525,0.0,0.55,0.47750000000000004,False,0,0
1716,202512230228,1.0,1.0,1.0,1.0,55,m1,0,0,1.0,1.0,1.0,1.0,1.0,50.0,0.0,0.0,0.0,0.0,1.0,1.0,0.675,0.525,0.0,0.55,0.47,False,0,0
1717,202512230229,1.0,1.0,1.0,1.0,81,m1,0,0,1.0,1.0,1.0,1.0,1.0,50.0,0.0,0.0,0.0,0.0,1.0,1.0,0.9,0.525,0.0,0.55,0.5375,False,0,0
1718,202512230230,1.0,1.0,1.0,1.0,44,m1,0,0,1.0,1.0,1.0,1.0,1.0,50.0,0.0,0.0,0.0,0.0,1.0,1.0,0.55,0.525,0.0,0.55,0.4325,False,0,0
1719,202512230231,1.0,1.0,1.0,1.0,43,m1,0,0,1.0,1.0,1.0,1.0,1.0,50.0,0.0,0.0,0.0,0.0,1.0,1.0,0.525,0.525,0.0,0.55,0.42500000000000004,False,0,0
1720,202512230232,1.0,1.0,1.0,1.0,46,m1,0,0,1.0,1.0,1.0,1.0,1.0,50.0,0.0,0.0,0.0,0.0,1.0,1.0,0.6,0.525,0.0,0.55,0.4475,False,0,0
1721,202512230233,1.0,1.0,1.0,1.0,28,m1,0,0,1.0,1.0,1.0,1.0,1.0,50.0,0.0,0.0,0.0,0.0,1.0,1.0,0.1,0.525,0.0,0.55,0.2975,False,0,0
1722,202512230234,1.0,1.0,1.0,1.0,29,m1,0,0,1.0,1.0,1.0,1.0,1.0,50.0,0.0,0.0,0.0,0.0,1.0,1.0,0.15,0.525,0.0,0.55,0.3125,False,0,0
1723,202512230235,1.0,1.0,1.0,1.0,60,m1,0,0,1.0,1.0,1.0,1.0,1.0,50.0,0.0,0.0,0.0,0.0,1.0,1.0,0.925,0.525,0.0,0.55,0.545,False,0,0
1724,202512230236,1.0,1.0,1.0,1.0,40,m1,0,0,1.0,1.0,1.0,1.0,1.0,50.0,0.0,0.0,0.0,0.0,1.0,1.0,0.5,0.525,0.0,0.55,0.4175,False,0,0
1725,202512230237,1.0,1.0,1.0,1.0,44,m1,0,0,1.0,1.0,1.0,1.0,1.0,50.0,0.0,0.0,0.0,0.0,1.0,1.0,0.575,0.525,0.0,0.55,0.43999999999999995,False,0,0
1726,202512230238,1.0,1.0,1.0,1.0,66,m1,0,0,1.0,1.0,1.0,1.0,1.0,50.0,0.0,0.0,0.0,0.0,1.0,1.0,0.95,0.525,0.0,0.55,0.5525,False,0,0
1727,202512230239,1.0,1.0,1.0,1.0,81,m1,0,0,1.0,1.0,1.0,1.0,1.0,50.0,0.0,0.0,0.0,0.0,1.0,1.0,0.975,0.525,0.0,0.55,0.5599999999999999,False,0,0
1728,202512230240,1.0,1.0,1.0,1.0,38,m1,0,0,1.0,1.0,1.0,1.0,1.0,50.0,0.0,0.0,0.0,0.0,1.0,1.0,0.225,0.525,0.0,0.55,0.335,False,0,0
1729,202512230241,1.0,1.0,1.0,1.0,73,m1,0,0,1.0,1.0,1.0,1.0,1.0,50.0,0.0,0.0,0.0,0.0,1.0,1.0,0.9,0.525,0.0,0.55,0.5375,False,0,0
1730,202512230242,1.0,1.0,1.0,1.0,50,m1,0,0,1.0,1.0,1.0,1.0,1.0,50.0,0.0,0.0,0.0,0.0,1.0,1.0,0.6,0.525,0.0,0.55,0.4475,False,0,0
1731,202512230243,1.0,1.0,1.0,1.0,34,m1,0,0,1.0,1.0,1.0,1.0,1.0,50.0,0.0,0.0,0.0,0.0,1.0,1.0,0.15,0.525,0.0,0.55,0.3125,False,0,0
1732,202512230244,1.0,1.0,1.0,1.0,81,m1,0,0,1.0,1.0,1.0,1.0,1.0,50.0,0.0,0.0,0.0,0.0,1.0,1.0,0.95,0.525,0.0,0.55,0.5525,False,0,0
1733,202512230245,1.0,1.0,1.0,1.0,123,m1,0,0,1.0,1.0,1.0,1.0,1.0,50.0,0.0,0.0,0.0,0.0,1.0,1.0,1.0,0.525,0.0,0.55,0.5675,False,0,0
1734,202512230246,1.0,1.0,1.0,1.0,54,m1,0,0,1.0,1.0,1.0,1.0,1.0,50.0,0.0,0.0,0.0,0.0,1.0,1.0,0.55,0.525,0.0,0.55,0.4325,False,0,0
1735,202512230247,1.0,1.0,1.0,1.0,88,m1,0,0,1.0,1.0,1.0,1.0,1.0,50.0,0.0,0.0,0.0,0.0,1.0,1.0,0.95,0.525,0.0,0.55,0.5525,False,0,0
1736,202512230248,1.0,1.0,1.0,1.0,52,m1,0,0,1.0,1.0,1.0,1.0,1.0,50.0,0.0,0.0,0.0,0.0,1.0,1.0,0.55,0.525,0.0,0.55,0.4325,False,0,0
1737,202512230249,1.0,1.0,1.0,1.0,77,m1,0,0,1.0,1.0,1.0,1.0,1.0,50.0,0.0,0.0,0.0,0.0,1.0,1.0,0.8,0.525,0.0,0.55,0.5075,False,0,0
1738,202512230250,1.0,1.0,1.0,1.0,110,m1,0,0,1.0,1.0,1.0,1.0,1.0,50.0,0.0,0.0,0.0,0.0,1.0,1.0,0.95,0.525,0.0,0.55,0.5525,False,0,0
1739,202512230251,1.0,1.0,1.0,1.0,65,m1,0,0,1.0,1.0,1.0,1.0,1.0,50.0,0.0,0.0,0.0,0.0,1.0,1.0,0.6,0.525,0.0,0.55,0.4475,False,0,0
1740,202512230252,1.0,1.0,1.0,1.0,34,m1,0,0,1.0,1.0,1.0,1.0,1.0,50.0,0.0,0.0,0.0,0.0,1.0,1.0,0.175,0.525,0.0,0.55,0.32,False,0,0
1741,202512230253,1.0,1.0,1.0,1.0,56,m1,0,0,1.0,1.0,1.0,1.0,1.0,50.0,0.0,0.0,0.0,0.0,1.0,1.0,0.5,0.525,0.0,0.55,0.4175,False,0,0
1742,202512230254,1.0,1.0,1.0,1.0,62,m1,0,0,1.0,1.0,1.0,1.0,1.0,50.0,0.0,0.0,0.0,0.0,1.0,1.0,0.55,0.525,0.0,0.55,0.4325,False,0,0
1743,202512230255,1.0,1.0,1.0,1.0,90,m1,0,0,1.0,1.0,1.0,1.0,1.0,50.0,0.0,0.0,0.0,0.0,1.0,1.0,0.9,0.525,0.0,0.55,0.5375,False,0,0
1744,202512230256,1.0,1.0,1.0,1.0,31,m1,0,0,1.0,1.0,1.0,1.0,1.0,50.0,0.0,0.0,0.0,0.0,1.0,1.0,0.05,0.525,0.0,0.55,0.2825,False,0,0
1745,202512230257,1.0,1.0,1.0,1.0,57,m1,0,0,1.0,1.0,1.0,1.0,1.0,50.0,0.0,0.0,0.0,0.0,1.0,1.0,0.45,0.525,0.0,0.55,0.40249999999999997,False,0,0
1746,202512230258,1.0,1.0,1.0,1.0,105,m1,0,0,1.0,1.0,1.0,1.0,1.0,50.0,0.0,0.0,0.0,0.0,1.0,1.0,0.9,0.525,0.0,0.55,0.5375,False,0,0
1747,202512230259,1.0,1.0,1.0,1.0,79,m1,0,0,1.0,1.0,1.0,1.0,1.0,50.0,0.0,0.0,0.0,0.0,1.0,1.0,0.7,0.525,0.0,0.55,0.47750000000000004,False,0,0
1748,202512230300,1.0,1.0,1.0,1.0,101,m1,0,0,1.0,1.0,1.0,1.0,1.0,50.0,0.0,0.0,0.0,0.0,1.0,1.0,0.85,0.525,0.0,0.55,0.5225,False,0,0
1749,202512230301,1.0,1.0,1.0,1.0,50,m1,0,0,1.0,1.0,1.0,1.0,1.0,50.0,0.0,0.0,0.0,0.0,1.0,1.0,0.225,0.525,0.0,0.55,0.335,False,0,0
1750,202512230302,1.0,1.0,1.0,1.0,58,m1,0,0,1.0,1.0,1.0,1.0,1.0,50.0,0.0,0.0,0.0,0.0,1.0,1.0,0.45,0.525,0.0,0.55,0.40249999999999997,False,0,0
1751,202512230303,1.0,1.0,1.0,1.0,31,m1,0,0,1.0,1.0,1.0,1.0,1.0,50.0,0.0,0.0,0.0,0.0,1.0,1.0,0.075,0.525,0.0,0.55,0.29000000000000004,False,0,0
1752,202512230304,1.0,1.0,1.0,1.0,54,m1,0,0,1.0,1.0,1.0,1.0,1.0,50.0,0.0,0.0,0.0,0.0,1.0,1.0,0.325,0.525,0.0,0.55,0.365,False,0,0
1753,202512230305,1.0,1.0,1.0,1.0,66,m1,0,0,1.0,1.0,1.0,1.0,1.0,50.0,0.0,0.0,0.0,0.0,1.0,1.0,0.65,0.525,0.0,0.55,0.4625,False,0,0
1754,202512230306,1.0,1.0,1.0,1.0,55,m1,0,0,1.0,1.0,1.0,1.0,1.0,50.0,0.0,0.0,0.0,0.0,1.0,1.0,0.35,0.525,0.0,0.55,0.37250000000000005,False,0,0
1755,202512230307,1.0,1.0,1.0,1.0,54,m1,0,0,1.0,1.0,1.0,1.0,1.0,50.0,0.0,0.0,0.0,0.0,1.0,1.0,0.325,0.525,0.0,0.55,0.365,False,0,0
1756,202512230308,1.0,1.0,1.0,1.0,52,m1,0,0,1.0,1.0,1.0,1.0,1.0,50.0,0.0,0.0,0.0,0.0,1.0,1.0,0.25,0.525,0.0,0.55,0.3425,False,0,0
1757,202512230309,1.0,1.0,1.0,1.0,40,m1,0,0,1.0,1.0,1.0,1.0,1.0,50.0,0.0,0.0,0.0,0.0,1.0,1.0,0.2,0.525,0.0,0.55,0.3275,False,0,0
1758,202512230310,1.0,1.0,1.0,1.0,36,m1,0,0,1.0,1.0,1.0,1.0,1.0,50.0,0.0,0.0,0.0,0.0,1.0,1.0,0.2,0.525,0.0,0.55,0.3275,False,0,0
1759,202512230311,1.0,1.0,1.0,1.0,41,m1,0,0,1.0,1.0,1.0,1.0,1.0,50.0,0.0,0.0,0.0,0.0,1.0,1.0,0.3,0.525,0.0,0.55,0.35750000000000004,False,0,0
1760,202512230312,1.0,1.0,1.0,1.0,34,m1,0,0,1.0,1.0,1.0,1.0,1.0,50.0,0.0,0.0,0.0,0.0,1.0,1.0,0.15,0.525,0.0,0.55,0.3125,False,0,0
1761,202512230313,1.0,1.0,1.0,1.0,22,m1,0,0,1.0,1.0,1.0,1.0,1.0,50.0,0.0,0.0,0.0,0.0,1.0,1.0,0.05,0.525,0.0,0.55,0.2825,False,0,0
1762,202512230314,1.0,1.0,1.0,1.0,42,m1,0,0,1.0,1.0,1.0,1.0,1.0,50.0,0.0,0.0,0.0,0.0,1.0,1.0,0.4,0.525,0.0,0.55,0.38749999999999996,False,0,0
1763,202512230315,1.0,1.0,1.0,1.0,40,m1,0,0,1.0,1.0,1.0,1.0,1.0,50.0,0.0,0.0,0.0,0.0,1.0,1.0,0.325,0.525,0.0,0.55,0.365,False,0,0
1764,202512230316,1.0,1.0,1.0,1.0,28,m1,0,0,1.0,1.0,1.0,1.0,1.0,50.0,0.0,0.0,0.0,0.0,1.0,1.0,0.1,0.525,0.0,0.55,0.2975,False,0,0
1765,202512230317,1.0,1.0,1.0,1.0,29,m1,0,0,1.0,1.0,1.0,1.0,1.0,50.0,0.0,0.0,0.0,0.0,1.0,1.0,0.15,0.525,0.0,0.55,0.3125,False,0,0
1766,202512230318,1.0,1.0,1.0,1.0,43,m1,0,0,1.0,1.0,1.0,1.0,1.0,50.0,0.0,0.0,0.0,0.0,1.0,1.0,0.55,0.525,0.0,0.55,0.4325,False,0,0
1767,202512230319,1.0,1.0,1.0,1.0,70,m1,0,0,1.0,1.0,1.0,1.0,1.0,50.0,0.0,0.0,0.0,0.0,1.0,1.0,0.95,0.525,0.0,0.55,0.5525,False,0,0
1768,202512230320,1.0,1.0,1.0,1.0,52,m1,0,0,1.0,1.0,1.0,1.0,1.0,50.0,0.0,0.0,0.0,0.0,1.0,1.0,0.675,0.525,0.0,0.55,0.47,False,0,0
1769,202512230321,1.0,1.0,1.0,1.0,67,m1,0,0,1.0,1.0,1.0,1.0,1.0,50.0,0.0,0.0,0.0,0.0,1.0,1.0,0.95,0.525,0.0,0.55,0.5525,False,0,0
1770,202512230322,1.0,1.0,1.0,1.0,107,m1,0,0,1.0,1.0,1.0,1.0,1.0,50.0,0.0,0.0,0.0,0.0,1.0,1.0,1.0,0.525,0.0,0.55,0.5675,False,0,0
1771,202512230323,1.0,1.0,1.0,1.0,125,m1,0,0,1.0,1.0,1.0,1.0,1.0,50.0,0.0,0.0,0.0,0.0,1.0,1.0,1.0,0.525,0.0,0.55,0.5675,False,0,0
1772,202512230324,1.0,1.0,1.0,1.0,89,m1,0,0,1.0,1.0,1.0,1.0,1.0,50.0,0.0,0.0,0.0,0.0,1.0,1.0,0.9,0.525,0.0,0.55,0.5375,False,0,0
1773,202512230325,1.0,1.0,1.0,1.0,93,m1,0,0,1.0,1.0,1.0,1.0,1.0,50.0,0.0,0.0,0.0,0.0,1.0,1.0,0.9,0.525,0.0,0.55,0.5375,False,0,0
1774,202512230326,1.0,1.0,1.0,1.0,94,m1,0,0,1.0,1.0,1.0,1.0,1.0,50.0,0.0,0.0,0.0,0.0,1.0,1.0,0.9,0.525,0.0,0.55,0.5375,False,0,0
1775,202512230327,1.0,1.0,1.0,1.0,52,m1,0,0,1.0,1.0,1.0,1.0,1.0,50.0,0.0,0.0,0.0,0.0,1.0,1.0,0.6,0.525,0.0,0.55,0.4475,False,0,0
1776,202512230328,1.0,1.0,1.0,1.0,48,m1,0,0,1.0,1.0,1.0,1.0,1.0,50.0,0.0,0.0,0.0,0.0,1.0,1.0,0.55,0.525,0.0,0.55,0.4325,False,0,0
1777,202512230329,1.0,1.0,1.0,1.0,68,m1,0,0,1.0,1.0,1.0,1.0,1.0,50.0,0.0,0.0,0.0,0.0,1.0,1.0,0.7,0.525,0.0,0.55,0.47750000000000004,False,0,0
1778,202512230330,1.0,1.0,1.0,1.0,71,m1,0,0,1.0,1.0,1.0,1.0,1.0,50.0,0.0,0.0,0.0,0.0,1.0,1.0,0.75,0.525,0.0,0.55,0.49249999999999994,False,0,0
1779,202512230331,1.0,1.0,1.0,1.0,45,m1,0,0,1.0,1.0,1.0,1.0,1.0,50.0,0.0,0.0,0.0,0.0,1.0,1.0,0.4,0.525,0.0,0.55,0.38749999999999996,False,0,0
1780,202512230332,1.0,1.0,1.0,1.0,36,m1,0,0,1.0,1.0,1.0,1.0,1.0,50.0,0.0,0.0,0.0,0.0,1.0,1.0,0.2,0.525,0.0,0.55,0.3275,False,0,0
1781,202512230333,1.0,1.0,1.0,1.0,66,m1,0,0,1.0,1.0,1.0,1.0,1.0,50.0,0.0,0.0,0.0,0.0,1.0,1.0,0.55,0.525,0.0,0.55,0.4325,False,0,0
1782,202512230334,1.0,1.0,1.0,1.0,34,m1,0,0,1.0,1.0,1.0,1.0,1.0,50.0,0.0,0.0,0.0,0.0,1.0,1.0,0.15,0.525,0.0,0.55,0.3125,False,0,0
1783,202512230335,1.0,1.0,1.0,1.0,47,m1,0,0,1.0,1.0,1.0,1.0,1.0,50.0,0.0,0.0,0.0,0.0,1.0,1.0,0.35,0.525,0.0,0.55,0.37250000000000005,False,0,0
1784,202512230336,1.0,1.0,1.0,1.0,40,m1,0,0,1.0,1.0,1.0,1.0,1.0,50.0,0.0,0.0,0.0,0.0,1.0,1.0,0.2,0.525,0.0,0.55,0.3275,False,0,0
1785,202512230337,1.0,1.0,1.0,1.0,29,m1,0,0,1.0,1.0,1.0,1.0,1.0,50.0,0.0,0.0,0.0,0.0,1.0,1.0,0.05,0.525,0.0,0.55,0.2825,False,0,0
1786,202512230338,1.0,1.0,1.0,1.0,46,m1,0,0,1.0,1.0,1.0,1.0,1.0,50.0,0.0,0.0,0.0,0.0,1.0,1.0,0.3,0.525,0.0,0.55,0.35750000000000004,False,0,0
1787,202512230339,1.0,1.0,1.0,1.0,27,m1,0,0,1.0,1.0,1.0,1.0,1.0,50.0,0.0,0.0,0.0,0.0,1.0,1.0,0.05,0.525,0.0,0.55,0.2825,False,0,0
1788,202512230340,1.0,1.0,1.0,1.0,38,m1,0,0,1.0,1.0,1.0,1.0,1.0,50.0,0.0,0.0,0.0,0.0,1.0,1.0,0.25,0.525,0.0,0.55,0.3425,False,0,0
1789,202512230341,1.0,1.0,1.0,1.0,16,m1,0,0,1.0,1.0,1.0,1.0,1.0,50.0,0.0,0.0,0.0,0.0,1.0,1.0,0.05,0.525,0.0,0.55,0.2825,False,0,0
1790,202512230342,1.0,1.0,1.0,1.0,38,m1,0,0,1.0,1.0,1.0,1.0,1.0,50.0,0.0,0.0,0.0,0.0,1.0,1.0,0.325,0.525,0.0,0.55,0.365,False,0,0
1791,202512230343,1.0,1.0,1.0,1.0,25,m1,0,0,1.0,1.0,1.0,1.0,1.0,50.0,0.0,0.0,0.0,0.0,1.0,1.0,0.1,0.525,0.0,0.55,0.2975,False,0,0
1792,202512230344,1.0,1.0,1.0,1.0,14,m1,0,0,1.0,1.0,1.0,1.0,1.0,50.0,0.0,0.0,0.0,0.0,1.0,1.0,0.05,0.525,0.0,0.55,0.2825,False,0,0
1793,202512230345,1.0,1.0,1.0,1.0,52,m1,0,0,1.0,1.0,1.0,1.0,1.0,50.0,0.0,0.0,0.0,0.0,1.0,1.0,0.775,0.525,0.0,0.55,0.5,False,0,0
1794,202512230346,1.0,1.0,1.0,1.0,37,m1,0,0,1.0,1.0,1.0,1.0,1.0,50.0,0.0,0.0,0.0,0.0,1.0,1.0,0.4,0.525,0.0,0.55,0.38749999999999996,False,0,0
1795,202512230347,1.0,1.0,1.0,1.0,12,m1,0,0,1.0,1.0,1.0,1.0,1.0,50.0,0.0,0.0,0.0,0.0,1.0,1.0,0.05,0.525,0.0,0.55,0.2825,False,0,0
1796,202512230348,1.0,1.0,1.0,1.0,18,m1,0,0,1.0,1.0,1.0,1.0,1.0,50.0,0.0,0.0,0.0,0.0,1.0,1.0,0.2,0.525,0.0,0.55,0.3275,False,0,0
1797,202512230349,1.0,1.0,1.0,1.0,37,m1,0,0,1.0,1.0,1.0,1.0,1.0,50.0,0.0,0.0,0.0,0.0,1.0,1.0,0.525,0.525,0.0,0.55,0.42500000000000004,False,0,0
1798,202512230350,1.0,1.0,1.0,1.0,50,m1,0,0,1.0,1.0,1.0,1.0,1.0,50.0,0.0,0.0,0.0,0.0,1.0,1.0,0.9,0.525,0.0,0.55,0.5375,False,0,0
1799,202512230351,1.0,1.0,1.0,1.0,29,m1,0,0,1.0,1.0,1.0,1.0,1.0,50.0,0.0,0.0,0.0,0.0,1.0,1.0,0.375,0.525,0.0,0.55,0.38,False,0,0
1800,202512230352,1.0,1.0,1.0,1.0,38,m1,0,0,1.0,1.0,1.0,1.0,1.0,50.0,0.0,0.0,0.0,0.0,1.0,1.0,0.65,0.525,0.0,0.55,0.4625,False,0,0
1801,202512230353,1.0,1.0,1.0,1.0,53,m1,0,0,1.0,1.0,1.0,1.0,1.0,50.0,0.0,0.0,0.0,0.0,1.0,1.0,1.0,0.525,0.0,0.55,0.5675,False,0,0
1802,202512230354,1.0,1.0,1.0,1.0,49,m1,0,0,1.0,1.0,1.0,1.0,1.0,50.0,0.0,0.0,0.0,0.0,1.0,1.0,0.85,0.525,0.0,0.55,0.5225,False,0,0
1803,202512230355,1.0,1.0,1.0,1.0,44,m1,0,0,1.0,1.0,1.0,1.0,1.0,50.0,0.0,0.0,0.0,0.0,1.0,1.0,0.75,0.525,0.0,0.55,0.49249999999999994,False,0,0
1804,202512230356,1.0,1.0,1.0,1.0,90,m1,0,0,1.0,1.0,1.0,1.0,1.0,50.0,0.0,0.0,0.0,0.0,1.0,1.0,1.0,0.525,0.0,0.55,0.5675,False,0,0
1805,202512230357,1.0,1.0,1.0,1.0,37,m1,0,0,1.0,1.0,1.0,1.0,1.0,50.0,0.0,0.0,0.0,0.0,1.0,1.0,0.45,0.525,0.0,0.55,0.40249999999999997,False,0,0
1806,202512230358,1.0,1.0,1.0,1.0,69,m1,0,0,1.0,1.0,1.0,1.0,1.0,50.0,0.0,0.0,0.0,0.0,1.0,1.0,0.95,0.525,0.0,0.55,0.5525,False,0,0
1807,202512230359,1.0,1.0,1.0,1.0,84,m1,0,0,1.0,1.0,1.0,1.0,1.0,50.0,0.0,0.0,0.0,0.0,1.0,1.0,0.95,0.525,0.0,0.55,0.5525,False,0,0
1808,202512230400,1.0,1.0,1.0,1.0,69,m1,0,0,1.0,1.0,1.0,1.0,1.0,50.0,0.0,0.0,0.0,0.0,1.0,1.0,0.875,0.525,0.0,0.55,0.53,False,0,0
1809,202512230401,1.0,1.0,1.0,1.0,60,m1,0,0,1.0,1.0,1.0,1.0,1.0,50.0,0.0,0.0,0.0,0.0,1.0,1.0,0.8,0.525,0.0,0.55,0.5075,False,0,0
1810,202512230402,1.0,1.0,1.0,1.0,96,m1,0,0,1.0,1.0,1.0,1.0,1.0,50.0,0.0,0.0,0.0,0.0,1.0,1.0,1.0,0.525,0.0,0.55,0.5675,False,0,0
1811,202512230403,1.0,1.0,1.0,1.0,50,m1,0,0,1.0,1.0,1.0,1.0,1.0,50.0,0.0,0.0,0.0,0.0,1.0,1.0,0.575,0.525,0.0,0.55,0.43999999999999995,False,0,0
1812,202512230404,1.0,1.0,1.0,1.0,41,m1,0,0,1.0,1.0,1.0,1.0,1.0,50.0,0.0,0.0,0.0,0.0,1.0,1.0,0.4,0.525,0.0,0.55,0.38749999999999996,False,0,0
1813,202512230405,1.0,1.0,1.0,1.0,39,m1,0,0,1.0,1.0,1.0,1.0,1.0,50.0,0.0,0.0,0.0,0.0,1.0,1.0,0.4,0.525,0.0,0.55,0.38749999999999996,False,0,0
1814,202512230406,1.0,1.0,1.0,1.0,37,m1,0,0,1.0,1.0,1.0,1.0,1.0,50.0,0.0,0.0,0.0,0.0,1.0,1.0,0.25,0.525,0.0,0.55,0.3425,False,0,0
1815,202512230407,1.0,1.0,1.0,1.0,50,m1,0,0,1.0,1.0,1.0,1.0,1.0,50.0,0.0,0.0,0.0,0.0,1.0,1.0,0.6,0.525,0.0,0.55,0.4475,False,0,0
1816,202512230408,1.0,1.0,1.0,1.0,56,m1,0,0,1.0,1.0,1.0,1.0,1.0,50.0,0.0,0.0,0.0,0.0,1.0,1.0,0.7,0.525,0.0,0.55,0.47750000000000004,False,0,0
1817,202512230409,1.0,1.0,1.0,1.0,75,m1,0,0,1.0,1.0,1.0,1.0,1.0,50.0,0.0,0.0,0.0,0.0,1.0,1.0,0.85,0.525,0.0,0.55,0.5225,False,0,0
1818,202512230410,1.0,1.0,1.0,1.0,77,m1,0,0,1.0,1.0,1.0,1.0,1.0,50.0,0.0,0.0,0.0,0.0,1.0,1.0,0.85,0.525,0.0,0.55,0.5225,False,0,0
1819,202512230411,1.0,1.0,1.0,1.0,42,m1,0,0,1.0,1.0,1.0,1.0,1.0,50.0,0.0,0.0,0.0,0.0,1.0,1.0,0.3,0.525,0.0,0.55,0.35750000000000004,False,0,0
1820,202512230412,1.0,1.0,1.0,1.0,48,m1,0,0,1.0,1.0,1.0,1.0,1.0,50.0,0.0,0.0,0.0,0.0,1.0,1.0,0.35,0.525,0.0,0.55,0.37250000000000005,False,0,0
1821,202512230413,1.0,1.0,1.0,1.0,78,m1,0,0,1.0,1.0,1.0,1.0,1.0,50.0,0.0,0.0,0.0,0.0,1.0,1.0,0.85,0.525,0.0,0.55,0.5225,False,0,0
1822,202512230414,1.0,1.0,1.0,1.0,101,m1,0,0,1.0,1.0,1.0,1.0,1.0,50.0,0.0,0.0,0.0,0.0,1.0,1.0,1.0,0.525,0.0,0.55,0.5675,False,0,0
1823,202512230415,1.0,1.0,1.0,1.0,63,m1,0,0,1.0,1.0,1.0,1.0,1.0,50.0,0.0,0.0,0.0,0.0,1.0,1.0,0.55,0.525,0.0,0.55,0.4325,False,0,0
1824,202512230416,1.0,1.0,1.0,1.0,59,m1,0,0,1.0,1.0,1.0,1.0,1.0,50.0,0.0,0.0,0.0,0.0,1.0,1.0,0.5,0.525,0.0,0.55,0.4175,False,0,0
1825,202512230417,1.0,1.0,1.0,1.0,90,m1,0,0,1.0,1.0,1.0,1.0,1.0,50.0,0.0,0.0,0.0,0.0,1.0,1.0,0.9,0.525,0.0,0.55,0.5375,False,0,0
1826,202512230418,1.0,1.0,1.0,1.0,47,m1,0,0,1.0,1.0,1.0,1.0,1.0,50.0,0.0,0.0,0.0,0.0,1.0,1.0,0.25,0.525,0.0,0.55,0.3425,False,0,0
1827,202512230419,1.0,1.0,1.0,1.0,62,m1,0,0,1.0,1.0,1.0,1.0,1.0,50.0,0.0,0.0,0.0,0.0,1.0,1.0,0.6,0.525,0.0,0.55,0.4475,False,0,0
1828,202512230420,1.0,1.0,1.0,1.0,41,m1,0,0,1.0,1.0,1.0,1.0,1.0,50.0,0.0,0.0,0.0,0.0,1.0,1.0,0.175,0.525,0.0,0.55,0.32,False,0,0
1829,202512230421,1.0,1.0,1.0,1.0,38,m1,0,0,1.0,1.0,1.0,1.0,1.0,50.0,0.0,0.0,0.0,0.0,1.0,1.0,0.1,0.525,0.0,0.55,0.2975,False,0,0
1830,202512230422,1.0,1.0,1.0,1.0,53,m1,0,0,1.0,1.0,1.0,1.0,1.0,50.0,0.0,0.0,0.0,0.0,1.0,1.0,0.55,0.525,0.0,0.55,0.4325,False,0,0
1831,202512230423,1.0,1.0,1.0,1.0,36,m1,0,0,1.0,1.0,1.0,1.0,1.0,50.0,0.0,0.0,0.0,0.0,1.0,1.0,0.05,0.525,0.0,0.55,0.2825,False,0,0
1832,202512230424,1.0,1.0,1.0,1.0,37,m1,0,0,1.0,1.0,1.0,1.0,1.0,50.0,0.0,0.0,0.0,0.0,1.0,1.0,0.125,0.525,0.0,0.55,0.30500000000000005,False,0,0
1833,202512230425,1.0,1.0,1.0,1.0,45,m1,0,0,1.0,1.0,1.0,1.0,1.0,50.0,0.0,0.0,0.0,0.0,1.0,1.0,0.35,0.525,0.0,0.55,0.37250000000000005,False,0,0
1834,202512230426,1.0,1.0,1.0,1.0,27,m1,0,0,1.0,1.0,1.0,1.0,1.0,50.0,0.0,0.0,0.0,0.0,1.0,1.0,0.05,0.525,0.0,0.55,0.2825,False,0,0
1835,202512230427,1.0,1.0,1.0,1.0,55,m1,0,0,1.0,1.0,1.0,1.0,1.0,50.0,0.0,0.0,0.0,0.0,1.0,1.0,0.55,0.525,0.0,0.55,0.4325,False,0,0
1836,202512230428,1.0,1.0,1.0,1.0,46,m1,0,0,1.0,1.0,1.0,1.0,1.0,50.0,0.0,0.0,0.0,0.0,1.0,1.0,0.4,0.525,0.0,0.55,0.38749999999999996,False,0,0
1837,202512230429,1.0,1.0,1.0,1.0,54,m1,0,0,1.0,1.0,1.0,1.0,1.0,50.0,0.0,0.0,0.0,0.0,1.0,1.0,0.6,0.525,0.0,0.55,0.4475,False,0,0
1838,202512230430,1.0,1.0,1.0,1.0,88,m1,0,0,1.0,1.0,1.0,1.0,1.0,50.0,0.0,0.0,0.0,0.0,1.0,1.0,0.9,0.525,0.0,0.55,0.5375,False,0,0
1839,202512230431,1.0,1.0,1.0,1.0,65,m1,0,0,1.0,1.0,1.0,1.0,1.0,50.0,0.0,0.0,0.0,0.0,1.0,1.0,0.8,0.525,0.0,0.55,0.5075,False,0,0
1840,202512230432,1.0,1.0,1.0,1.0,40,m1,0,0,1.0,1.0,1.0,1.0,1.0,50.0,0.0,0.0,0.0,0.0,1.0,1.0,0.25,0.525,0.0,0.55,0.3425,False,0,0
1841,202512230433,1.0,1.0,1.0,1.0,49,m1,0,0,1.0,1.0,1.0,1.0,1.0,50.0,0.0,0.0,0.0,0.0,1.0,1.0,0.5,0.525,0.0,0.55,0.4175,False,0,0
1842,202512230434,1.0,1.0,1.0,1.0,48,m1,0,0,1.0,1.0,1.0,1.0,1.0,50.0,0.0,0.0,0.0,0.0,1.0,1.0,0.5,0.525,0.0,0.55,0.4175,False,0,0
1843,202512230435,1.0,1.0,1.0,1.0,35,m1,0,0,1.0,1.0,1.0,1.0,1.0,50.0,0.0,0.0,0.0,0.0,1.0,1.0,0.1,0.525,0.0,0.55,0.2975,False,0,0
1844,202512230436,1.0,1.0,1.0,1.0,34,m1,0,0,1.0,1.0,1.0,1.0,1.0,50.0,0.0,0.0,0.0,0.0,1.0,1.0,0.1,0.525,0.0,0.55,0.2975,False,0,0
1845,202512230437,1.0,1.0,1.0,1.0,36,m1,0,0,1.0,1.0,1.0,1.0,1.0,50.0,0.0,0.0,0.0,0.0,1.0,1.0,0.225,0.525,0.0,0.55,0.335,False,0,0
1846,202512230438,1.0,1.0,1.0,1.0,37,m1,0,0,1.0,1.0,1.0,1.0,1.0,50.0,0.0,0.0,0.0,0.0,1.0,1.0,0.325,0.525,0.0,0.55,0.365,False,0,0
1847,202512230439,1.0,1.0,1.0,1.0,46,m1,0,0,1.0,1.0,1.0,1.0,1.0,50.0,0.0,0.0,0.0,0.0,1.0,1.0,0.625,0.525,0.0,0.55,0.45499999999999996,False,0,0
1848,202512230440,1.0,1.0,1.0,1.0,19,m1,0,0,1.0,1.0,1.0,1.0,1.0,50.0,0.0,0.0,0.0,0.0,1.0,1.0,0.05,0.525,0.0,0.55,0.2825,False,0,0
1849,202512230441,1.0,1.0,1.0,1.0,26,m1,0,0,1.0,1.0,1.0,1.0,1.0,50.0,0.0,0.0,0.0,0.0,1.0,1.0,0.1,0.525,0.0,0.55,0.2975,False,0,0
1850,202512230442,1.0,1.0,1.0,1.0,82,m1,0,0,1.0,1.0,1.0,1.0,1.0,50.0,0.0,0.0,0.0,0.0,1.0,1.0,0.95,0.525,0.0,0.55,0.5525,False,0,0
1851,202512230443,1.0,1.0,1.0,1.0,61,m1,0,0,1.0,1.0,1.0,1.0,1.0,50.0,0.0,0.0,0.0,0.0,1.0,1.0,0.85,0.525,0.0,0.55,0.5225,False,0,0
1852,202512230444,1.0,1.0,1.0,1.0,59,m1,0,0,1.0,1.0,1.0,1.0,1.0,50.0,0.0,0.0,0.0,0.0,1.0,1.0,0.8,0.525,0.0,0.55,0.5075,False,0,0
1853,202512230445,1.0,1.0,1.0,1.0,81,m1,0,0,1.0,1.0,1.0,1.0,1.0,50.0,0.0,0.0,0.0,0.0,1.0,1.0,0.9,0.525,0.0,0.55,0.5375,False,0,0
1854,202512230446,1.0,1.0,1.0,1.0,45,m1,0,0,1.0,1.0,1.0,1.0,1.0,50.0,0.0,0.0,0.0,0.0,1.0,1.0,0.4,0.525,0.0,0.55,0.38749999999999996,False,0,0
1855,202512230447,1.0,1.0,1.0,1.0,31,m1,0,0,1.0,1.0,1.0,1.0,1.0,50.0,0.0,0.0,0.0,0.0,1.0,1.0,0.15,0.525,0.0,0.55,0.3125,False,0,0
1856,202512230448,1.0,1.0,1.0,1.0,29,m1,0,0,1.0,1.0,1.0,1.0,1.0,50.0,0.0,0.0,0.0,0.0,1.0,1.0,0.15,0.525,0.0,0.55,0.3125,False,0,0
1857,202512230449,1.0,1.0,1.0,1.0,23,m1,0,0,1.0,1.0,1.0,1.0,1.0,50.0,0.0,0.0,0.0,0.0,1.0,1.0,0.1,0.525,0.0,0.55,0.2975,False,0,0
1858,202512230450,1.0,1.0,1.0,1.0,79,m1,0,0,1.0,1.0,1.0,1.0,1.0,50.0,0.0,0.0,0.0,0.0,1.0,1.0,0.9,0.525,0.0,0.55,0.5375,False,0,0
1859,202512230451,1.0,1.0,1.0,1.0,96,m1,0,0,1.0,1.0,1.0,1.0,1.0,50.0,0.0,0.0,0.0,0.0,1.0,1.0,1.0,0.525,0.0,0.55,0.5675,False,0,0
1860,202512230452,1.0,1.0,1.0,1.0,103,m1,0,0,1.0,1.0,1.0,1.0,1.0,50.0,0.0,0.0,0.0,0.0,1.0,1.0,1.0,0.525,0.0,0.55,0.5675,False,0,0
1861,202512230453,1.0,1.0,1.0,1.0,81,m1,0,0,1.0,1.0,1.0,1.0,1.0,50.0,0.0,0.0,0.0,0.0,1.0,1.0,0.825,0.525,0.0,0.55,0.515,False,0,0
1862,202512230454,1.0,1.0,1.0,1.0,83,m1,0,0,1.0,1.0,1.0,1.0,1.0,50.0,0.0,0.0,0.0,0.0,1.0,1.0,0.9,0.525,0.0,0.55,0.5375,False,0,0
1863,202512230455,1.0,1.0,1.0,1.0,59,m1,0,0,1.0,1.0,1.0,1.0,1.0,50.0,0.0,0.0,0.0,0.0,1.0,1.0,0.575,0.525,0.0,0.55,0.43999999999999995,False,0,0
1864,202512230456,1.0,1.0,1.0,1.0,47,m1,0,0,1.0,1.0,1.0,1.0,1.0,50.0,0.0,0.0,0.0,0.0,1.0,1.0,0.5,0.525,0.0,0.55,0.4175,False,0,0
1865,202512230457,1.0,1.0,1.0,1.0,55,m1,0,0,1.0,1.0,1.0,1.0,1.0,50.0,0.0,0.0,0.0,0.0,1.0,1.0,0.5,0.525,0.0,0.55,0.4175,False,0,0
1866,202512230458,1.0,1.0,1.0,1.0,60,m1,0,0,1.0,1.0,1.0,1.0,1.0,50.0,0.0,0.0,0.0,0.0,1.0,1.0,0.6,0.525,0.0,0.55,0.4475,False,0,0
1867,202512230459,1.0,1.0,1.0,1.0,51,m1,0,0,1.0,1.0,1.0,1.0,1.0,50.0,0.0,0.0,0.0,0.0,1.0,1.0,0.4,0.525,0.0,0.55,0.38749999999999996,False,0,0
1868,202512230500,1.0,1.0,1.0,1.0,86,m1,0,0,1.0,1.0,1.0,1.0,1.0,50.0,0.0,0.0,0.0,0.0,1.0,1.0,0.9,0.525,0.0,0.55,0.5375,False,0,0
1869,202512230501,1.0,1.0,1.0,1.0,55,m1,0,0,1.0,1.0,1.0,1.0,1.0,50.0,0.0,0.0,0.0,0.0,1.0,1.0,0.375,0.525,0.0,0.55,0.38,False,0,0
1870,202512230502,1.0,1.0,1.0,1.0,59,m1,0,0,1.0,1.0,1.0,1.0,1.0,50.0,0.0,0.0,0.0,0.0,1.0,1.0,0.5,0.525,0.0,0.55,0.4175,False,0,0
1871,202512230503,1.0,1.0,1.0,1.0,79,m1,0,0,1.0,1.0,1.0,1.0,1.0,50.0,0.0,0.0,0.0,0.0,1.0,1.0,0.675,0.525,0.0,0.55,0.47,False,0,0
1872,202512230504,1.0,1.0,1.0,1.0,33,m1,0,0,1.0,1.0,1.0,1.0,1.0,50.0,0.0,0.0,0.0,0.0,1.0,1.0,0.2,0.525,0.0,0.55,0.3275,False,0,0
1873,202512230505,1.0,1.0,1.0,1.0,69,m1,0,0,1.0,1.0,1.0,1.0,1.0,50.0,0.0,0.0,0.0,0.0,1.0,1.0,0.65,0.525,0.0,0.55,0.4625,False,0,0
1874,202512230506,1.0,1.0,1.0,1.0,40,m1,0,0,1.0,1.0,1.0,1.0,1.0,50.0,0.0,0.0,0.0,0.0,1.0,1.0,0.25,0.525,0.0,0.55,0.3425,False,0,0
1875,202512230507,1.0,1.0,1.0,1.0,22,m1,0,0,1.0,1.0,1.0,1.0,1.0,50.0,0.0,0.0,0.0,0.0,1.0,1.0,0.05,0.525,0.0,0.55,0.2825,False,0,0
1876,202512230508,1.0,1.0,1.0,1.0,18,m1,0,0,1.0,1.0,1.0,1.0,1.0,50.0,0.0,0.0,0.0,0.0,1.0,1.0,0.05,0.525,0.0,0.55,0.2825,False,0,0
1877,202512230509,1.0,1.0,1.0,1.0,76,m1,0,0,1.0,1.0,1.0,1.0,1.0,50.0,0.0,0.0,0.0,0.0,1.0,1.0,0.65,0.525,0.0,0.55,0.4625,False,0,0
1878,202512230510,1.0,1.0,1.0,1.0,45,m1,0,0,1.0,1.0,1.0,1.0,1.0,50.0,0.0,0.0,0.0,0.0,1.0,1.0,0.25,0.525,0.0,0.55,0.3425,False,0,0
1879,202512230511,1.0,1.0,1.0,1.0,48,m1,0,0,1.0,1.0,1.0,1.0,1.0,50.0,0.0,0.0,0.0,0.0,1.0,1.0,0.35,0.525,0.0,0.55,0.37250000000000005,False,0,0
1880,202512230512,1.0,1.0,1.0,1.0,72,m1,0,0,1.0,1.0,1.0,1.0,1.0,50.0,0.0,0.0,0.0,0.0,1.0,1.0,0.75,0.525,0.0,0.55,0.49249999999999994,False,0,0
1881,202512230513,1.0,1.0,1.0,1.0,69,m1,0,0,1.0,1.0,1.0,1.0,1.0,50.0,0.0,0.0,0.0,0.0,1.0,1.0,0.725,0.525,0.0,0.55,0.485,False,0,0
1882,202512230514,1.0,1.0,1.0,1.0,49,m1,0,0,1.0,1.0,1.0,1.0,1.0,50.0,0.0,0.0,0.0,0.0,1.0,1.0,0.4,0.525,0.0,0.55,0.38749999999999996,False,0,0
1883,202512230515,1.0,1.0,1.0,1.0,72,m1,0,0,1.0,1.0,1.0,1.0,1.0,50.0,0.0,0.0,0.0,0.0,1.0,1.0,0.825,0.525,0.0,0.55,0.515,False,0,0
1884,202512230516,1.0,1.0,1.0,1.0,62,m1,0,0,1.0,1.0,1.0,1.0,1.0,50.0,0.0,0.0,0.0,0.0,1.0,1.0,0.65,0.525,0.0,0.55,0.4625,False,0,0
1885,202512230517,1.0,1.0,1.0,1.0,35,m1,0,0,1.0,1.0,1.0,1.0,1.0,50.0,0.0,0.0,0.0,0.0,1.0,1.0,0.2,0.525,0.0,0.55,0.3275,False,0,0
1886,202512230518,1.0,1.0,1.0,1.0,37,m1,0,0,1.0,1.0,1.0,1.0,1.0,50.0,0.0,0.0,0.0,0.0,1.0,1.0,0.25,0.525,0.0,0.55,0.3425,False,0,0
1887,202512230519,1.0,1.0,1.0,1.0,50,m1,0,0,1.0,1.0,1.0,1.0,1.0,50.0,0.0,0.0,0.0,0.0,1.0,1.0,0.5,0.525,0.0,0.55,0.4175,False,0,0
1888,202512230520,1.0,1.0,1.0,1.0,46,m1,0,0,1.0,1.0,1.0,1.0,1.0,50.0,0.0,0.0,0.0,0.0,1.0,1.0,0.4,0.525,0.0,0.55,0.38749999999999996,False,0,0
1889,202512230521,1.0,1.0,1.0,1.0,65,m1,0,0,1.0,1.0,1.0,1.0,1.0,50.0,0.0,0.0,0.0,0.0,1.0,1.0,0.7,0.525,0.0,0.55,0.47750000000000004,False,0,0
1890,202512230522,1.0,1.0,1.0,1.0,39,m1,0,0,1.0,1.0,1.0,1.0,1.0,50.0,0.0,0.0,0.0,0.0,1.0,1.0,0.3,0.525,0.0,0.55,0.35750000000000004,False,0,0
1891,202512230523,1.0,1.0,1.0,1.0,33,m1,0,0,1.0,1.0,1.0,1.0,1.0,50.0,0.0,0.0,0.0,0.0,1.0,1.0,0.175,0.525,0.0,0.55,0.32,False,0,0
1892,202512230524,1.0,1.0,1.0,1.0,25,m1,0,0,1.0,1.0,1.0,1.0,1.0,50.0,0.0,0.0,0.0,0.0,1.0,1.0,0.15,0.525,0.0,0.55,0.3125,False,0,0
1893,202512230525,1.0,1.0,1.0,1.0,45,m1,0,0,1.0,1.0,1.0,1.0,1.0,50.0,0.0,0.0,0.0,0.0,1.0,1.0,0.475,0.525,0.0,0.55,0.41000000000000003,False,0,0
1894,202512230526,1.0,1.0,1.0,1.0,46,m1,0,0,1.0,1.0,1.0,1.0,1.0,50.0,0.0,0.0,0.0,0.0,1.0,1.0,0.525,0.525,0.0,0.55,0.42500000000000004,False,0,0
1895,202512230527,1.0,1.0,1.0,1.0,56,m1,0,0,1.0,1.0,1.0,1.0,1.0,50.0,0.0,0.0,0.0,0.0,1.0,1.0,0.7,0.525,0.0,0.55,0.47750000000000004,False,0,0
1896,202512230528,1.0,1.0,1.0,1.0,56,m1,0,0,1.0,1.0,1.0,1.0,1.0,50.0,0.0,0.0,0.0,0.0,1.0,1.0,0.675,0.525,0.0,0.55,0.47,False,0,0
1897,202512230529,1.0,1.0,1.0,1.0,60,m1,0,0,1.0,1.0,1.0,1.0,1.0,50.0,0.0,0.0,0.0,0.0,1.0,1.0,0.75,0.525,0.0,0.55,0.49249999999999994,False,0,0
1898,202512230530,1.0,1.0,1.0,1.0,34,m1,0,0,1.0,1.0,1.0,1.0,1.0,50.0,0.0,0.0,0.0,0.0,1.0,1.0,0.15,0.525,0.0,0.55,0.3125,False,0,0
1899,202512230531,1.0,1.0,1.0,1.0,44,m1,0,0,1.0,1.0,1.0,1.0,1.0,50.0,0.0,0.0,0.0,0.0,1.0,1.0,0.35,0.525,0.0,0.55,0.37250000000000005,False,0,0
1900,202512230532,1.0,1.0,1.0,1.0,51,m1,0,0,1.0,1.0,1.0,1.0,1.0,50.0,0.0,0.0,0.0,0.0,1.0,1.0,0.65,0.525,0.0,0.55,0.4625,False,0,0
1901,202512230533,1.0,1.0,1.0,1.0,71,m1,0,0,1.0,1.0,1.0,1.0,1.0,50.0,0.0,0.0,0.0,0.0,1.0,1.0,0.95,0.525,0.0,0.55,0.5525,False,0,0
1902,202512230534,1.0,1.0,1.0,1.0,77,m1,0,0,1.0,1.0,1.0,1.0,1.0,50.0,0.0,0.0,0.0,0.0,1.0,1.0,1.0,0.525,0.0,0.55,0.5675,False,0,0
1903,202512230535,1.0,1.0,1.0,1.0,56,m1,0,0,1.0,1.0,1.0,1.0,1.0,50.0,0.0,0.0,0.0,0.0,1.0,1.0,0.7,0.525,0.0,0.55,0.47750000000000004,False,0,0
1904,202512230536,1.0,1.0,1.0,1.0,42,m1,0,0,1.0,1.0,1.0,1.0,1.0,50.0,0.0,0.0,0.0,0.0,1.0,1.0,0.35,0.525,0.0,0.55,0.37250000000000005,False,0,0
1905,202512230537,1.0,1.0,1.0,1.0,62,m1,0,0,1.0,1.0,1.0,1.0,1.0,50.0,0.0,0.0,0.0,0.0,1.0,1.0,0.85,0.525,0.0,0.55,0.5225,False,0,0
1906,202512230538,1.0,1.0,1.0,1.0,59,m1,0,0,1.0,1.0,1.0,1.0,1.0,50.0,0.0,0.0,0.0,0.0,1.0,1.0,0.75,0.525,0.0,0.55,0.49249999999999994,False,0,0
1907,202512230539,1.0,1.0,1.0,1.0,56,m1,0,0,1.0,1.0,1.0,1.0,1.0,50.0,0.0,0.0,0.0,0.0,1.0,1.0,0.625,0.525,0.0,0.55,0.45499999999999996,False,0,0
1908,202512230540,1.0,1.0,1.0,1.0,52,m1,0,0,1.0,1.0,1.0,1.0,1.0,50.0,0.0,0.0,0.0,0.0,1.0,1.0,0.5,0.525,0.0,0.55,0.4175,False,0,0
1909,202512230541,1.0,1.0,1.0,1.0,48,m1,0,0,1.0,1.0,1.0,1.0,1.0,50.0,0.0,0.0,0.0,0.0,1.0,1.0,0.45,0.525,0.0,0.55,0.40249999999999997,False,0,0
1910,202512230542,1.0,1.0,1.0,1.0,66,m1,0,0,1.0,1.0,1.0,1.0,1.0,50.0,0.0,0.0,0.0,0.0,1.0,1.0,0.9,0.525,0.0,0.55,0.5375,False,0,0
1911,202512230543,1.0,1.0,1.0,1.0,37,m1,0,0,1.0,1.0,1.0,1.0,1.0,50.0,0.0,0.0,0.0,0.0,1.0,1.0,0.15,0.525,0.0,0.55,0.3125,False,0,0
1912,202512230544,1.0,1.0,1.0,1.0,51,m1,0,0,1.0,1.0,1.0,1.0,1.0,50.0,0.0,0.0,0.0,0.0,1.0,1.0,0.425,0.525,0.0,0.55,0.395,False,0,0
1913,202512230545,1.0,1.0,1.0,1.0,61,m1,0,0,1.0,1.0,1.0,1.0,1.0,50.0,0.0,0.0,0.0,0.0,1.0,1.0,0.8,0.525,0.0,0.55,0.5075,False,0,0
1914,202512230546,1.0,1.0,1.0,1.0,76,m1,0,0,1.0,1.0,1.0,1.0,1.0,50.0,0.0,0.0,0.0,0.0,1.0,1.0,0.95,0.525,0.0,0.55,0.5525,False,0,0
1915,202512230547,1.0,1.0,1.0,1.0,43,m1,0,0,1.0,1.0,1.0,1.0,1.0,50.0,0.0,0.0,0.0,0.0,1.0,1.0,0.2,0.525,0.0,0.55,0.3275,False,0,0
1916,202512230548,1.0,1.0,1.0,1.0,51,m1,0,0,1.0,1.0,1.0,1.0,1.0,50.0,0.0,0.0,0.0,0.0,1.0,1.0,0.4,0.525,0.0,0.55,0.38749999999999996,False,0,0
1917,202512230549,1.0,1.0,1.0,1.0,31,m1,0,0,1.0,1.0,1.0,1.0,1.0,50.0,0.0,0.0,0.0,0.0,1.0,1.0,0.05,0.525,0.0,0.55,0.2825,False,0,0
1918,202512230550,1.0,1.0,1.0,1.0,95,m1,0,0,1.0,1.0,1.0,1.0,1.0,50.0,0.0,0.0,0.0,0.0,1.0,1.0,1.0,0.525,0.0,0.55,0.5675,False,0,0
1919,202512230551,1.0,1.0,1.0,1.0,118,m1,0,0,1.0,1.0,1.0,1.0,1.0,50.0,0.0,0.0,0.0,0.0,1.0,1.0,1.0,0.525,0.0,0.55,0.5675,False,0,0
1920,202512230552,1.0,1.0,1.0,1.0,116,m1,0,0,1.0,1.0,1.0,1.0,1.0,50.0,0.0,0.0,0.0,0.0,1.0,1.0,0.95,0.525,0.0,0.55,0.5525,False,0,0
1921,202512230553,1.0,1.0,1.0,1.0,71,m1,0,0,1.0,1.0,1.0,1.0,1.0,50.0,0.0,0.0,0.0,0.0,1.0,1.0,0.75,0.525,0.0,0.55,0.49249999999999994,False,0,0
1922,202512230554,1.0,1.0,1.0,1.0,128,m1,0,0,1.0,1.0,1.0,1.0,1.0,50.0,0.0,0.0,0.0,0.0,1.0,1.0,1.0,0.525,0.0,0.55,0.5675,False,0,0
1923,202512230555,1.0,1.0,1.0,1.0,108,m1,0,0,1.0,1.0,1.0,1.0,1.0,50.0,0.0,0.0,0.0,0.0,1.0,1.0,0.85,0.525,0.0,0.55,0.5225,False,0,0
1924,202512230556,1.0,1.0,1.0,1.0,121,m1,0,0,1.0,1.0,1.0,1.0,1.0,50.0,0.0,0.0,0.0,0.0,1.0,1.0,0.95,0.525,0.0,0.55,0.5525,False,0,0
1925,202512230557,1.0,1.0,1.0,1.0,214,m1,0,0,1.0,1.0,1.0,1.0,1.0,50.0,0.0,0.0,0.0,0.0,1.0,1.0,1.0,0.525,0.0,0.55,0.5675,False,0,0
1926,202512230558,1.0,1.0,1.0,1.0,230,m1,0,0,1.0,1.0,1.0,1.0,1.0,50.0,0.0,0.0,0.0,0.0,1.0,1.0,1.0,0.525,0.0,0.55,0.5675,False,0,0
1927,202512230559,1.0,1.0,1.0,1.0,89,m1,0,0,1.0,1.0,1.0,1.0,1.0,50.0,0.0,0.0,0.0,0.0,1.0,1.0,0.6,0.525,0.0,0.55,0.4475,False,0,0
1928,202512230600,1.0,1.0,1.0,1.0,135,m1,0,0,1.0,1.0,1.0,1.0,1.0,50.0,0.0,0.0,0.0,0.0,1.0,1.0,0.9,0.525,0.0,0.55,0.5375,False,0,0
1929,202512230601,1.0,1.0,1.0,1.0,55,m1,0,0,1.0,1.0,1.0,1.0,1.0,50.0,0.0,0.0,0.0,0.0,1.0,1.0,0.3,0.525,0.0,0.55,0.35750000000000004,False,0,0
1930,202512230602,1.0,1.0,1.0,1.0,62,m1,0,0,1.0,1.0,1.0,1.0,1.0,50.0,0.0,0.0,0.0,0.0,1.0,1.0,0.4,0.525,0.0,0.55,0.38749999999999996,False,0,0
1931,202512230603,1.0,1.0,1.0,1.0,68,m1,0,0,1.0,1.0,1.0,1.0,1.0,50.0,0.0,0.0,0.0,0.0,1.0,1.0,0.4,0.525,0.0,0.55,0.38749999999999996,False,0,0
1932,202512230604,1.0,1.0,1.0,1.0,30,m1,0,0,1.0,1.0,1.0,1.0,1.0,50.0,0.0,0.0,0.0,0.0,1.0,1.0,0.05,0.525,0.0,0.55,0.2825,False,0,0
1933,202512230605,1.0,1.0,1.0,1.0,66,m1,0,0,1.0,1.0,1.0,1.0,1.0,50.0,0.0,0.0,0.0,0.0,1.0,1.0,0.35,0.525,0.0,0.55,0.37250000000000005,False,0,0
1934,202512230606,1.0,1.0,1.0,1.0,68,m1,0,0,1.0,1.0,1.0,1.0,1.0,50.0,0.0,0.0,0.0,0.0,1.0,1.0,0.425,0.525,0.0,0.55,0.395,False,0,0
1935,202512230607,1.0,1.0,1.0,1.0,41,m1,0,0,1.0,1.0,1.0,1.0,1.0,50.0,0.0,0.0,0.0,0.0,1.0,1.0,0.15,0.525,0.0,0.55,0.3125,False,0,0
1936,202512230608,1.0,1.0,1.0,1.0,41,m1,0,0,1.0,1.0,1.0,1.0,1.0,50.0,0.0,0.0,0.0,0.0,1.0,1.0,0.175,0.525,0.0,0.55,0.32,False,0,0
1937,202512230609,1.0,1.0,1.0,1.0,49,m1,0,0,1.0,1.0,1.0,1.0,1.0,50.0,0.0,0.0,0.0,0.0,1.0,1.0,0.2,0.525,0.0,0.55,0.3275,False,0,0
1938,202512230610,1.0,1.0,1.0,1.0,65,m1,0,0,1.0,1.0,1.0,1.0,1.0,50.0,0.0,0.0,0.0,0.0,1.0,1.0,0.35,0.525,0.0,0.55,0.37250000000000005,False,0,0
1939,202512230611,1.0,1.0,1.0,1.0,67,m1,0,0,1.0,1.0,1.0,1.0,1.0,50.0,0.0,0.0,0.0,0.0,1.0,1.0,0.45,0.525,0.0,0.55,0.40249999999999997,False,0,0
1940,202512230612,1.0,1.0,1.0,1.0,31,m1,0,0,1.0,1.0,1.0,1.0,1.0,50.0,0.0,0.0,0.0,0.0,1.0,1.0,0.1,0.525,0.0,0.55,0.2975,False,0,0
1941,202512230613,1.0,1.0,1.0,1.0,79,m1,0,0,1.0,1.0,1.0,1.0,1.0,50.0,0.0,0.0,0.0,0.0,1.0,1.0,0.65,0.525,0.0,0.55,0.4625,False,0,0
1942,202512230614,1.0,1.0,1.0,1.0,45,m1,0,0,1.0,1.0,1.0,1.0,1.0,50.0,0.0,0.0,0.0,0.0,1.0,1.0,0.25,0.525,0.0,0.55,0.3425,False,0,0
1943,202512230615,1.0,1.0,1.0,1.0,42,m1,0,0,1.0,1.0,1.0,1.0,1.0,50.0,0.0,0.0,0.0,0.0,1.0,1.0,0.25,0.525,0.0,0.55,0.3425,False,0,0
1944,202512230616,1.0,1.0,1.0,1.0,52,m1,0,0,1.0,1.0,1.0,1.0,1.0,50.0,0.0,0.0,0.0,0.0,1.0,1.0,0.4,0.525,0.0,0.55,0.38749999999999996,False,0,0
1945,202512230617,1.0,1.0,1.0,1.0,45,m1,0,0,1.0,1.0,1.0,1.0,1.0,50.0,0.0,0.0,0.0,0.0,1.0,1.0,0.325,0.525,0.0,0.55,0.365,False,0,0
1946,202512230618,1.0,1.0,1.0,1.0,45,m1,0,0,1.0,1.0,1.0,1.0,1.0,50.0,0.0,0.0,0.0,0.0,1.0,1.0,0.35,0.525,0.0,0.55,0.37250000000000005,False,0,0
1947,202512230619,1.0,1.0,1.0,1.0,28,m1,0,0,1.0,1.0,1.0,1.0,1.0,50.0,0.0,0.0,0.0,0.0,1.0,1.0,0.05,0.525,0.0,0.55,0.2825,False,0,0
1948,202512230620,1.0,1.0,1.0,1.0,49,m1,0,0,1.0,1.0,1.0,1.0,1.0,50.0,0.0,0.0,0.0,0.0,1.0,1.0,0.525,0.525,0.0,0.55,0.42500000000000004,False,0,0
1949,202512230621,1.0,1.0,1.0,1.0,21,m1,0,0,1.0,1.0,1.0,1.0,1.0,50.0,0.0,0.0,0.0,0.0,1.0,1.0,0.05,0.525,0.0,0.55,0.2825,False,0,0
1950,202512230622,1.0,1.0,1.0,1.0,38,m1,0,0,1.0,1.0,1.0,1.0,1.0,50.0,0.0,0.0,0.0,0.0,1.0,1.0,0.25,0.525,0.0,0.55,0.3425,False,0,0
1951,202512230623,1.0,1.0,1.0,1.0,49,m1,0,0,1.0,1.0,1.0,1.0,1.0,50.0,0.0,0.0,0.0,0.0,1.0,1.0,0.65,0.525,0.0,0.55,0.4625,False,0,0
1952,202512230624,1.0,1.0,1.0,1.0,32,m1,0,0,1.0,1.0,1.0,1.0,1.0,50.0,0.0,0.0,0.0,0.0,1.0,1.0,0.2,0.525,0.0,0.55,0.3275,False,0,0
1953,202512230625,1.0,1.0,1.0,1.0,4,m1,0,0,1.0,1.0,1.0,1.0,1.0,50.0,0.0,0.0,0.0,0.0,1.0,1.0,0.05,0.525,0.0,0.55,0.2825,False,0,0
1954,202512230626,1.0,1.0,1.0,1.0,46,m1,0,0,1.0,1.0,1.0,1.0,1.0,50.0,0.0,0.0,0.0,0.0,1.0,1.0,0.65,0.525,0.0,0.55,0.4625,False,0,0
1955,202512230627,1.0,1.0,1.0,1.0,63,m1,0,0,1.0,1.0,1.0,1.0,1.0,50.0,0.0,0.0,0.0,0.0,1.0,1.0,0.85,0.525,0.0,0.55,0.5225,False,0,0
1956,202512230628,1.0,1.0,1.0,1.0,32,m1,0,0,1.0,1.0,1.0,1.0,1.0,50.0,0.0,0.0,0.0,0.0,1.0,1.0,0.275,0.525,0.0,0.55,0.35,False,0,0
1957,202512230629,1.0,1.0,1.0,1.0,47,m1,0,0,1.0,1.0,1.0,1.0,1.0,50.0,0.0,0.0,0.0,0.0,1.0,1.0,0.65,0.525,0.0,0.55,0.4625,False,0,0
1958,202512230630,1.0,1.0,1.0,1.0,61,m1,0,0,1.0,1.0,1.0,1.0,1.0,50.0,0.0,0.0,0.0,0.0,1.0,1.0,0.85,0.525,0.0,0.55,0.5225,False,0,0
1959,202512230631,1.0,1.0,1.0,1.0,77,m1,0,0,1.0,1.0,1.0,1.0,1.0,50.0,0.0,0.0,0.0,0.0,1.0,1.0,0.95,0.525,0.0,0.55,0.5525,False,0,0
1960,202512230632,1.0,1.0,1.0,1.0,104,m1,0,0,1.0,1.0,1.0,1.0,1.0,50.0,0.0,0.0,0.0,0.0,1.0,1.0,1.0,0.525,0.0,0.55,0.5675,False,0,0
1961,202512230633,1.0,1.0,1.0,1.0,98,m1,0,0,1.0,1.0,1.0,1.0,1.0,50.0,0.0,0.0,0.0,0.0,1.0,1.0,0.95,0.525,0.0,0.55,0.5525,False,0,0
1962,202512230634,1.0,1.0,1.0,1.0,82,m1,0,0,1.0,1.0,1.0,1.0,1.0,50.0,0.0,0.0,0.0,0.0,1.0,1.0,0.9,0.525,0.0,0.55,0.5375,False,0,0
1963,202512230635,1.0,1.0,1.0,1.0,156,m1,0,0,1.0,1.0,1.0,1.0,1.0,50.0,0.0,0.0,0.0,0.0,1.0,1.0,1.0,0.525,0.0,0.55,0.5675,False,0,0
1964,202512230636,1.0,1.0,1.0,1.0,71,m1,0,0,1.0,1.0,1.0,1.0,1.0,50.0,0.0,0.0,0.0,0.0,1.0,1.0,0.75,0.525,0.0,0.55,0.49249999999999994,False,0,0
1965,202512230637,1.0,1.0,1.0,1.0,60,m1,0,0,1.0,1.0,1.0,1.0,1.0,50.0,0.0,0.0,0.0,0.0,1.0,1.0,0.6,0.525,0.0,0.55,0.4475,False,0,0
1966,202512230638,1.0,1.0,1.0,1.0,71,m1,0,0,1.0,1.0,1.0,1.0,1.0,50.0,0.0,0.0,0.0,0.0,1.0,1.0,0.725,0.525,0.0,0.55,0.485,False,0,0
1967,202512230639,1.0,1.0,1.0,1.0,76,m1,0,0,1.0,1.0,1.0,1.0,1.0,50.0,0.0,0.0,0.0,0.0,1.0,1.0,0.75,0.525,0.0,0.55,0.49249999999999994,False,0,0
1968,202512230640,1.0,1.0,1.0,1.0,81,m1,0,0,1.0,1.0,1.0,1.0,1.0,50.0,0.0,0.0,0.0,0.0,1.0,1.0,0.8,0.525,0.0,0.55,0.5075,False,0,0
1969,202512230641,1.0,1.0,1.0,1.0,62,m1,0,0,1.0,1.0,1.0,1.0,1.0,50.0,0.0,0.0,0.0,0.0,1.0,1.0,0.5,0.525,0.0,0.55,0.4175,False,0,0
1970,202512230642,1.0,1.0,1.0,1.0,28,m1,0,0,1.0,1.0,1.0,1.0,1.0,50.0,0.0,0.0,0.0,0.0,1.0,1.0,0.1,0.525,0.0,0.55,0.2975,False,0,0
1971,202512230643,1.0,1.0,1.0,1.0,26,m1,0,0,1.0,1.0,1.0,1.0,1.0,50.0,0.0,0.0,0.0,0.0,1.0,1.0,0.1,0.525,0.0,0.55,0.2975,False,0,0
1972,202512230644,1.0,1.0,1.0,1.0,50,m1,0,0,1.0,1.0,1.0,1.0,1.0,50.0,0.0,0.0,0.0,0.0,1.0,1.0,0.35,0.525,0.0,0.55,0.37250000000000005,False,0,0
1973,202512230645,1.0,1.0,1.0,1.0,50,m1,0,0,1.0,1.0,1.0,1.0,1.0,50.0,0.0,0.0,0.0,0.0,1.0,1.0,0.325,0.525,0.0,0.55,0.365,False,0,0
1974,202512230646,1.0,1.0,1.0,1.0,55,m1,0,0,1.0,1.0,1.0,1.0,1.0,50.0,0.0,0.0,0.0,0.0,1.0,1.0,0.35,0.525,0.0,0.55,0.37250000000000005,False,0,0
1975,202512230647,1.0,1.0,1.0,1.0,34,m1,0,0,1.0,1.0,1.0,1.0,1.0,50.0,0.0,0.0,0.0,0.0,1.0,1.0,0.2,0.525,0.0,0.55,0.3275,False,0,0
1976,202512230648,1.0,1.0,1.0,1.0,36,m1,0,0,1.0,1.0,1.0,1.0,1.0,50.0,0.0,0.0,0.0,0.0,1.0,1.0,0.2,0.525,0.0,0.55,0.3275,False,0,0
1977,202512230649,1.0,1.0,1.0,1.0,44,m1,0,0,1.0,1.0,1.0,1.0,1.0,50.0,0.0,0.0,0.0,0.0,1.0,1.0,0.25,0.525,0.0,0.55,0.3425,False,0,0
1978,202512230650,1.0,1.0,1.0,1.0,40,m1,0,0,1.0,1.0,1.0,1.0,1.0,50.0,0.0,0.0,0.0,0.0,1.0,1.0,0.25,0.525,0.0,0.55,0.3425,False,0,0
1979,202512230651,1.0,1.0,1.0,1.0,47,m1,0,0,1.0,1.0,1.0,1.0,1.0,50.0,0.0,0.0,0.0,0.0,1.0,1.0,0.35,0.525,0.0,0.55,0.37250000000000005,False,0,0
1980,202512230652,1.0,1.0,1.0,1.0,95,m1,0,0,1.0,1.0,1.0,1.0,1.0,50.0,0.0,0.0,0.0,0.0,1.0,1.0,0.9,0.525,0.0,0.55,0.5375,False,0,0
1981,202512230653,1.0,1.0,1.0,1.0,122,m1,0,0,1.0,1.0,1.0,1.0,1.0,50.0,0.0,0.0,0.0,0.0,1.0,1.0,0.95,0.525,0.0,0.55,0.5525,False,0,0
1982,202512230654,1.0,1.0,1.0,1.0,80,m1,0,0,1.0,1.0,1.0,1.0,1.0,50.0,0.0,0.0,0.0,0.0,1.0,1.0,0.8,0.525,0.0,0.55,0.5075,False,0,0
1983,202512230655,1.0,1.0,1.0,1.0,85,m1,0,0,1.0,1.0,1.0,1.0,1.0,50.0,0.0,0.0,0.0,0.0,1.0,1.0,0.9,0.525,0.0,0.55,0.5375,False,0,0
1984,202512230656,1.0,1.0,1.0,1.0,63,m1,0,0,1.0,1.0,1.0,1.0,1.0,50.0,0.0,0.0,0.0,0.0,1.0,1.0,0.65,0.525,0.0,0.55,0.4625,False,0,0
1985,202512230657,1.0,1.0,1.0,1.0,37,m1,0,0,1.0,1.0,1.0,1.0,1.0,50.0,0.0,0.0,0.0,0.0,1.0,1.0,0.25,0.525,0.0,0.55,0.3425,False,0,0
1986,202512230658,1.0,1.0,1.0,1.0,104,m1,0,0,1.0,1.0,1.0,1.0,1.0,50.0,0.0,0.0,0.0,0.0,1.0,1.0,0.95,0.525,0.0,0.55,0.5525,False,0,0
1987,202512230659,1.0,1.0,1.0,1.0,76,m1,0,0,1.0,1.0,1.0,1.0,1.0,50.0,0.0,0.0,0.0,0.0,1.0,1.0,0.7,0.525,0.0,0.55,0.47750000000000004,False,0,0
1988,202512230700,1.0,1.0,1.0,1.0,196,m1,0,0,1.0,1.0,1.0,1.0,1.0,50.0,0.0,0.0,0.0,0.0,1.0,1.0,1.0,0.525,0.0,0.55,0.5675,False,0,0
1989,202512230701,1.0,1.0,1.0,1.0,196,m1,0,0,1.0,1.0,1.0,1.0,1.0,50.0,0.0,0.0,0.0,0.0,1.0,1.0,0.975,0.525,0.0,0.55,0.5599999999999999,False,0,0
1990,202512230702,1.0,1.0,1.0,1.0,218,m1,0,0,1.0,1.0,1.0,1.0,1.0,50.0,0.0,0.0,0.0,0.0,1.0,1.0,1.0,0.525,0.0,0.55,0.5675,False,0,0
1991,202512230703,1.0,1.0,1.0,1.0,117,m1,0,0,1.0,1.0,1.0,1.0,1.0,50.0,0.0,0.0,0.0,0.0,1.0,1.0,0.8,0.525,0.0,0.55,0.5075,False,0,0
1992,202512230704,1.0,1.0,1.0,1.0,129,m1,0,0,1.0,1.0,1.0,1.0,1.0,50.0,0.0,0.0,0.0,0.0,1.0,1.0,0.85,0.525,0.0,0.55,0.5225,False,0,0
1993,202512230705,1.0,1.0,1.0,1.0,67,m1,0,0,1.0,1.0,1.0,1.0,1.0,50.0,0.0,0.0,0.0,0.0,1.0,1.0,0.45,0.525,0.0,0.55,0.40249999999999997,False,0,0
1994,202512230706,1.0,1.0,1.0,1.0,82,m1,0,0,1.0,1.0,1.0,1.0,1.0,50.0,0.0,0.0,0.0,0.0,1.0,1.0,0.55,0.525,0.0,0.55,0.4325,False,0,0
1995,202512230707,1.0,1.0,1.0,1.0,126,m1,0,0,1.0,1.0,1.0,1.0,1.0,50.0,0.0,0.0,0.0,0.0,1.0,1.0,0.8,0.525,0.0,0.55,0.5075,False,0,0
1996,202512230708,1.0,1.0,1.0,1.0,96,m1,0,0,1.0,1.0,1.0,1.0,1.0,50.0,0.0,0.0,0.0,0.0,1.0,1.0,0.6,0.525,0.0,0.55,0.4475,False,0,0
1997,202512230709,1.0,1.0,1.0,1.0,96,m1,0,0,1.0,1.0,1.0,1.0,1.0,50.0,0.0,0.0,0.0,0.0,1.0,1.0,0.575,0.525,0.0,0.55,0.43999999999999995,False,0,0
1998,202512230710,1.0,1.0,1.0,1.0,59,m1,0,0,1.0,1.0,1.0,1.0,1.0,50.0,0.0,0.0,0.0,0.0,1.0,1.0,0.15,0.525,0.0,0.55,0.3125,False,0,0
1999,202512230711,1.0,1.0,1.0,1.0,75,m1,0,0,1.0,1.0,1.0,1.0,1.0,50.0,0.0,0.0,0.0,0.0,1.0,1.0,0.25,0.525,0.0,0.55,0.3425,False,0,0
2000,202512230712,1.0,1.0,1.0,1.0,122,m1,0,0,1.0,1.0,1.0,1.0,1.0,50.0,0.0,0.0,0.0,0.0,1.0,1.0,0.725,0.525,0.0,0.55,0.485,False,0,0
2001,202512230713,1.0,1.0,1.0,1.0,110,m1,0,0,1.0,1.0,1.0,1.0,1.0,50.0,0.0,0.0,0.0,0.0,1.0,1.0,0.65,0.525,0.0,0.55,0.4625,False,0,0
2002,202512230714,1.0,1.0,1.0,1.0,133,m1,0,0,1.0,1.0,1.0,1.0,1.0,50.0,0.0,0.0,0.0,0.0,1.0,1.0,0.85,0.525,0.0,0.55,0.5225,False,0,0
2003,202512230715,1.0,1.0,1.0,1.0,67,m1,0,0,1.0,1.0,1.0,1.0,1.0,50.0,0.0,0.0,0.0,0.0,1.0,1.0,0.225,0.525,0.0,0.55,0.335,False,0,0
2004,202512230716,1.0,1.0,1.0,1.0,91,m1,0,0,1.0,1.0,1.0,1.0,1.0,50.0,0.0,0.0,0.0,0.0,1.0,1.0,0.4,0.525,0.0,0.55,0.38749999999999996,False,0,0
2005,202512230717,1.0,1.0,1.0,1.0,80,m1,0,0,1.0,1.0,1.0,1.0,1.0,50.0,0.0,0.0,0.0,0.0,1.0,1.0,0.3,0.525,0.0,0.55,0.35750000000000004,False,0,0
2006,202512230718,1.0,1.0,1.0,1.0,89,m1,0,0,1.0,1.0,1.0,1.0,1.0,50.0,0.0,0.0,0.0,0.0,1.0,1.0,0.4,0.525,0.0,0.55,0.38749999999999996,False,0,0
2007,202512230719,1.0,1.0,1.0,1.0,134,m1,0,0,1.0,1.0,1.0,1.0,1.0,50.0,0.0,0.0,0.0,0.0,1.0,1.0,0.85,0.525,0.0,0.55,0.5225,False,0,0
2008,202512230720,1.0,1.0,1.0,1.0,114,m1,0,0,1.0,1.0,1.0,1.0,1.0,50.0,0.0,0.0,0.0,0.0,1.0,1.0,0.6,0.525,0.0,0.55,0.4475,False,0,0
2009,202512230721,1.0,1.0,1.0,1.0,120,m1,0,0,1.0,1.0,1.0,1.0,1.0,50.0,0.0,0.0,0.0,0.0,1.0,1.0,0.7,0.525,0.0,0.55,0.47750000000000004,False,0,0
2010,202512230722,1.0,1.0,1.0,1.0,83,m1,0,0,1.0,1.0,1.0,1.0,1.0,50.0,0.0,0.0,0.0,0.0,1.0,1.0,0.35,0.525,0.0,0.55,0.37250000000000005,False,0,0
2011,202512230723,1.0,1.0,1.0,1.0,85,m1,0,0,1.0,1.0,1.0,1.0,1.0,50.0,0.0,0.0,0.0,0.0,1.0,1.0,0.4,0.525,0.0,0.55,0.38749999999999996,False,0,0
2012,202512230724,1.0,1.0,1.0,1.0,250,m1,0,0,1.0,1.0,1.0,1.0,1.0,50.0,0.0,0.0,0.0,0.0,1.0,1.0,1.0,0.525,0.0,0.55,0.5675,False,0,0
2013,202512230725,1.0,1.0,1.0,1.0,106,m1,0,0,1.0,1.0,1.0,1.0,1.0,50.0,0.0,0.0,0.0,0.0,1.0,1.0,0.6,0.525,0.0,0.55,0.4475,False,0,0
2014,202512230726,1.0,1.0,1.0,1.0,84,m1,0,0,1.0,1.0,1.0,1.0,1.0,50.0,0.0,0.0,0.0,0.0,1.0,1.0,0.3,0.525,0.0,0.55,0.35750000000000004,False,0,0
2015,202512230727,1.0,1.0,1.0,1.0,57,m1,0,0,1.0,1.0,1.0,1.0,1.0,50.0,0.0,0.0,0.0,0.0,1.0,1.0,0.05,0.525,0.0,0.55,0.2825,False,0,0
2016,202512230728,1.0,1.0,1.0,1.0,67,m1,0,0,1.0,1.0,1.0,1.0,1.0,50.0,0.0,0.0,0.0,0.0,1.0,1.0,0.175,0.525,0.0,0.55,0.32,False,0,0
2017,202512230729,1.0,1.0,1.0,1.0,62,m1,0,0,1.0,1.0,1.0,1.0,1.0,50.0,0.0,0.0,0.0,0.0,1.0,1.0,0.15,0.525,0.0,0.55,0.3125,False,0,0
2018,202512230730,1.0,1.0,1.0,1.0,107,m1,0,0,1.0,1.0,1.0,1.0,1.0,50.0,0.0,0.0,0.0,0.0,1.0,1.0,0.65,0.525,0.0,0.55,0.4625,False,0,0
2019,202512230731,1.0,1.0,1.0,1.0,136,m1,0,0,1.0,1.0,1.0,1.0,1.0,50.0,0.0,0.0,0.0,0.0,1.0,1.0,0.95,0.525,0.0,0.55,0.5525,False,0,0
2020,202512230732,1.0,1.0,1.0,1.0,126,m1,0,0,1.0,1.0,1.0,1.0,1.0,50.0,0.0,0.0,0.0,0.0,1.0,1.0,0.8,0.525,0.0,0.55,0.5075,False,0,0
2021,202512230733,1.0,1.0,1.0,1.0,60,m1,0,0,1.0,1.0,1.0,1.0,1.0,50.0,0.0,0.0,0.0,0.0,1.0,1.0,0.1,0.525,0.0,0.55,0.2975,False,0,0
2022,202512230734,1.0,1.0,1.0,1.0,129,m1,0,0,1.0,1.0,1.0,1.0,1.0,50.0,0.0,0.0,0.0,0.0,1.0,1.0,0.85,0.525,0.0,0.55,0.5225,False,0,0
2023,202512230735,1.0,1.0,1.0,1.0,88,m1,0,0,1.0,1.0,1.0,1.0,1.0,50.0,0.0,0.0,0.0,0.0,1.0,1.0,0.45,0.525,0.0,0.55,0.40249999999999997,False,0,0
2024,202512230736,1.0,1.0,1.0,1.0,134,m1,0,0,1.0,1.0,1.0,1.0,1.0,50.0,0.0,0.0,0.0,0.0,1.0,1.0,0.875,0.525,0.0,0.55,0.53,False,0,0
2025,202512230737,1.0,1.0,1.0,1.0,134,m1,0,0,1.0,1.0,1.0,1.0,1.0,50.0,0.0,0.0,0.0,0.0,1.0,1.0,0.85,0.525,0.0,0.55,0.5225,False,0,0
2026,202512230738,1.0,1.0,1.0,1.0,120,m1,0,0,1.0,1.0,1.0,1.0,1.0,50.0,0.0,0.0,0.0,0.0,1.0,1.0,0.625,0.525,0.0,0.55,0.45499999999999996,False,0,0
2027,202512230739,1.0,1.0,1.0,1.0,89,m1,0,0,1.0,1.0,1.0,1.0,1.0,50.0,0.0,0.0,0.0,0.0,1.0,1.0,0.45,0.525,0.0,0.55,0.40249999999999997,False,0,0
2028,202512230740,1.0,1.0,1.0,1.0,99,m1,0,0,1.0,1.0,1.0,1.0,1.0,50.0,0.0,0.0,0.0,0.0,1.0,1.0,0.5,0.525,0.0,0.55,0.4175,False,0,0
2029,202512230741,1.0,1.0,1.0,1.0,121,m1,0,0,1.0,1.0,1.0,1.0,1.0,50.0,0.0,0.0,0.0,0.0,1.0,1.0,0.7,0.525,0.0,0.55,0.47750000000000004,False,0,0
2030,202512230742,1.0,1.0,1.0,1.0,132,m1,0,0,1.0,1.0,1.0,1.0,1.0,50.0,0.0,0.0,0.0,0.0,1.0,1.0,0.8,0.525,0.0,0.55,0.5075,False,0,0
2031,202512230743,1.0,1.0,1.0,1.0,131,m1,0,0,1.0,1.0,1.0,1.0,1.0,50.0,0.0,0.0,0.0,0.0,1.0,1.0,0.75,0.525,0.0,0.55,0.49249999999999994,False,0,0
2032,202512230744,1.0,1.0,1.0,1.0,133,m1,0,0,1.0,1.0,1.0,1.0,1.0,50.0,0.0,0.0,0.0,0.0,1.0,1.0,0.85,0.525,0.0,0.55,0.5225,False,0,0
2033,202512230745,1.0,1.0,1.0,1.0,130,m1,0,0,1.0,1.0,1.0,1.0,1.0,50.0,0.0,0.0,0.0,0.0,1.0,1.0,0.7,0.525,0.0,0.55,0.47750000000000004,False,0,0
2034,202512230746,1.0,1.0,1.0,1.0,86,m1,0,0,1.0,1.0,1.0,1.0,1.0,50.0,0.0,0.0,0.0,0.0,1.0,1.0,0.25,0.525,0.0,0.55,0.3425,False,0,0
2035,202512230747,1.0,1.0,1.0,1.0,72,m1,0,0,1.0,1.0,1.0,1.0,1.0,50.0,0.0,0.0,0.0,0.0,1.0,1.0,0.2,0.525,0.0,0.55,0.3275,False,0,0
2036,202512230748,1.0,1.0,1.0,1.0,91,m1,0,0,1.0,1.0,1.0,1.0,1.0,50.0,0.0,0.0,0.0,0.0,1.0,1.0,0.35,0.525,0.0,0.55,0.37250000000000005,False,0,0
2037,202512230749,1.0,1.0,1.0,1.0,84,m1,0,0,1.0,1.0,1.0,1.0,1.0,50.0,0.0,0.0,0.0,0.0,1.0,1.0,0.15,0.525,0.0,0.55,0.3125,False,0,0
2038,202512230750,1.0,1.0,1.0,1.0,79,m1,0,0,1.0,1.0,1.0,1.0,1.0,50.0,0.0,0.0,0.0,0.0,1.0,1.0,0.15,0.525,0.0,0.55,0.3125,False,0,0
2039,202512230751,1.0,1.0,1.0,1.0,55,m1,0,0,1.0,1.0,1.0,1.0,1.0,50.0,0.0,0.0,0.0,0.0,1.0,1.0,0.05,0.525,0.0,0.55,0.2825,False,0,0
2040,202512230752,1.0,1.0,1.0,1.0,81,m1,0,0,1.0,1.0,1.0,1.0,1.0,50.0,0.0,0.0,0.0,0.0,1.0,1.0,0.25,0.525,0.0,0.55,0.3425,False,0,0
2041,202512230753,1.0,1.0,1.0,1.0,96,m1,0,0,1.0,1.0,1.0,1.0,1.0,50.0,0.0,0.0,0.0,0.0,1.0,1.0,0.5,0.525,0.0,0.55,0.4175,False,0,0
2042,202512230754,1.0,1.0,1.0,1.0,83,m1,0,0,1.0,1.0,1.0,1.0,1.0,50.0,0.0,0.0,0.0,0.0,1.0,1.0,0.25,0.525,0.0,0.55,0.3425,False,0,0
2043,202512230755,1.0,1.0,1.0,1.0,201,m1,0,0,1.0,1.0,1.0,1.0,1.0,50.0,0.0,0.0,0.0,0.0,1.0,1.0,1.0,0.525,0.0,0.55,0.5675,False,0,0
2044,202512230756,1.0,1.0,1.0,1.0,154,m1,0,0,1.0,1.0,1.0,1.0,1.0,50.0,0.0,0.0,0.0,0.0,1.0,1.0,0.95,0.525,0.0,0.55,0.5525,False,0,0
2045,202512230757,1.0,1.0,1.0,1.0,214,m1,0,0,1.0,1.0,1.0,1.0,1.0,50.0,0.0,0.0,0.0,0.0,1.0,1.0,1.0,0.525,0.0,0.55,0.5675,False,0,0
2046,202512230758,1.0,1.0,1.0,1.0,209,m1,0,0,1.0,1.0,1.0,1.0,1.0,50.0,0.0,0.0,0.0,0.0,1.0,1.0,0.95,0.525,0.0,0.55,0.5525,False,0,0
2047,202512230759,1.0,1.0,1.0,1.0,193,m1,0,0,1.0,1.0,1.0,1.0,1.0,50.0,0.0,0.0,0.0,0.0,1.0,1.0,0.85,0.525,0.0,0.55,0.5225,False,0,0
2048,202512230800,1.0,1.0,1.0,1.0,402,m1,0,0,1.0,1.0,1.0,1.0,1.0,50.0,0.0,0.0,0.0,0.0,1.0,1.0,1.0,0.525,0.0,0.55,0.5675,False,0,0
2049,202512230801,1.0,1.0,1.0,1.0,332,m1,0,0,1.0,1.0,1.0,1.0,1.0,50.0,0.0,0.0,0.0,0.0,1.0,1.0,0.95,0.525,0.0,0.55,0.5525,False,0,0
2050,202512230802,1.0,1.0,1.0,1.0,188,m1,0,0,1.0,1.0,1.0,1.0,1.0,50.0,0.0,0.0,0.0,0.0,1.0,1.0,0.7,0.525,0.0,0.55,0.47750000000000004,False,0,0
2051,202512230803,1.0,1.0,1.0,1.0,239,m1,0,0,1.0,1.0,1.0,1.0,1.0,50.0,0.0,0.0,0.0,0.0,1.0,1.0,0.9,0.525,0.0,0.55,0.5375,False,0,0
2052,202512230804,1.0,1.0,1.0,1.0,213,m1,0,0,1.0,1.0,1.0,1.0,1.0,50.0,0.0,0.0,0.0,0.0,1.0,1.0,0.8,0.525,0.0,0.55,0.5075,False,0,0
2053,202512230805,1.0,1.0,1.0,1.0,276,m1,0,0,1.0,1.0,1.0,1.0,1.0,50.0,0.0,0.0,0.0,0.0,1.0,1.0,0.9,0.525,0.0,0.55,0.5375,False,0,0
2054,202512230806,1.0,1.0,1.0,1.0,131,m1,0,0,1.0,1.0,1.0,1.0,1.0,50.0,0.0,0.0,0.0,0.0,1.0,1.0,0.45,0.525,0.0,0.55,0.40249999999999997,False,0,0
2055,202512230807,1.0,1.0,1.0,1.0,140,m1,0,0,1.0,1.0,1.0,1.0,1.0,50.0,0.0,0.0,0.0,0.0,1.0,1.0,0.45,0.525,0.0,0.55,0.40249999999999997,False,0,0
2056,202512230808,1.0,1.0,1.0,1.0,158,m1,0,0,1.0,1.0,1.0,1.0,1.0,50.0,0.0,0.0,0.0,0.0,1.0,1.0,0.5,0.525,0.0,0.55,0.4175,False,0,0
2057,202512230809,1.0,1.0,1.0,1.0,173,m1,0,0,1.0,1.0,1.0,1.0,1.0,50.0,0.0,0.0,0.0,0.0,1.0,1.0,0.5,0.525,0.0,0.55,0.4175,False,0,0
2058,202512230810,1.0,1.0,1.0,1.0,134,m1,0,0,1.0,1.0,1.0,1.0,1.0,50.0,0.0,0.0,0.0,0.0,1.0,1.0,0.3,0.525,0.0,0.55,0.35750000000000004,False,0,0
2059,202512230811,1.0,1.0,1.0,1.0,150,m1,0,0,1.0,1.0,1.0,1.0,1.0,50.0,0.0,0.0,0.0,0.0,1.0,1.0,0.35,0.525,0.0,0.55,0.37250000000000005,False,0,0
2060,202512230812,1.0,1.0,1.0,1.0,82,m1,0,0,1.0,1.0,1.0,1.0,1.0,50.0,0.0,0.0,0.0,0.0,1.0,1.0,0.05,0.525,0.0,0.55,0.2825,False,0,0
2061,202512230813,1.0,1.0,1.0,1.0,112,m1,0,0,1.0,1.0,1.0,1.0,1.0,50.0,0.0,0.0,0.0,0.0,1.0,1.0,0.15,0.525,0.0,0.55,0.3125,False,0,0
2062,202512230814,1.0,1.0,1.0,1.0,143,m1,0,0,1.0,1.0,1.0,1.0,1.0,50.0,0.0,0.0,0.0,0.0,1.0,1.0,0.3,0.525,0.0,0.55,0.35750000000000004,False,0,0
2063,202512230815,1.0,1.0,1.0,1.0,149,m1,0,0,1.0,1.0,1.0,1.0,1.0,50.0,0.0,0.0,0.0,0.0,1.0,1.0,0.35,0.525,0.0,0.55,0.37250000000000005,False,0,0
2064,202512230816,1.0,1.0,1.0,1.0,151,m1,0,0,1.0,1.0,1.0,1.0,1.0,50.0,0.0,0.0,0.0,0.0,1.0,1.0,0.45,0.525,0.0,0.55,0.40249999999999997,False,0,0
2065,202512230817,1.0,1.0,1.0,1.0,68,m1,0,0,1.0,1.0,1.0,1.0,1.0,50.0,0.0,0.0,0.0,0.0,1.0,1.0,0.05,0.525,0.0,0.55,0.2825,False,0,0
2066,202512230818,1.0,1.0,1.0,1.0,125,m1,0,0,1.0,1.0,1.0,1.0,1.0,50.0,0.0,0.0,0.0,0.0,1.0,1.0,0.2,0.525,0.0,0.55,0.3275,False,0,0
2067,202512230819,1.0,1.0,1.0,1.0,168,m1,0,0,1.0,1.0,1.0,1.0,1.0,50.0,0.0,0.0,0.0,0.0,1.0,1.0,0.65,0.525,0.0,0.55,0.4625,False,0,0
2068,202512230820,1.0,1.0,1.0,1.0,112,m1,0,0,1.0,1.0,1.0,1.0,1.0,50.0,0.0,0.0,0.0,0.0,1.0,1.0,0.175,0.525,0.0,0.55,0.32,False,0,0
2069,202512230821,1.0,1.0,1.0,1.0,232,m1,0,0,1.0,1.0,1.0,1.0,1.0,50.0,0.0,0.0,0.0,0.0,1.0,1.0,0.9,0.525,0.0,0.55,0.5375,False,0,0
2070,202512230822,1.0,1.0,1.0,1.0,163,m1,0,0,1.0,1.0,1.0,1.0,1.0,50.0,0.0,0.0,0.0,0.0,1.0,1.0,0.7,0.525,0.0,0.55,0.47750000000000004,False,0,0
2071,202512230823,1.0,1.0,1.0,1.0,133,m1,0,0,1.0,1.0,1.0,1.0,1.0,50.0,0.0,0.0,0.0,0.0,1.0,1.0,0.35,0.525,0.0,0.55,0.37250000000000005,False,0,0
2072,202512230824,1.0,1.0,1.0,1.0,48,m1,0,0,1.0,1.0,1.0,1.0,1.0,50.0,0.0,0.0,0.0,0.0,1.0,1.0,0.05,0.525,0.0,0.55,0.2825,False,0,0
2073,202512230825,1.0,1.0,1.0,1.0,176,m1,0,0,1.0,1.0,1.0,1.0,1.0,50.0,0.0,0.0,0.0,0.0,1.0,1.0,0.95,0.525,0.0,0.55,0.5525,False,0,0
2074,202512230826,1.0,1.0,1.0,1.0,135,m1,0,0,1.0,1.0,1.0,1.0,1.0,50.0,0.0,0.0,0.0,0.0,1.0,1.0,0.45,0.525,0.0,0.55,0.40249999999999997,False,0,0
2075,202512230827,1.0,1.0,1.0,1.0,87,m1,0,0,1.0,1.0,1.0,1.0,1.0,50.0,0.0,0.0,0.0,0.0,1.0,1.0,0.2,0.525,0.0,0.55,0.3275,False,0,0
2076,202512230828,1.0,1.0,1.0,1.0,84,m1,0,0,1.0,1.0,1.0,1.0,1.0,50.0,0.0,0.0,0.0,0.0,1.0,1.0,0.2,0.525,0.0,0.55,0.3275,False,0,0
2077,202512230829,1.0,1.0,1.0,1.0,130,m1,0,0,1.0,1.0,1.0,1.0,1.0,50.0,0.0,0.0,0.0,0.0,1.0,1.0,0.45,0.525,0.0,0.55,0.40249999999999997,False,0,0
2078,202512230830,1.0,1.0,1.0,1.0,115,m1,0,0,1.0,1.0,1.0,1.0,1.0,50.0,0.0,0.0,0.0,0.0,1.0,1.0,0.4,0.525,0.0,0.55,0.38749999999999996,False,0,0
2079,202512230831,1.0,1.0,1.0,1.0,85,m1,0,0,1.0,1.0,1.0,1.0,1.0,50.0,0.0,0.0,0.0,0.0,1.0,1.0,0.25,0.525,0.0,0.55,0.3425,False,0,0
2080,202512230832,1.0,1.0,1.0,1.0,102,m1,0,0,1.0,1.0,1.0,1.0,1.0,50.0,0.0,0.0,0.0,0.0,1.0,1.0,0.3,0.525,0.0,0.55,0.35750000000000004,False,0,0
2081,202512230833,1.0,1.0,1.0,1.0,197,m1,0,0,1.0,1.0,1.0,1.0,1.0,50.0,0.0,0.0,0.0,0.0,1.0,1.0,0.95,0.525,0.0,0.55,0.5525,False,0,0
2082,202512230834,1.0,1.0,1.0,1.0,131,m1,0,0,1.0,1.0,1.0,1.0,1.0,50.0,0.0,0.0,0.0,0.0,1.0,1.0,0.55,0.525,0.0,0.55,0.4325,False,0,0
2083,202512230835,1.0,1.0,1.0,1.0,177,m1,0,0,1.0,1.0,1.0,1.0,1.0,50.0,0.0,0.0,0.0,0.0,1.0,1.0,0.9,0.525,0.0,0.55,0.5375,False,0,0
2084,202512230836,1.0,1.0,1.0,1.0,143,m1,0,0,1.0,1.0,1.0,1.0,1.0,50.0,0.0,0.0,0.0,0.0,1.0,1.0,0.7,0.525,0.0,0.55,0.47750000000000004,False,0,0
2085,202512230837,1.0,1.0,1.0,1.0,164,m1,0,0,1.0,1.0,1.0,1.0,1.0,50.0,0.0,0.0,0.0,0.0,1.0,1.0,0.75,0.525,0.0,0.55,0.49249999999999994,False,0,0
2086,202512230838,1.0,1.0,1.0,1.0,125,m1,0,0,1.0,1.0,1.0,1.0,1.0,50.0,0.0,0.0,0.0,0.0,1.0,1.0,0.4,0.525,0.0,0.55,0.38749999999999996,False,0,0
2087,202512230839,1.0,1.0,1.0,1.0,126,m1,0,0,1.0,1.0,1.0,1.0,1.0,50.0,0.0,0.0,0.0,0.0,1.0,1.0,0.45,0.525,0.0,0.55,0.40249999999999997,False,0,0
2088,202512230840,1.0,1.0,1.0,1.0,131,m1,0,0,1.0,1.0,1.0,1.0,1.0,50.0,0.0,0.0,0.0,0.0,1.0,1.0,0.525,0.525,0.0,0.55,0.42500000000000004,False,0,0
2089,202512230841,1.0,1.0,1.0,1.0,154,m1,0,0,1.0,1.0,1.0,1.0,1.0,50.0,0.0,0.0,0.0,0.0,1.0,1.0,0.75,0.525,0.0,0.55,0.49249999999999994,False,0,0
2090,202512230842,1.0,1.0,1.0,1.0,152,m1,0,0,1.0,1.0,1.0,1.0,1.0,50.0,0.0,0.0,0.0,0.0,1.0,1.0,0.75,0.525,0.0,0.55,0.49249999999999994,False,0,0
2091,202512230843,1.0,1.0,1.0,1.0,162,m1,0,0,1.0,1.0,1.0,1.0,1.0,50.0,0.0,0.0,0.0,0.0,1.0,1.0,0.8,0.525,0.0,0.55,0.5075,False,0,0
2092,202512230844,1.0,1.0,1.0,1.0,108,m1,0,0,1.0,1.0,1.0,1.0,1.0,50.0,0.0,0.0,0.0,0.0,1.0,1.0,0.25,0.525,0.0,0.55,0.3425,False,0,0
2093,202512230845,1.0,1.0,1.0,1.0,124,m1,0,0,1.0,1.0,1.0,1.0,1.0,50.0,0.0,0.0,0.0,0.0,1.0,1.0,0.35,0.525,0.0,0.55,0.37250000000000005,False,0,0
2094,202512230846,1.0,1.0,1.0,1.0,142,m1,0,0,1.0,1.0,1.0,1.0,1.0,50.0,0.0,0.0,0.0,0.0,1.0,1.0,0.65,0.525,0.0,0.55,0.4625,False,0,0
2095,202512230847,1.0,1.0,1.0,1.0,120,m1,0,0,1.0,1.0,1.0,1.0,1.0,50.0,0.0,0.0,0.0,0.0,1.0,1.0,0.3,0.525,0.0,0.55,0.35750000000000004,False,0,0
2096,202512230848,1.0,1.0,1.0,1.0,152,m1,0,0,1.0,1.0,1.0,1.0,1.0,50.0,0.0,0.0,0.0,0.0,1.0,1.0,0.725,0.525,0.0,0.55,0.485,False,0,0
2097,202512230849,1.0,1.0,1.0,1.0,129,m1,0,0,1.0,1.0,1.0,1.0,1.0,50.0,0.0,0.0,0.0,0.0,1.0,1.0,0.45,0.525,0.0,0.55,0.40249999999999997,False,0,0
2098,202512230850,1.0,1.0,1.0,1.0,95,m1,0,0,1.0,1.0,1.0,1.0,1.0,50.0,0.0,0.0,0.0,0.0,1.0,1.0,0.1,0.525,0.0,0.55,0.2975,False,0,0
2099,202512230851,1.0,1.0,1.0,1.0,142,m1,0,0,1.0,1.0,1.0,1.0,1.0,50.0,0.0,0.0,0.0,0.0,1.0,1.0,0.575,0.525,0.0,0.55,0.43999999999999995,False,0,0
2100,202512230852,1.0,1.0,1.0,1.0,63,m1,0,0,1.0,1.0,1.0,1.0,1.0,50.0,0.0,0.0,0.0,0.0,1.0,1.0,0.05,0.525,0.0,0.55,0.2825,False,0,0
2101,202512230853,1.0,1.0,1.0,1.0,73,m1,0,0,1.0,1.0,1.0,1.0,1.0,50.0,0.0,0.0,0.0,0.0,1.0,1.0,0.1,0.525,0.0,0.55,0.2975,False,0,0
2102,202512230854,1.0,1.0,1.0,1.0,106,m1,0,0,1.0,1.0,1.0,1.0,1.0,50.0,0.0,0.0,0.0,0.0,1.0,1.0,0.2,0.525,0.0,0.55,0.3275,False,0,0
2103,202512230855,1.0,1.0,1.0,1.0,134,m1,0,0,1.0,1.0,1.0,1.0,1.0,50.0,0.0,0.0,0.0,0.0,1.0,1.0,0.6,0.525,0.0,0.55,0.4475,False,0,0
2104,202512230856,1.0,1.0,1.0,1.0,101,m1,0,0,1.0,1.0,1.0,1.0,1.0,50.0,0.0,0.0,0.0,0.0,1.0,1.0,0.2,0.525,0.0,0.55,0.3275,False,0,0
2105,202512230857,1.0,1.0,1.0,1.0,122,m1,0,0,1.0,1.0,1.0,1.0,1.0,50.0,0.0,0.0,0.0,0.0,1.0,1.0,0.4,0.525,0.0,0.55,0.38749999999999996,False,0,0
2106,202512230858,1.0,1.0,1.0,1.0,91,m1,0,0,1.0,1.0,1.0,1.0,1.0,50.0,0.0,0.0,0.0,0.0,1.0,1.0,0.15,0.525,0.0,0.55,0.3125,False,0,0
2107,202512230859,1.0,1.0,1.0,1.0,213,m1,0,0,1.0,1.0,1.0,1.0,1.0,50.0,0.0,0.0,0.0,0.0,1.0,1.0,1.0,0.525,0.0,0.55,0.5675,False,0,0
2108,202512230900,1.0,1.0,1.0,1.0,242,m1,0,0,1.0,1.0,1.0,1.0,1.0,50.0,0.0,0.0,0.0,0.0,1.0,1.0,1.0,0.525,0.0,0.55,0.5675,False,0,0
2109,202512230901,1.0,1.0,1.0,1.0,261,m1,0,0,1.0,1.0,1.0,1.0,1.0,50.0,0.0,0.0,0.0,0.0,1.0,1.0,1.0,0.525,0.0,0.55,0.5675,False,0,0
2110,202512230902,1.0,1.0,1.0,1.0,194,m1,0,0,1.0,1.0,1.0,1.0,1.0,50.0,0.0,0.0,0.0,0.0,1.0,1.0,0.85,0.525,0.0,0.55,0.5225,False,0,0
2111,202512230903,1.0,1.0,1.0,1.0,310,m1,0,0,1.0,1.0,1.0,1.0,1.0,50.0,0.0,0.0,0.0,0.0,1.0,1.0,1.0,0.525,0.0,0.55,0.5675,False,0,0
2112,202512230904,1.0,1.0,1.0,1.0,158,m1,0,0,1.0,1.0,1.0,1.0,1.0,50.0,0.0,0.0,0.0,0.0,1.0,1.0,0.75,0.525,0.0,0.55,0.49249999999999994,False,0,0
2113,202512230905,1.0,1.0,1.0,1.0,210,m1,0,0,1.0,1.0,1.0,1.0,1.0,50.0,0.0,0.0,0.0,0.0,1.0,1.0,0.8,0.525,0.0,0.55,0.5075,False,0,0
2114,202512230906,1.0,1.0,1.0,1.0,200,m1,0,0,1.0,1.0,1.0,1.0,1.0,50.0,0.0,0.0,0.0,0.0,1.0,1.0,0.75,0.525,0.0,0.55,0.49249999999999994,False,0,0
2115,202512230907,1.0,1.0,1.0,1.0,115,m1,0,0,1.0,1.0,1.0,1.0,1.0,50.0,0.0,0.0,0.0,0.0,1.0,1.0,0.35,0.525,0.0,0.55,0.37250000000000005,False,0,0
2116,202512230908,1.0,1.0,1.0,1.0,155,m1,0,0,1.0,1.0,1.0,1.0,1.0,50.0,0.0,0.0,0.0,0.0,1.0,1.0,0.6,0.525,0.0,0.55,0.4475,False,0,0
2117,202512230909,1.0,1.0,1.0,1.0,183,m1,0,0,1.0,1.0,1.0,1.0,1.0,50.0,0.0,0.0,0.0,0.0,1.0,1.0,0.65,0.525,0.0,0.55,0.4625,False,0,0
2118,202512230910,1.0,1.0,1.0,1.0,148,m1,0,0,1.0,1.0,1.0,1.0,1.0,50.0,0.0,0.0,0.0,0.0,1.0,1.0,0.5,0.525,0.0,0.55,0.4175,False,0,0
2119,202512230911,1.0,1.0,1.0,1.0,198,m1,0,0,1.0,1.0,1.0,1.0,1.0,50.0,0.0,0.0,0.0,0.0,1.0,1.0,0.7,0.525,0.0,0.55,0.47750000000000004,False,0,0
2120,202512230912,1.0,1.0,1.0,1.0,135,m1,0,0,1.0,1.0,1.0,1.0,1.0,50.0,0.0,0.0,0.0,0.0,1.0,1.0,0.4,0.525,0.0,0.55,0.38749999999999996,False,0,0
2121,202512230913,1.0,1.0,1.0,1.0,185,m1,0,0,1.0,1.0,1.0,1.0,1.0,50.0,0.0,0.0,0.0,0.0,1.0,1.0,0.6,0.525,0.0,0.55,0.4475,False,0,0
2122,202512230914,1.0,1.0,1.0,1.0,213,m1,0,0,1.0,1.0,1.0,1.0,1.0,50.0,0.0,0.0,0.0,0.0,1.0,1.0,0.825,0.525,0.0,0.55,0.515,False,0,0
2123,202512230915,1.0,1.0,1.0,1.0,156,m1,0,0,1.0,1.0,1.0,1.0,1.0,50.0,0.0,0.0,0.0,0.0,1.0,1.0,0.4,0.525,0.0,0.55,0.38749999999999996,False,0,0
2124,202512230916,1.0,1.0,1.0,1.0,132,m1,0,0,1.0,1.0,1.0,1.0,1.0,50.0,0.0,0.0,0.0,0.0,1.0,1.0,0.2,0.525,0.0,0.55,0.3275,False,0,0
2125,202512230917,1.0,1.0,1.0,1.0,142,m1,0,0,1.0,1.0,1.0,1.0,1.0,50.0,0.0,0.0,0.0,0.0,1.0,1.0,0.25,0.525,0.0,0.55,0.3425,False,0,0
2126,202512230918,1.0,1.0,1.0,1.0,110,m1,0,0,1.0,1.0,1.0,1.0,1.0,50.0,0.0,0.0,0.0,0.0,1.0,1.0,0.05,0.525,0.0,0.55,0.2825,False,0,0
2127,202512230919,1.0,1.0,1.0,1.0,136,m1,0,0,1.0,1.0,1.0,1.0,1.0,50.0,0.0,0.0,0.0,0.0,1.0,1.0,0.25,0.525,0.0,0.55,0.3425,False,0,0
2128,202512230920,1.0,1.0,1.0,1.0,238,m1,0,0,1.0,1.0,1.0,1.0,1.0,50.0,0.0,0.0,0.0,0.0,1.0,1.0,0.9,0.525,0.0,0.55,0.5375,False,0,0
2129,202512230921,1.0,1.0,1.0,1.0,127,m1,0,0,1.0,1.0,1.0,1.0,1.0,50.0,0.0,0.0,0.0,0.0,1.0,1.0,0.15,0.525,0.0,0.55,0.3125,False,0,0
2130,202512230922,1.0,1.0,1.0,1.0,75,m1,0,0,1.0,1.0,1.0,1.0,1.0,50.0,0.0,0.0,0.0,0.0,1.0,1.0,0.05,0.525,0.0,0.55,0.2825,False,0,0
2131,202512230923,1.0,1.0,1.0,1.0,145,m1,0,0,1.0,1.0,1.0,1.0,1.0,50.0,0.0,0.0,0.0,0.0,1.0,1.0,0.45,0.525,0.0,0.55,0.40249999999999997,False,0,0
2132,202512230924,1.0,1.0,1.0,1.0,95,m1,0,0,1.0,1.0,1.0,1.0,1.0,50.0,0.0,0.0,0.0,0.0,1.0,1.0,0.1,0.525,0.0,0.55,0.2975,False,0,0
2133,202512230925,1.0,1.0,1.0,1.0,116,m1,0,0,1.0,1.0,1.0,1.0,1.0,50.0,0.0,0.0,0.0,0.0,1.0,1.0,0.25,0.525,0.0,0.55,0.3425,False,0,0
2134,202512230926,1.0,1.0,1.0,1.0,130,m1,0,0,1.0,1.0,1.0,1.0,1.0,50.0,0.0,0.0,0.0,0.0,1.0,1.0,0.35,0.525,0.0,0.55,0.37250000000000005,False,0,0
2135,202512230927,1.0,1.0,1.0,1.0,124,m1,0,0,1.0,1.0,1.0,1.0,1.0,50.0,0.0,0.0,0.0,0.0,1.0,1.0,0.25,0.525,0.0,0.55,0.3425,False,0,0
2136,202512230928,1.0,1.0,1.0,1.0,96,m1,0,0,1.0,1.0,1.0,1.0,1.0,50.0,0.0,0.0,0.0,0.0,1.0,1.0,0.15,0.525,0.0,0.55,0.3125,False,0,0
2137,202512230929,1.0,1.0,1.0,1.0,149,m1,0,0,1.0,1.0,1.0,1.0,1.0,50.0,0.0,0.0,0.0,0.0,1.0,1.0,0.75,0.525,0.0,0.55,0.49249999999999994,False,0,0
2138,202512230930,1.0,1.0,1.0,1.0,160,m1,0,0,1.0,1.0,1.0,1.0,1.0,50.0,0.0,0.0,0.0,0.0,1.0,1.0,0.8,0.525,0.0,0.55,0.5075,False,0,0
2139,202512230931,1.0,1.0,1.0,1.0,132,m1,0,0,1.0,1.0,1.0,1.0,1.0,50.0,0.0,0.0,0.0,0.0,1.0,1.0,0.475,0.525,0.0,0.55,0.41000000000000003,False,0,0
2140,202512230932,1.0,1.0,1.0,1.0,109,m1,0,0,1.0,1.0,1.0,1.0,1.0,50.0,0.0,0.0,0.0,0.0,1.0,1.0,0.2,0.525,0.0,0.55,0.3275,False,0,0
2141,202512230933,1.0,1.0,1.0,1.0,117,m1,0,0,1.0,1.0,1.0,1.0,1.0,50.0,0.0,0.0,0.0,0.0,1.0,1.0,0.35,0.525,0.0,0.55,0.37250000000000005,False,0,0
2142,202512230934,1.0,1.0,1.0,1.0,82,m1,0,0,1.0,1.0,1.0,1.0,1.0,50.0,0.0,0.0,0.0,0.0,1.0,1.0,0.1,0.525,0.0,0.55,0.2975,False,0,0
2143,202512230935,1.0,1.0,1.0,1.0,183,m1,0,0,1.0,1.0,1.0,1.0,1.0,50.0,0.0,0.0,0.0,0.0,1.0,1.0,0.95,0.525,0.0,0.55,0.5525,False,0,0
2144,202512230936,1.0,1.0,1.0,1.0,172,m1,0,0,1.0,1.0,1.0,1.0,1.0,50.0,0.0,0.0,0.0,0.0,1.0,1.0,0.9,0.525,0.0,0.55,0.5375,False,0,0
2145,202512230937,1.0,1.0,1.0,1.0,60,m1,0,0,1.0,1.0,1.0,1.0,1.0,50.0,0.0,0.0,0.0,0.0,1.0,1.0,0.05,0.525,0.0,0.55,0.2825,False,0,0
2146,202512230938,1.0,1.0,1.0,1.0,101,m1,0,0,1.0,1.0,1.0,1.0,1.0,50.0,0.0,0.0,0.0,0.0,1.0,1.0,0.3,0.525,0.0,0.55,0.35750000000000004,False,0,0
2147,202512230939,1.0,1.0,1.0,1.0,163,m1,0,0,1.0,1.0,1.0,1.0,1.0,50.0,0.0,0.0,0.0,0.0,1.0,1.0,0.85,0.525,0.0,0.55,0.5225,False,0,0
2148,202512230940,1.0,1.0,1.0,1.0,152,m1,0,0,1.0,1.0,1.0,1.0,1.0,50.0,0.0,0.0,0.0,0.0,1.0,1.0,0.8,0.525,0.0,0.55,0.5075,False,0,0
2149,202512230941,1.0,1.0,1.0,1.0,174,m1,0,0,1.0,1.0,1.0,1.0,1.0,50.0,0.0,0.0,0.0,0.0,1.0,1.0,0.95,0.525,0.0,0.55,0.5525,False,0,0
2150,202512230942,1.0,1.0,1.0,1.0,152,m1,0,0,1.0,1.0,1.0,1.0,1.0,50.0,0.0,0.0,0.0,0.0,1.0,1.0,0.725,0.525,0.0,0.55,0.485,False,0,0
2151,202512230943,1.0,1.0,1.0,1.0,167,m1,0,0,1.0,1.0,1.0,1.0,1.0,50.0,0.0,0.0,0.0,0.0,1.0,1.0,0.85,0.525,0.0,0.55,0.5225,False,0,0
2152,202512230944,1.0,1.0,1.0,1.0,104,m1,0,0,1.0,1.0,1.0,1.0,1.0,50.0,0.0,0.0,0.0,0.0,1.0,1.0,0.25,0.525,0.0,0.55,0.3425,False,0,0
2153,202512230945,1.0,1.0,1.0,1.0,95,m1,0,0,1.0,1.0,1.0,1.0,1.0,50.0,0.0,0.0,0.0,0.0,1.0,1.0,0.15,0.525,0.0,0.55,0.3125,False,0,0
2154,202512230946,1.0,1.0,1.0,1.0,139,m1,0,0,1.0,1.0,1.0,1.0,1.0,50.0,0.0,0.0,0.0,0.0,1.0,1.0,0.55,0.525,0.0,0.55,0.4325,False,0,0
2155,202512230947,1.0,1.0,1.0,1.0,84,m1,0,0,1.0,1.0,1.0,1.0,1.0,50.0,0.0,0.0,0.0,0.0,1.0,1.0,0.15,0.525,0.0,0.55,0.3125,False,0,0
2156,202512230948,1.0,1.0,1.0,1.0,76,m1,0,0,1.0,1.0,1.0,1.0,1.0,50.0,0.0,0.0,0.0,0.0,1.0,1.0,0.1,0.525,0.0,0.55,0.2975,False,0,0
2157,202512230949,1.0,1.0,1.0,1.0,177,m1,0,0,1.0,1.0,1.0,1.0,1.0,50.0,0.0,0.0,0.0,0.0,1.0,1.0,0.95,0.525,0.0,0.55,0.5525,False,0,0
2158,202512230950,1.0,1.0,1.0,1.0,182,m1,0,0,1.0,1.0,1.0,1.0,1.0,50.0,0.0,0.0,0.0,0.0,1.0,1.0,0.95,0.525,0.0,0.55,0.5525,False,0,0
2159,202512230951,1.0,1.0,1.0,1.0,111,m1,0,0,1.0,1.0,1.0,1.0,1.0,50.0,0.0,0.0,0.0,0.0,1.0,1.0,0.45,0.525,0.0,0.55,0.40249999999999997,False,0,0
2160,202512230952,1.0,1.0,1.0,1.0,113,m1,0,0,1.0,1.0,1.0,1.0,1.0,50.0,0.0,0.0,0.0,0.0,1.0,1.0,0.45,0.525,0.0,0.55,0.40249999999999997,False,0,0
2161,202512230953,1.0,1.0,1.0,1.0,122,m1,0,0,1.0,1.0,1.0,1.0,1.0,50.0,0.0,0.0,0.0,0.0,1.0,1.0,0.5,0.525,0.0,0.55,0.4175,False,0,0
2162,202512230954,1.0,1.0,1.0,1.0,209,m1,0,0,1.0,1.0,1.0,1.0,1.0,50.0,0.0,0.0,0.0,0.0,1.0,1.0,1.0,0.525,0.0,0.55,0.5675,False,0,0
2163,202512230955,1.0,1.0,1.0,1.0,142,m1,0,0,1.0,1.0,1.0,1.0,1.0,50.0,0.0,0.0,0.0,0.0,1.0,1.0,0.55,0.525,0.0,0.55,0.4325,False,0,0
2164,202512230956,1.0,1.0,1.0,1.0,177,m1,0,0,1.0,1.0,1.0,1.0,1.0,50.0,0.0,0.0,0.0,0.0,1.0,1.0,0.875,0.525,0.0,0.55,0.53,False,0,0
2165,202512230957,1.0,1.0,1.0,1.0,290,m1,0,0,1.0,1.0,1.0,1.0,1.0,50.0,0.0,0.0,0.0,0.0,1.0,1.0,1.0,0.525,0.0,0.55,0.5675,False,0,0
2166,202512230958,1.0,1.0,1.0,1.0,274,m1,0,0,1.0,1.0,1.0,1.0,1.0,50.0,0.0,0.0,0.0,0.0,1.0,1.0,0.95,0.525,0.0,0.55,0.5525,False,0,0
2167,202512230959,1.0,1.0,1.0,1.0,198,m1,0,0,1.0,1.0,1.0,1.0,1.0,50.0,0.0,0.0,0.0,0.0,1.0,1.0,0.85,0.525,0.0,0.55,0.5225,False,0,0
2168,202512231000,1.0,1.0,1.0,1.0,228,m1,0,0,1.0,1.0,1.0,1.0,1.0,50.0,0.0,0.0,0.0,0.0,1.0,1.0,0.9,0.525,0.0,0.55,0.5375,False,0,0
2169,202512231001,1.0,1.0,1.0,1.0,181,m1,0,0,1.0,1.0,1.0,1.0,1.0,50.0,0.0,0.0,0.0,0.0,1.0,1.0,0.7,0.525,0.0,0.55,0.47750000000000004,False,0,0
2170,202512231002,1.0,1.0,1.0,1.0,190,m1,0,0,1.0,1.0,1.0,1.0,1.0,50.0,0.0,0.0,0.0,0.0,1.0,1.0,0.75,0.525,0.0,0.55,0.49249999999999994,False,0,0
2171,202512231003,1.0,1.0,1.0,1.0,161,m1,0,0,1.0,1.0,1.0,1.0,1.0,50.0,0.0,0.0,0.0,0.0,1.0,1.0,0.5,0.525,0.0,0.55,0.4175,False,0,0
2172,202512231004,1.0,1.0,1.0,1.0,174,m1,0,0,1.0,1.0,1.0,1.0,1.0,50.0,0.0,0.0,0.0,0.0,1.0,1.0,0.5,0.525,0.0,0.55,0.4175,False,0,0
2173,202512231005,1.0,1.0,1.0,1.0,108,m1,0,0,1.0,1.0,1.0,1.0,1.0,50.0,0.0,0.0,0.0,0.0,1.0,1.0,0.15,0.525,0.0,0.55,0.3125,False,0,0
2174,202512231006,1.0,1.0,1.0,1.0,148,m1,0,0,1.0,1.0,1.0,1.0,1.0,50.0,0.0,0.0,0.0,0.0,1.0,1.0,0.4,0.525,0.0,0.55,0.38749999999999996,False,0,0
2175,202512231007,1.0,1.0,1.0,1.0,97,m1,0,0,1.0,1.0,1.0,1.0,1.0,50.0,0.0,0.0,0.0,0.0,1.0,1.0,0.1,0.525,0.0,0.55,0.2975,False,0,0
2176,202512231008,1.0,1.0,1.0,1.0,47,m1,0,0,1.0,1.0,1.0,1.0,1.0,50.0,0.0,0.0,0.0,0.0,1.0,1.0,0.05,0.525,0.0,0.55,0.2825,False,0,0
2177,202512231009,1.0,1.0,1.0,1.0,82,m1,0,0,1.0,1.0,1.0,1.0,1.0,50.0,0.0,0.0,0.0,0.0,1.0,1.0,0.1,0.525,0.0,0.55,0.2975,False,0,0
2178,202512231010,1.0,1.0,1.0,1.0,62,m1,0,0,1.0,1.0,1.0,1.0,1.0,50.0,0.0,0.0,0.0,0.0,1.0,1.0,0.1,0.525,0.0,0.55,0.2975,False,0,0
2179,202512231011,1.0,1.0,1.0,1.0,70,m1,0,0,1.0,1.0,1.0,1.0,1.0,50.0,0.0,0.0,0.0,0.0,1.0,1.0,0.15,0.525,0.0,0.55,0.3125,False,0,0
2180,202512231012,1.0,1.0,1.0,1.0,106,m1,0,0,1.0,1.0,1.0,1.0,1.0,50.0,0.0,0.0,0.0,0.0,1.0,1.0,0.3,0.525,0.0,0.55,0.35750000000000004,False,0,0
2181,202512231013,1.0,1.0,1.0,1.0,76,m1,0,0,1.0,1.0,1.0,1.0,1.0,50.0,0.0,0.0,0.0,0.0,1.0,1.0,0.2,0.525,0.0,0.55,0.3275,False,0,0
2182,202512231014,1.0,1.0,1.0,1.0,55,m1,0,0,1.0,1.0,1.0,1.0,1.0,50.0,0.0,0.0,0.0,0.0,1.0,1.0,0.1,0.525,0.0,0.55,0.2975,False,0,0
2183,202512231015,1.0,1.0,1.0,1.0,87,m1,0,0,1.0,1.0,1.0,1.0,1.0,50.0,0.0,0.0,0.0,0.0,1.0,1.0,0.35,0.525,0.0,0.55,0.37250000000000005,False,0,0
2184,202512231016,1.0,1.0,1.0,1.0,36,m1,0,0,1.0,1.0,1.0,1.0,1.0,50.0,0.0,0.0,0.0,0.0,1.0,1.0,0.05,0.525,0.0,0.55,0.2825,False,0,0
2185,202512231017,1.0,1.0,1.0,1.0,40,m1,0,0,1.0,1.0,1.0,1.0,1.0,50.0,0.0,0.0,0.0,0.0,1.0,1.0,0.1,0.525,0.0,0.55,0.2975,False,0,0
2186,202512231018,1.0,1.0,1.0,1.0,71,m1,0,0,1.0,1.0,1.0,1.0,1.0,50.0,0.0,0.0,0.0,0.0,1.0,1.0,0.35,0.525,0.0,0.55,0.37250000000000005,False,0,0
2187,202512231019,1.0,1.0,1.0,1.0,94,m1,0,0,1.0,1.0,1.0,1.0,1.0,50.0,0.0,0.0,0.0,0.0,1.0,1.0,0.55,0.525,0.0,0.55,0.4325,False,0,0
2188,202512231020,1.0,1.0,1.0,1.0,83,m1,0,0,1.0,1.0,1.0,1.0,1.0,50.0,0.0,0.0,0.0,0.0,1.0,1.0,0.5,0.525,0.0,0.55,0.4175,False,0,0
2189,202512231021,1.0,1.0,1.0,1.0,156,m1,0,0,1.0,1.0,1.0,1.0,1.0,50.0,0.0,0.0,0.0,0.0,1.0,1.0,0.85,0.525,0.0,0.55,0.5225,False,0,0
2190,202512231022,1.0,1.0,1.0,1.0,136,m1,0,0,1.0,1.0,1.0,1.0,1.0,50.0,0.0,0.0,0.0,0.0,1.0,1.0,0.8,0.525,0.0,0.55,0.5075,False,0,0
2191,202512231023,1.0,1.0,1.0,1.0,78,m1,0,0,1.0,1.0,1.0,1.0,1.0,50.0,0.0,0.0,0.0,0.0,1.0,1.0,0.45,0.525,0.0,0.55,0.40249999999999997,False,0,0
2192,202512231024,1.0,1.0,1.0,1.0,114,m1,0,0,1.0,1.0,1.0,1.0,1.0,50.0,0.0,0.0,0.0,0.0,1.0,1.0,0.85,0.525,0.0,0.55,0.5225,False,0,0
2193,202512231025,1.0,1.0,1.0,1.0,70,m1,0,0,1.0,1.0,1.0,1.0,1.0,50.0,0.0,0.0,0.0,0.0,1.0,1.0,0.325,0.525,0.0,0.55,0.365,False,0,0
2194,202512231026,1.0,1.0,1.0,1.0,70,m1,0,0,1.0,1.0,1.0,1.0,1.0,50.0,0.0,0.0,0.0,0.0,1.0,1.0,0.35,0.525,0.0,0.55,0.37250000000000005,False,0,0
2195,202512231027,1.0,1.0,1.0,1.0,191,m1,0,0,1.0,1.0,1.0,1.0,1.0,50.0,0.0,0.0,0.0,0.0,1.0,1.0,1.0,0.525,0.0,0.55,0.5675,False,0,0
2196,202512231028,1.0,1.0,1.0,1.0,113,m1,0,0,1.0,1.0,1.0,1.0,1.0,50.0,0.0,0.0,0.0,0.0,1.0,1.0,0.8,0.525,0.0,0.55,0.5075,False,0,0
2197,202512231029,1.0,1.0,1.0,1.0,69,m1,0,0,1.0,1.0,1.0,1.0,1.0,50.0,0.0,0.0,0.0,0.0,1.0,1.0,0.25,0.525,0.0,0.55,0.3425,False,0,0
2198,202512231030,1.0,1.0,1.0,1.0,114,m1,0,0,1.0,1.0,1.0,1.0,1.0,50.0,0.0,0.0,0.0,0.0,1.0,1.0,0.825,0.525,0.0,0.55,0.515,False,0,0
2199,202512231031,1.0,1.0,1.0,1.0,106,m1,0,0,1.0,1.0,1.0,1.0,1.0,50.0,0.0,0.0,0.0,0.0,1.0,1.0,0.675,0.525,0.0,0.55,0.47,False,0,0
2200,202512231032,1.0,1.0,1.0,1.0,95,m1,0,0,1.0,1.0,1.0,1.0,1.0,50.0,0.0,0.0,0.0,0.0,1.0,1.0,0.65,0.525,0.0,0.55,0.4625,False,0,0
2201,202512231033,1.0,1.0,1.0,1.0,61,m1,0,0,1.0,1.0,1.0,1.0,1.0,50.0,0.0,0.0,0.0,0.0,1.0,1.0,0.2,0.525,0.0,0.55,0.3275,False,0,0
2202,202512231034,1.0,1.0,1.0,1.0,67,m1,0,0,1.0,1.0,1.0,1.0,1.0,50.0,0.0,0.0,0.0,0.0,1.0,1.0,0.2,0.525,0.0,0.55,0.3275,False,0,0
2203,202512231035,1.0,1.0,1.0,1.0,66,m1,0,0,1.0,1.0,1.0,1.0,1.0,50.0,0.0,0.0,0.0,0.0,1.0,1.0,0.2,0.525,0.0,0.55,0.3275,False,0,0
2204,202512231036,1.0,1.0,1.0,1.0,32,m1,0,0,1.0,1.0,1.0,1.0,1.0,50.0,0.0,0.0,0.0,0.0,1.0,1.0,0.05,0.525,0.0,0.55,0.2825,False,0,0
2205,202512231037,1.0,1.0,1.0,1.0,63,m1,0,0,1.0,1.0,1.0,1.0,1.0,50.0,0.0,0.0,0.0,0.0,1.0,1.0,0.15,0.525,0.0,0.55,0.3125,False,0,0
2206,202512231038,1.0,1.0,1.0,1.0,63,m1,0,0,1.0,1.0,1.0,1.0,1.0,50.0,0.0,0.0,0.0,0.0,1.0,1.0,0.175,0.525,0.0,0.55,0.32,False,0,0
2207,202512231039,1.0,1.0,1.0,1.0,79,m1,0,0,1.0,1.0,1.0,1.0,1.0,50.0,0.0,0.0,0.0,0.0,1.0,1.0,0.55,0.525,0.0,0.55,0.4325,False,0,0
2208,202512231040,1.0,1.0,1.0,1.0,137,m1,0,0,1.0,1.0,1.0,1.0,1.0,50.0,0.0,0.0,0.0,0.0,1.0,1.0,0.9,0.525,0.0,0.55,0.5375,False,0,0
2209,202512231041,1.0,1.0,1.0,1.0,99,m1,0,0,1.0,1.0,1.0,1.0,1.0,50.0,0.0,0.0,0.0,0.0,1.0,1.0,0.65,0.525,0.0,0.55,0.4625,False,0,0
2210,202512231042,1.0,1.0,1.0,1.0,75,m1,0,0,1.0,1.0,1.0,1.0,1.0,50.0,0.0,0.0,0.0,0.0,1.0,1.0,0.5,0.525,0.0,0.55,0.4175,False,0,0
2211,202512231043,1.0,1.0,1.0,1.0,58,m1,0,0,1.0,1.0,1.0,1.0,1.0,50.0,0.0,0.0,0.0,0.0,1.0,1.0,0.1,0.525,0.0,0.55,0.2975,False,0,0
2212,202512231044,1.0,1.0,1.0,1.0,54,m1,0,0,1.0,1.0,1.0,1.0,1.0,50.0,0.0,0.0,0.0,0.0,1.0,1.0,0.1,0.525,0.0,0.55,0.2975,False,0,0
2213,202512231045,1.0,1.0,1.0,1.0,131,m1,0,0,1.0,1.0,1.0,1.0,1.0,50.0,0.0,0.0,0.0,0.0,1.0,1.0,0.9,0.525,0.0,0.55,0.5375,False,0,0
2214,202512231046,1.0,1.0,1.0,1.0,101,m1,0,0,1.0,1.0,1.0,1.0,1.0,50.0,0.0,0.0,0.0,0.0,1.0,1.0,0.7,0.525,0.0,0.55,0.47750000000000004,False,0,0
2215,202512231047,1.0,1.0,1.0,1.0,86,m1,0,0,1.0,1.0,1.0,1.0,1.0,50.0,0.0,0.0,0.0,0.0,1.0,1.0,0.6,0.525,0.0,0.55,0.4475,False,0,0
2216,202512231048,1.0,1.0,1.0,1.0,109,m1,0,0,1.0,1.0,1.0,1.0,1.0,50.0,0.0,0.0,0.0,0.0,1.0,1.0,0.85,0.525,0.0,0.55,0.5225,False,0,0
2217,202512231049,1.0,1.0,1.0,1.0,84,m1,0,0,1.0,1.0,1.0,1.0,1.0,50.0,0.0,0.0,0.0,0.0,1.0,1.0,0.55,0.525,0.0,0.55,0.4325,False,0,0
2218,202512231050,1.0,1.0,1.0,1.0,77,m1,0,0,1.0,1.0,1.0,1.0,1.0,50.0,0.0,0.0,0.0,0.0,1.0,1.0,0.5,0.525,0.0,0.55,0.4175,False,0,0
2219,202512231051,1.0,1.0,1.0,1.0,71,m1,0,0,1.0,1.0,1.0,1.0,1.0,50.0,0.0,0.0,0.0,0.0,1.0,1.0,0.45,0.525,0.0,0.55,0.40249999999999997,False,0,0
2220,202512231052,1.0,1.0,1.0,1.0,185,m1,0,0,1.0,1.0,1.0,1.0,1.0,50.0,0.0,0.0,0.0,0.0,1.0,1.0,1.0,0.525,0.0,0.55,0.5675,False,0,0
2221,202512231053,1.0,1.0,1.0,1.0,136,m1,0,0,1.0,1.0,1.0,1.0,1.0,50.0,0.0,0.0,0.0,0.0,1.0,1.0,0.9,0.525,0.0,0.55,0.5375,False,0,0
2222,202512231054,1.0,1.0,1.0,1.0,129,m1,0,0,1.0,1.0,1.0,1.0,1.0,50.0,0.0,0.0,0.0,0.0,1.0,1.0,0.8,0.525,0.0,0.55,0.5075,False,0,0
2223,202512231055,1.0,1.0,1.0,1.0,117,m1,0,0,1.0,1.0,1.0,1.0,1.0,50.0,0.0,0.0,0.0,0.0,1.0,1.0,0.75,0.525,0.0,0.55,0.49249999999999994,False,0,0
2224,202512231056,1.0,1.0,1.0,1.0,141,m1,0,0,1.0,1.0,1.0,1.0,1.0,50.0,0.0,0.0,0.0,0.0,1.0,1.0,0.95,0.525,0.0,0.55,0.5525,False,0,0
2225,202512231057,1.0,1.0,1.0,1.0,144,m1,0,0,1.0,1.0,1.0,1.0,1.0,50.0,0.0,0.0,0.0,0.0,1.0,1.0,0.95,0.525,0.0,0.55,0.5525,False,0,0
2226,202512231058,1.0,1.0,1.0,1.0,126,m1,0,0,1.0,1.0,1.0,1.0,1.0,50.0,0.0,0.0,0.0,0.0,1.0,1.0,0.65,0.525,0.0,0.55,0.4625,False,0,0
2227,202512231059,1.0,1.0,1.0,1.0,128,m1,0,0,1.0,1.0,1.0,1.0,1.0,50.0,0.0,0.0,0.0,0.0,1.0,1.0,0.65,0.525,0.0,0.55,0.4625,False,0,0
2228,202512231100,1.0,1.0,1.0,1.0,193,m1,0,0,1.0,1.0,1.0,1.0,1.0,50.0,0.0,0.0,0.0,0.0,1.0,1.0,1.0,0.525,0.0,0.55,0.5675,False,0,0
2229,202512231101,1.0,1.0,1.0,1.0,155,m1,0,0,1.0,1.0,1.0,1.0,1.0,50.0,0.0,0.0,0.0,0.0,1.0,1.0,0.9,0.525,0.0,0.55,0.5375,False,0,0
2230,202512231102,1.0,1.0,1.0,1.0,133,m1,0,0,1.0,1.0,1.0,1.0,1.0,50.0,0.0,0.0,0.0,0.0,1.0,1.0,0.7,0.525,0.0,0.55,0.47750000000000004,False,0,0
2231,202512231103,1.0,1.0,1.0,1.0,98,m1,0,0,1.0,1.0,1.0,1.0,1.0,50.0,0.0,0.0,0.0,0.0,1.0,1.0,0.3,0.525,0.0,0.55,0.35750000000000004,False,0,0
2232,202512231104,1.0,1.0,1.0,1.0,108,m1,0,0,1.0,1.0,1.0,1.0,1.0,50.0,0.0,0.0,0.0,0.0,1.0,1.0,0.35,0.525,0.0,0.55,0.37250000000000005,False,0,0
2233,202512231105,1.0,1.0,1.0,1.0,146,m1,0,0,1.0,1.0,1.0,1.0,1.0,50.0,0.0,0.0,0.0,0.0,1.0,1.0,0.85,0.525,0.0,0.55,0.5225,False,0,0
2234,202512231106,1.0,1.0,1.0,1.0,130,m1,0,0,1.0,1.0,1.0,1.0,1.0,50.0,0.0,0.0,0.0,0.0,1.0,1.0,0.6,0.525,0.0,0.55,0.4475,False,0,0
2235,202512231107,1.0,1.0,1.0,1.0,113,m1,0,0,1.0,1.0,1.0,1.0,1.0,50.0,0.0,0.0,0.0,0.0,1.0,1.0,0.35,0.525,0.0,0.55,0.37250000000000005,False,0,0
2236,202512231108,1.0,1.0,1.0,1.0,109,m1,0,0,1.0,1.0,1.0,1.0,1.0,50.0,0.0,0.0,0.0,0.0,1.0,1.0,0.3,0.525,0.0,0.55,0.35750000000000004,False,0,0
2237,202512231109,1.0,1.0,1.0,1.0,119,m1,0,0,1.0,1.0,1.0,1.0,1.0,50.0,0.0,0.0,0.0,0.0,1.0,1.0,0.4,0.525,0.0,0.55,0.38749999999999996,False,0,0
2238,202512231110,1.0,1.0,1.0,1.0,120,m1,0,0,1.0,1.0,1.0,1.0,1.0,50.0,0.0,0.0,0.0,0.0,1.0,1.0,0.4,0.525,0.0,0.55,0.38749999999999996,False,0,0
2239,202512231111,1.0,1.0,1.0,1.0,155,m1,0,0,1.0,1.0,1.0,1.0,1.0,50.0,0.0,0.0,0.0,0.0,1.0,1.0,0.875,0.525,0.0,0.55,0.53,False,0,0
2240,202512231112,1.0,1.0,1.0,1.0,84,m1,0,0,1.0,1.0,1.0,1.0,1.0,50.0,0.0,0.0,0.0,0.0,1.0,1.0,0.05,0.525,0.0,0.55,0.2825,False,0,0
2241,202512231113,1.0,1.0,1.0,1.0,91,m1,0,0,1.0,1.0,1.0,1.0,1.0,50.0,0.0,0.0,0.0,0.0,1.0,1.0,0.1,0.525,0.0,0.55,0.2975,False,0,0
2242,202512231114,1.0,1.0,1.0,1.0,109,m1,0,0,1.0,1.0,1.0,1.0,1.0,50.0,0.0,0.0,0.0,0.0,1.0,1.0,0.275,0.525,0.0,0.55,0.35,False,0,0
2243,202512231115,1.0,1.0,1.0,1.0,112,m1,0,0,1.0,1.0,1.0,1.0,1.0,50.0,0.0,0.0,0.0,0.0,1.0,1.0,0.35,0.525,0.0,0.55,0.37250000000000005,False,0,0
2244,202512231116,1.0,1.0,1.0,1.0,143,m1,0,0,1.0,1.0,1.0,1.0,1.0,50.0,0.0,0.0,0.0,0.0,1.0,1.0,0.75,0.525,0.0,0.55,0.49249999999999994,False,0,0
2245,202512231117,1.0,1.0,1.0,1.0,95,m1,0,0,1.0,1.0,1.0,1.0,1.0,50.0,0.0,0.0,0.0,0.0,1.0,1.0,0.15,0.525,0.0,0.55,0.3125,False,0,0
2246,202512231118,1.0,1.0,1.0,1.0,63,m1,0,0,1.0,1.0,1.0,1.0,1.0,50.0,0.0,0.0,0.0,0.0,1.0,1.0,0.05,0.525,0.0,0.55,0.2825,False,0,0
2247,202512231119,1.0,1.0,1.0,1.0,94,m1,0,0,1.0,1.0,1.0,1.0,1.0,50.0,0.0,0.0,0.0,0.0,1.0,1.0,0.2,0.525,0.0,0.55,0.3275,False,0,0
2248,202512231120,1.0,1.0,1.0,1.0,101,m1,0,0,1.0,1.0,1.0,1.0,1.0,50.0,0.0,0.0,0.0,0.0,1.0,1.0,0.35,0.525,0.0,0.55,0.37250000000000005,False,0,0
2249,202512231121,1.0,1.0,1.0,1.0,91,m1,0,0,1.0,1.0,1.0,1.0,1.0,50.0,0.0,0.0,0.0,0.0,1.0,1.0,0.175,0.525,0.0,0.55,0.32,False,0,0
2250,202512231122,1.0,1.0,1.0,1.0,75,m1,0,0,1.0,1.0,1.0,1.0,1.0,50.0,0.0,0.0,0.0,0.0,1.0,1.0,0.1,0.525,0.0,0.55,0.2975,False,0,0
2251,202512231123,1.0,1.0,1.0,1.0,95,m1,0,0,1.0,1.0,1.0,1.0,1.0,50.0,0.0,0.0,0.0,0.0,1.0,1.0,0.375,0.525,0.0,0.55,0.38,False,0,0
2252,202512231124,1.0,1.0,1.0,1.0,42,m1,0,0,1.0,1.0,1.0,1.0,1.0,50.0,0.0,0.0,0.0,0.0,1.0,1.0,0.05,0.525,0.0,0.55,0.2825,False,0,0
2253,202512231125,1.0,1.0,1.0,1.0,70,m1,0,0,1.0,1.0,1.0,1.0,1.0,50.0,0.0,0.0,0.0,0.0,1.0,1.0,0.15,0.525,0.0,0.55,0.3125,False,0,0
2254,202512231126,1.0,1.0,1.0,1.0,45,m1,0,0,1.0,1.0,1.0,1.0,1.0,50.0,0.0,0.0,0.0,0.0,1.0,1.0,0.1,0.525,0.0,0.55,0.2975,False,0,0
2255,202512231127,1.0,1.0,1.0,1.0,73,m1,0,0,1.0,1.0,1.0,1.0,1.0,50.0,0.0,0.0,0.0,0.0,1.0,1.0,0.25,0.525,0.0,0.55,0.3425,False,0,0
2256,202512231128,1.0,1.0,1.0,1.0,65,m1,0,0,1.0,1.0,1.0,1.0,1.0,50.0,0.0,0.0,0.0,0.0,1.0,1.0,0.2,0.525,0.0,0.55,0.3275,False,0,0
2257,202512231129,1.0,1.0,1.0,1.0,83,m1,0,0,1.0,1.0,1.0,1.0,1.0,50.0,0.0,0.0,0.0,0.0,1.0,1.0,0.4,0.525,0.0,0.55,0.38749999999999996,False,0,0
2258,202512231130,1.0,1.0,1.0,1.0,60,m1,0,0,1.0,1.0,1.0,1.0,1.0,50.0,0.0,0.0,0.0,0.0,1.0,1.0,0.15,0.525,0.0,0.55,0.3125,False,0,0
2259,202512231131,1.0,1.0,1.0,1.0,53,m1,0,0,1.0,1.0,1.0,1.0,1.0,50.0,0.0,0.0,0.0,0.0,1.0,1.0,0.15,0.525,0.0,0.55,0.3125,False,0,0
2260,202512231132,1.0,1.0,1.0,1.0,59,m1,0,0,1.0,1.0,1.0,1.0,1.0,50.0,0.0,0.0,0.0,0.0,1.0,1.0,0.2,0.525,0.0,0.55,0.3275,False,0,0
2261,202512231133,1.0,1.0,1.0,1.0,33,m1,0,0,1.0,1.0,1.0,1.0,1.0,50.0,0.0,0.0,0.0,0.0,1.0,1.0,0.05,0.525,0.0,0.55,0.2825,False,0,0
2262,202512231134,1.0,1.0,1.0,1.0,74,m1,0,0,1.0,1.0,1.0,1.0,1.0,50.0,0.0,0.0,0.0,0.0,1.0,1.0,0.55,0.525,0.0,0.55,0.4325,False,0,0
2263,202512231135,1.0,1.0,1.0,1.0,42,m1,0,0,1.0,1.0,1.0,1.0,1.0,50.0,0.0,0.0,0.0,0.0,1.0,1.0,0.125,0.525,0.0,0.55,0.30500000000000005,False,0,0
2264,202512231136,1.0,1.0,1.0,1.0,84,m1,0,0,1.0,1.0,1.0,1.0,1.0,50.0,0.0,0.0,0.0,0.0,1.0,1.0,0.75,0.525,0.0,0.55,0.49249999999999994,False,0,0
2265,202512231137,1.0,1.0,1.0,1.0,40,m1,0,0,1.0,1.0,1.0,1.0,1.0,50.0,0.0,0.0,0.0,0.0,1.0,1.0,0.1,0.525,0.0,0.55,0.2975,False,0,0
2266,202512231138,1.0,1.0,1.0,1.0,65,m1,0,0,1.0,1.0,1.0,1.0,1.0,50.0,0.0,0.0,0.0,0.0,1.0,1.0,0.475,0.525,0.0,0.55,0.41000000000000003,False,0,0
2267,202512231139,1.0,1.0,1.0,1.0,48,m1,0,0,1.0,1.0,1.0,1.0,1.0,50.0,0.0,0.0,0.0,0.0,1.0,1.0,0.3,0.525,0.0,0.55,0.35750000000000004,False,0,0
2268,202512231140,1.0,1.0,1.0,1.0,90,m1,0,0,1.0,1.0,1.0,1.0,1.0,50.0,0.0,0.0,0.0,0.0,1.0,1.0,0.9,0.525,0.0,0.55,0.5375,False,0,0
2269,202512231141,1.0,1.0,1.0,1.0,60,m1,0,0,1.0,1.0,1.0,1.0,1.0,50.0,0.0,0.0,0.0,0.0,1.0,1.0,0.475,0.525,0.0,0.55,0.41000000000000003,False,0,0
2270,202512231142,1.0,1.0,1.0,1.0,137,m1,0,0,1.0,1.0,1.0,1.0,1.0,50.0,0.0,0.0,0.0,0.0,1.0,1.0,1.0,0.525,0.0,0.55,0.5675,False,0,0
2271,202512231143,1.0,1.0,1.0,1.0,99,m1,0,0,1.0,1.0,1.0,1.0,1.0,50.0,0.0,0.0,0.0,0.0,1.0,1.0,0.95,0.525,0.0,0.55,0.5525,False,0,0
2272,202512231144,1.0,1.0,1.0,1.0,88,m1,0,0,1.0,1.0,1.0,1.0,1.0,50.0,0.0,0.0,0.0,0.0,1.0,1.0,0.85,0.525,0.0,0.55,0.5225,False,0,0
2273,202512231145,1.0,1.0,1.0,1.0,119,m1,0,0,1.0,1.0,1.0,1.0,1.0,50.0,0.0,0.0,0.0,0.0,1.0,1.0,0.95,0.525,0.0,0.55,0.5525,False,0,0
2274,202512231146,1.0,1.0,1.0,1.0,85,m1,0,0,1.0,1.0,1.0,1.0,1.0,50.0,0.0,0.0,0.0,0.0,1.0,1.0,0.75,0.525,0.0,0.55,0.49249999999999994,False,0,0
2275,202512231147,1.0,1.0,1.0,1.0,81,m1,0,0,1.0,1.0,1.0,1.0,1.0,50.0,0.0,0.0,0.0,0.0,1.0,1.0,0.6,0.525,0.0,0.55,0.4475,False,0,0
2276,202512231148,1.0,1.0,1.0,1.0,78,m1,0,0,1.0,1.0,1.0,1.0,1.0,50.0,0.0,0.0,0.0,0.0,1.0,1.0,0.55,0.525,0.0,0.55,0.4325,False,0,0
2277,202512231149,1.0,1.0,1.0,1.0,94,m1,0,0,1.0,1.0,1.0,1.0,1.0,50.0,0.0,0.0,0.0,0.0,1.0,1.0,0.85,0.525,0.0,0.55,0.5225,False,0,0
2278,202512231150,1.0,1.0,1.0,1.0,95,m1,0,0,1.0,1.0,1.0,1.0,1.0,50.0,0.0,0.0,0.0,0.0,1.0,1.0,0.85,0.525,0.0,0.55,0.5225,False,0,0
2279,202512231151,1.0,1.0,1.0,1.0,79,m1,0,0,1.0,1.0,1.0,1.0,1.0,50.0,0.0,0.0,0.0,0.0,1.0,1.0,0.5,0.525,0.0,0.55,0.4175,False,0,0
2280,202512231152,1.0,1.0,1.0,1.0,93,m1,0,0,1.0,1.0,1.0,1.0,1.0,50.0,0.0,0.0,0.0,0.0,1.0,1.0,0.75,0.525,0.0,0.55,0.49249999999999994,False,0,0
2281,202512231153,1.0,1.0,1.0,1.0,45,m1,0,0,1.0,1.0,1.0,1.0,1.0,50.0,0.0,0.0,0.0,0.0,1.0,1.0,0.15,0.525,0.0,0.55,0.3125,False,0,0
2282,202512231154,1.0,1.0,1.0,1.0,71,m1,0,0,1.0,1.0,1.0,1.0,1.0,50.0,0.0,0.0,0.0,0.0,1.0,1.0,0.35,0.525,0.0,0.55,0.37250000000000005,False,0,0
2283,202512231155,1.0,1.0,1.0,1.0,93,m1,0,0,1.0,1.0,1.0,1.0,1.0,50.0,0.0,0.0,0.0,0.0,1.0,1.0,0.725,0.525,0.0,0.55,0.485,False,0,0
2284,202512231156,1.0,1.0,1.0,1.0,70,m1,0,0,1.0,1.0,1.0,1.0,1.0,50.0,0.0,0.0,0.0,0.0,1.0,1.0,0.3,0.525,0.0,0.55,0.35750000000000004,False,0,0
2285,202512231157,1.0,1.0,1.0,1.0,85,m1,0,0,1.0,1.0,1.0,1.0,1.0,50.0,0.0,0.0,0.0,0.0,1.0,1.0,0.525,0.525,0.0,0.55,0.42500000000000004,False,0,0
2286,202512231158,1.0,1.0,1.0,1.0,64,m1,0,0,1.0,1.0,1.0,1.0,1.0,50.0,0.0,0.0,0.0,0.0,1.0,1.0,0.2,0.525,0.0,0.55,0.3275,False,0,0
2287,202512231159,1.0,1.0,1.0,1.0,99,m1,0,0,1.0,1.0,1.0,1.0,1.0,50.0,0.0,0.0,0.0,0.0,1.0,1.0,0.875,0.525,0.0,0.55,0.53,False,0,0
2288,202512231200,1.0,1.0,1.0,1.0,125,m1,0,0,1.0,1.0,1.0,1.0,1.0,50.0,0.0,0.0,0.0,0.0,1.0,1.0,0.95,0.525,0.0,0.55,0.5525,False,0,0
2289,202512231201,1.0,1.0,1.0,1.0,117,m1,0,0,1.0,1.0,1.0,1.0,1.0,50.0,0.0,0.0,0.0,0.0,1.0,1.0,0.85,0.525,0.0,0.55,0.5225,False,0,0
2290,202512231202,1.0,1.0,1.0,1.0,136,m1,0,0,1.0,1.0,1.0,1.0,1.0,50.0,0.0,0.0,0.0,0.0,1.0,1.0,1.0,0.525,0.0,0.55,0.5675,False,0,0
2291,202512231203,1.0,1.0,1.0,1.0,59,m1,0,0,1.0,1.0,1.0,1.0,1.0,50.0,0.0,0.0,0.0,0.0,1.0,1.0,0.1,0.525,0.0,0.55,0.2975,False,0,0
2292,202512231204,1.0,1.0,1.0,1.0,135,m1,0,0,1.0,1.0,1.0,1.0,1.0,50.0,0.0,0.0,0.0,0.0,1.0,1.0,0.95,0.525,0.0,0.55,0.5525,False,0,0
2293,202512231205,1.0,1.0,1.0,1.0,87,m1,0,0,1.0,1.0,1.0,1.0,1.0,50.0,0.0,0.0,0.0,0.0,1.0,1.0,0.55,0.525,0.0,0.55,0.4325,False,0,0
2294,202512231206,1.0,1.0,1.0,1.0,99,m1,0,0,1.0,1.0,1.0,1.0,1.0,50.0,0.0,0.0,0.0,0.0,1.0,1.0,0.775,0.525,0.0,0.55,0.5,False,0,0
2295,202512231207,1.0,1.0,1.0,1.0,68,m1,0,0,1.0,1.0,1.0,1.0,1.0,50.0,0.0,0.0,0.0,0.0,1.0,1.0,0.2,0.525,0.0,0.55,0.3275,False,0,0
2296,202512231208,1.0,1.0,1.0,1.0,110,m1,0,0,1.0,1.0,1.0,1.0,1.0,50.0,0.0,0.0,0.0,0.0,1.0,1.0,0.8,0.525,0.0,0.55,0.5075,False,0,0
2297,202512231209,1.0,1.0,1.0,1.0,46,m1,0,0,1.0,1.0,1.0,1.0,1.0,50.0,0.0,0.0,0.0,0.0,1.0,1.0,0.1,0.525,0.0,0.55,0.2975,False,0,0
2298,202512231210,1.0,1.0,1.0,1.0,42,m1,0,0,1.0,1.0,1.0,1.0,1.0,50.0,0.0,0.0,0.0,0.0,1.0,1.0,0.05,0.525,0.0,0.55,0.2825,False,0,0
2299,202512231211,1.0,1.0,1.0,1.0,61,m1,0,0,1.0,1.0,1.0,1.0,1.0,50.0,0.0,0.0,0.0,0.0,1.0,1.0,0.25,0.525,0.0,0.55,0.3425,False,0,0
2300,202512231212,1.0,1.0,1.0,1.0,116,m1,0,0,1.0,1.0,1.0,1.0,1.0,50.0,0.0,0.0,0.0,0.0,1.0,1.0,0.8,0.525,0.0,0.55,0.5075,False,0,0
2301,202512231213,1.0,1.0,1.0,1.0,99,m1,0,0,1.0,1.0,1.0,1.0,1.0,50.0,0.0,0.0,0.0,0.0,1.0,1.0,0.65,0.525,0.0,0.55,0.4625,False,0,0
2302,202512231214,1.0,1.0,1.0,1.0,55,m1,0,0,1.0,1.0,1.0,1.0,1.0,50.0,0.0,0.0,0.0,0.0,1.0,1.0,0.15,0.525,0.0,0.55,0.3125,False,0,0
2303,202512231215,1.0,1.0,1.0,1.0,45,m1,0,0,1.0,1.0,1.0,1.0,1.0,50.0,0.0,0.0,0.0,0.0,1.0,1.0,0.1,0.525,0.0,0.55,0.2975,False,0,0
2304,202512231216,1.0,1.0,1.0,1.0,69,m1,0,0,1.0,1.0,1.0,1.0,1.0,50.0,0.0,0.0,0.0,0.0,1.0,1.0,0.45,0.525,0.0,0.55,0.40249999999999997,False,0,0
2305,202512231217,1.0,1.0,1.0,1.0,112,m1,0,0,1.0,1.0,1.0,1.0,1.0,50.0,0.0,0.0,0.0,0.0,1.0,1.0,0.75,0.525,0.0,0.55,0.49249999999999994,False,0,0
2306,202512231218,1.0,1.0,1.0,1.0,78,m1,0,0,1.0,1.0,1.0,1.0,1.0,50.0,0.0,0.0,0.0,0.0,1.0,1.0,0.45,0.525,0.0,0.55,0.40249999999999997,False,0,0
2307,202512231219,1.0,1.0,1.0,1.0,78,m1,0,0,1.0,1.0,1.0,1.0,1.0,50.0,0.0,0.0,0.0,0.0,1.0,1.0,0.475,0.525,0.0,0.55,0.41000000000000003,False,0,0
2308,202512231220,1.0,1.0,1.0,1.0,166,m1,0,0,1.0,1.0,1.0,1.0,1.0,50.0,0.0,0.0,0.0,0.0,1.0,1.0,1.0,0.525,0.0,0.55,0.5675,False,0,0
2309,202512231221,1.0,1.0,1.0,1.0,62,m1,0,0,1.0,1.0,1.0,1.0,1.0,50.0,0.0,0.0,0.0,0.0,1.0,1.0,0.35,0.525,0.0,0.55,0.37250000000000005,False,0,0
2310,202512231222,1.0,1.0,1.0,1.0,44,m1,0,0,1.0,1.0,1.0,1.0,1.0,50.0,0.0,0.0,0.0,0.0,1.0,1.0,0.1,0.525,0.0,0.55,0.2975,False,0,0
2311,202512231223,1.0,1.0,1.0,1.0,65,m1,0,0,1.0,1.0,1.0,1.0,1.0,50.0,0.0,0.0,0.0,0.0,1.0,1.0,0.4,0.525,0.0,0.55,0.38749999999999996,False,0,0
2312,202512231224,1.0,1.0,1.0,1.0,65,m1,0,0,1.0,1.0,1.0,1.0,1.0,50.0,0.0,0.0,0.0,0.0,1.0,1.0,0.425,0.525,0.0,0.55,0.395,False,0,0
2313,202512231225,1.0,1.0,1.0,1.0,55,m1,0,0,1.0,1.0,1.0,1.0,1.0,50.0,0.0,0.0,0.0,0.0,1.0,1.0,0.275,0.525,0.0,0.55,0.35,False,0,0
2314,202512231226,1.0,1.0,1.0,1.0,51,m1,0,0,1.0,1.0,1.0,1.0,1.0,50.0,0.0,0.0,0.0,0.0,1.0,1.0,0.25,0.525,0.0,0.55,0.3425,False,0,0
2315,202512231227,1.0,1.0,1.0,1.0,135,m1,0,0,1.0,1.0,1.0,1.0,1.0,50.0,0.0,0.0,0.0,0.0,1.0,1.0,0.95,0.525,0.0,0.55,0.5525,False,0,0
2316,202512231228,1.0,1.0,1.0,1.0,169,m1,0,0,1.0,1.0,1.0,1.0,1.0,50.0,0.0,0.0,0.0,0.0,1.0,1.0,1.0,0.525,0.0,0.55,0.5675,False,0,0
2317,202512231229,1.0,1.0,1.0,1.0,91,m1,0,0,1.0,1.0,1.0,1.0,1.0,50.0,0.0,0.0,0.0,0.0,1.0,1.0,0.7,0.525,0.0,0.55,0.47750000000000004,False,0,0
2318,202512231230,1.0,1.0,1.0,1.0,124,m1,0,0,1.0,1.0,1.0,1.0,1.0,50.0,0.0,0.0,0.0,0.0,1.0,1.0,0.85,0.525,0.0,0.55,0.5225,False,0,0
2319,202512231231,1.0,1.0,1.0,1.0,197,m1,0,0,1.0,1.0,1.0,1.0,1.0,50.0,0.0,0.0,0.0,0.0,1.0,1.0,1.0,0.525,0.0,0.55,0.5675,False,0,0
2320,202512231232,1.0,1.0,1.0,1.0,133,m1,0,0,1.0,1.0,1.0,1.0,1.0,50.0,0.0,0.0,0.0,0.0,1.0,1.0,0.8,0.525,0.0,0.55,0.5075,False,0,0
2321,202512231233,1.0,1.0,1.0,1.0,106,m1,0,0,1.0,1.0,1.0,1.0,1.0,50.0,0.0,0.0,0.0,0.0,1.0,1.0,0.65,0.525,0.0,0.55,0.4625,False,0,0
2322,202512231234,1.0,1.0,1.0,1.0,100,m1,0,0,1.0,1.0,1.0,1.0,1.0,50.0,0.0,0.0,0.0,0.0,1.0,1.0,0.6,0.525,0.0,0.55,0.4475,False,0,0
2323,202512231235,1.0,1.0,1.0,1.0,137,m1,0,0,1.0,1.0,1.0,1.0,1.0,50.0,0.0,0.0,0.0,0.0,1.0,1.0,0.85,0.525,0.0,0.55,0.5225,False,0,0
2324,202512231236,1.0,1.0,1.0,1.0,107,m1,0,0,1.0,1.0,1.0,1.0,1.0,50.0,0.0,0.0,0.0,0.0,1.0,1.0,0.6,0.525,0.0,0.55,0.4475,False,0,0
2325,202512231237,1.0,1.0,1.0,1.0,96,m1,0,0,1.0,1.0,1.0,1.0,1.0,50.0,0.0,0.0,0.0,0.0,1.0,1.0,0.5,0.525,0.0,0.55,0.4175,False,0,0
2326,202512231238,1.0,1.0,1.0,1.0,66,m1,0,0,1.0,1.0,1.0,1.0,1.0,50.0,0.0,0.0,0.0,0.0,1.0,1.0,0.35,0.525,0.0,0.55,0.37250000000000005,False,0,0
2327,202512231239,1.0,1.0,1.0,1.0,46,m1,0,0,1.0,1.0,1.0,1.0,1.0,50.0,0.0,0.0,0.0,0.0,1.0,1.0,0.1,0.525,0.0,0.55,0.2975,False,0,0
2328,202512231240,1.0,1.0,1.0,1.0,78,m1,0,0,1.0,1.0,1.0,1.0,1.0,50.0,0.0,0.0,0.0,0.0,1.0,1.0,0.45,0.525,0.0,0.55,0.40249999999999997,False,0,0
2329,202512231241,1.0,1.0,1.0,1.0,101,m1,0,0,1.0,1.0,1.0,1.0,1.0,50.0,0.0,0.0,0.0,0.0,1.0,1.0,0.6,0.525,0.0,0.55,0.4475,False,0,0
2330,202512231242,1.0,1.0,1.0,1.0,46,m1,0,0,1.0,1.0,1.0,1.0,1.0,50.0,0.0,0.0,0.0,0.0,1.0,1.0,0.075,0.525,0.0,0.55,0.29000000000000004,False,0,0
2331,202512231243,1.0,1.0,1.0,1.0,79,m1,0,0,1.0,1.0,1.0,1.0,1.0,50.0,0.0,0.0,0.0,0.0,1.0,1.0,0.4,0.525,0.0,0.55,0.38749999999999996,False,0,0
2332,202512231244,1.0,1.0,1.0,1.0,59,m1,0,0,1.0,1.0,1.0,1.0,1.0,50.0,0.0,0.0,0.0,0.0,1.0,1.0,0.25,0.525,0.0,0.55,0.3425,False,0,0
2333,202512231245,1.0,1.0,1.0,1.0,43,m1,0,0,1.0,1.0,1.0,1.0,1.0,50.0,0.0,0.0,0.0,0.0,1.0,1.0,0.05,0.525,0.0,0.55,0.2825,False,0,0
2334,202512231246,1.0,1.0,1.0,1.0,46,m1,0,0,1.0,1.0,1.0,1.0,1.0,50.0,0.0,0.0,0.0,0.0,1.0,1.0,0.15,0.525,0.0,0.55,0.3125,False,0,0
2335,202512231247,1.0,1.0,1.0,1.0,41,m1,0,0,1.0,1.0,1.0,1.0,1.0,50.0,0.0,0.0,0.0,0.0,1.0,1.0,0.05,0.525,0.0,0.55,0.2825,False,0,0
2336,202512231248,1.0,1.0,1.0,1.0,84,m1,0,0,1.0,1.0,1.0,1.0,1.0,50.0,0.0,0.0,0.0,0.0,1.0,1.0,0.5,0.525,0.0,0.55,0.4175,False,0,0
2337,202512231249,1.0,1.0,1.0,1.0,61,m1,0,0,1.0,1.0,1.0,1.0,1.0,50.0,0.0,0.0,0.0,0.0,1.0,1.0,0.35,0.525,0.0,0.55,0.37250000000000005,False,0,0
2338,202512231250,1.0,1.0,1.0,1.0,97,m1,0,0,1.0,1.0,1.0,1.0,1.0,50.0,0.0,0.0,0.0,0.0,1.0,1.0,0.65,0.525,0.0,0.55,0.4625,False,0,0
2339,202512231251,1.0,1.0,1.0,1.0,90,m1,0,0,1.0,1.0,1.0,1.0,1.0,50.0,0.0,0.0,0.0,0.0,1.0,1.0,0.6,0.525,0.0,0.55,0.4475,False,0,0
2340,202512231252,1.0,1.0,1.0,1.0,110,m1,0,0,1.0,1.0,1.0,1.0,1.0,50.0,0.0,0.0,0.0,0.0,1.0,1.0,0.95,0.525,0.0,0.55,0.5525,False,0,0
2341,202512231253,1.0,1.0,1.0,1.0,125,m1,0,0,1.0,1.0,1.0,1.0,1.0,50.0,0.0,0.0,0.0,0.0,1.0,1.0,0.95,0.525,0.0,0.55,0.5525,False,0,0
2342,202512231254,1.0,1.0,1.0,1.0,261,m1,0,0,1.0,1.0,1.0,1.0,1.0,50.0,0.0,0.0,0.0,0.0,1.0,1.0,1.0,0.525,0.0,0.55,0.5675,False,0,0
2343,202512231255,1.0,1.0,1.0,1.0,292,m1,0,0,1.0,1.0,1.0,1.0,1.0,50.0,0.0,0.0,0.0,0.0,1.0,1.0,1.0,0.525,0.0,0.55,0.5675,False,0,0
2344,202512231256,1.0,1.0,1.0,1.0,241,m1,0,0,1.0,1.0,1.0,1.0,1.0,50.0,0.0,0.0,0.0,0.0,1.0,1.0,0.9,0.525,0.0,0.55,0.5375,False,0,0
2345,202512231257,1.0,1.0,1.0,1.0,174,m1,0,0,1.0,1.0,1.0,1.0,1.0,50.0,0.0,0.0,0.0,0.0,1.0,1.0,0.85,0.525,0.0,0.55,0.5225,False,0,0
2346,202512231258,1.0,1.0,1.0,1.0,190,m1,0,0,1.0,1.0,1.0,1.0,1.0,50.0,0.0,0.0,0.0,0.0,1.0,1.0,0.85,0.525,0.0,0.55,0.5225,False,0,0
2347,202512231259,1.0,1.0,1.0,1.0,199,m1,0,0,1.0,1.0,1.0,1.0,1.0,50.0,0.0,0.0,0.0,0.0,1.0,1.0,0.85,0.525,0.0,0.55,0.5225,False,0,0
2348,202512231300,1.0,1.0,1.0,1.0,197,m1,0,0,1.0,1.0,1.0,1.0,1.0,50.0,0.0,0.0,0.0,0.0,1.0,1.0,0.8,0.525,0.0,0.55,0.5075,False,0,0
2349,202512231301,1.0,1.0,1.0,1.0,148,m1,0,0,1.0,1.0,1.0,1.0,1.0,50.0,0.0,0.0,0.0,0.0,1.0,1.0,0.65,0.525,0.0,0.55,0.4625,False,0,0
2350,202512231302,1.0,1.0,1.0,1.0,149,m1,0,0,1.0,1.0,1.0,1.0,1.0,50.0,0.0,0.0,0.0,0.0,1.0,1.0,0.65,0.525,0.0,0.55,0.4625,False,0,0
2351,202512231303,1.0,1.0,1.0,1.0,153,m1,0,0,1.0,1.0,1.0,1.0,1.0,50.0,0.0,0.0,0.0,0.0,1.0,1.0,0.65,0.525,0.0,0.55,0.4625,False,0,0
2352,202512231304,1.0,1.0,1.0,1.0,159,m1,0,0,1.0,1.0,1.0,1.0,1.0,50.0,0.0,0.0,0.0,0.0,1.0,1.0,0.65,0.525,0.0,0.55,0.4625,False,0,0
2353,202512231305,1.0,1.0,1.0,1.0,85,m1,0,0,1.0,1.0,1.0,1.0,1.0,50.0,0.0,0.0,0.0,0.0,1.0,1.0,0.25,0.525,0.0,0.55,0.3425,False,0,0
2354,202512231306,1.0,1.0,1.0,1.0,129,m1,0,0,1.0,1.0,1.0,1.0,1.0,50.0,0.0,0.0,0.0,0.0,1.0,1.0,0.45,0.525,0.0,0.55,0.40249999999999997,False,0,0
2355,202512231307,1.0,1.0,1.0,1.0,157,m1,0,0,1.0,1.0,1.0,1.0,1.0,50.0,0.0,0.0,0.0,0.0,1.0,1.0,0.6,0.525,0.0,0.55,0.4475,False,0,0
2356,202512231308,1.0,1.0,1.0,1.0,154,m1,0,0,1.0,1.0,1.0,1.0,1.0,50.0,0.0,0.0,0.0,0.0,1.0,1.0,0.55,0.525,0.0,0.55,0.4325,False,0,0
2357,202512231309,1.0,1.0,1.0,1.0,139,m1,0,0,1.0,1.0,1.0,1.0,1.0,50.0,0.0,0.0,0.0,0.0,1.0,1.0,0.35,0.525,0.0,0.55,0.37250000000000005,False,0,0
2358,202512231310,1.0,1.0,1.0,1.0,189,m1,0,0,1.0,1.0,1.0,1.0,1.0,50.0,0.0,0.0,0.0,0.0,1.0,1.0,0.7,0.525,0.0,0.55,0.47750000000000004,False,0,0
2359,202512231311,1.0,1.0,1.0,1.0,113,m1,0,0,1.0,1.0,1.0,1.0,1.0,50.0,0.0,0.0,0.0,0.0,1.0,1.0,0.15,0.525,0.0,0.55,0.3125,False,0,0
2360,202512231312,1.0,1.0,1.0,1.0,114,m1,0,0,1.0,1.0,1.0,1.0,1.0,50.0,0.0,0.0,0.0,0.0,1.0,1.0,0.15,0.525,0.0,0.55,0.3125,False,0,0
2361,202512231313,1.0,1.0,1.0,1.0,108,m1,0,0,1.0,1.0,1.0,1.0,1.0,50.0,0.0,0.0,0.0,0.0,1.0,1.0,0.1,0.525,0.0,0.55,0.2975,False,0,0
2362,202512231314,1.0,1.0,1.0,1.0,158,m1,0,0,1.0,1.0,1.0,1.0,1.0,50.0,0.0,0.0,0.0,0.0,1.0,1.0,0.6,0.525,0.0,0.55,0.4475,False,0,0
2363,202512231315,1.0,1.0,1.0,1.0,116,m1,0,0,1.0,1.0,1.0,1.0,1.0,50.0,0.0,0.0,0.0,0.0,1.0,1.0,0.25,0.525,0.0,0.55,0.3425,False,0,0
2364,202512231316,1.0,1.0,1.0,1.0,120,m1,0,0,1.0,1.0,1.0,1.0,1.0,50.0,0.0,0.0,0.0,0.0,1.0,1.0,0.3,0.525,0.0,0.55,0.35750000000000004,False,0,0
2365,202512231317,1.0,1.0,1.0,1.0,152,m1,0,0,1.0,1.0,1.0,1.0,1.0,50.0,0.0,0.0,0.0,0.0,1.0,1.0,0.55,0.525,0.0,0.55,0.4325,False,0,0
2366,202512231318,1.0,1.0,1.0,1.0,178,m1,0,0,1.0,1.0,1.0,1.0,1.0,50.0,0.0,0.0,0.0,0.0,1.0,1.0,0.85,0.525,0.0,0.55,0.5225,False,0,0
2367,202512231319,1.0,1.0,1.0,1.0,192,m1,0,0,1.0,1.0,1.0,1.0,1.0,50.0,0.0,0.0,0.0,0.0,1.0,1.0,0.95,0.525,0.0,0.55,0.5525,False,0,0
2368,202512231320,1.0,1.0,1.0,1.0,271,m1,0,0,1.0,1.0,1.0,1.0,1.0,50.0,0.0,0.0,0.0,0.0,1.0,1.0,1.0,0.525,0.0,0.55,0.5675,False,0,0
2369,202512231321,1.0,1.0,1.0,1.0,64,m1,0,0,1.0,1.0,1.0,1.0,1.0,50.0,0.0,0.0,0.0,0.0,1.0,1.0,0.05,0.525,0.0,0.55,0.2825,False,0,0
2370,202512231322,1.0,1.0,1.0,1.0,133,m1,0,0,1.0,1.0,1.0,1.0,1.0,50.0,0.0,0.0,0.0,0.0,1.0,1.0,0.45,0.525,0.0,0.55,0.40249999999999997,False,0,0
2371,202512231323,1.0,1.0,1.0,1.0,153,m1,0,0,1.0,1.0,1.0,1.0,1.0,50.0,0.0,0.0,0.0,0.0,1.0,1.0,0.6,0.525,0.0,0.55,0.4475,False,0,0
2372,202512231324,1.0,1.0,1.0,1.0,159,m1,0,0,1.0,1.0,1.0,1.0,1.0,50.0,0.0,0.0,0.0,0.0,1.0,1.0,0.8,0.525,0.0,0.55,0.5075,False,0,0
2373,202512231325,1.0,1.0,1.0,1.0,162,m1,0,0,1.0,1.0,1.0,1.0,1.0,50.0,0.0,0.0,0.0,0.0,1.0,1.0,0.8,0.525,0.0,0.55,0.5075,False,0,0
2374,202512231326,1.0,1.0,1.0,1.0,60,m1,0,0,1.0,1.0,1.0,1.0,1.0,50.0,0.0,0.0,0.0,0.0,1.0,1.0,0.05,0.525,0.0,0.55,0.2825,False,0,0
2375,202512231327,1.0,1.0,1.0,1.0,67,m1,0,0,1.0,1.0,1.0,1.0,1.0,50.0,0.0,0.0,0.0,0.0,1.0,1.0,0.15,0.525,0.0,0.55,0.3125,False,0,0
2376,202512231328,1.0,1.0,1.0,1.0,87,m1,0,0,1.0,1.0,1.0,1.0,1.0,50.0,0.0,0.0,0.0,0.0,1.0,1.0,0.2,0.525,0.0,0.55,0.3275,False,0,0
2377,202512231329,1.0,1.0,1.0,1.0,110,m1,0,0,1.0,1.0,1.0,1.0,1.0,50.0,0.0,0.0,0.0,0.0,1.0,1.0,0.3,0.525,0.0,0.55,0.35750000000000004,False,0,0
2378,202512231330,1.0,1.0,1.0,1.0,442,m1,0,0,1.0,1.0,1.0,1.0,1.0,50.0,0.0,0.0,0.0,0.0,1.0,1.0,1.0,0.525,0.0,0.55,0.5675,False,0,0
2379,202512231331,1.0,1.0,1.0,1.0,220,m1,0,0,1.0,1.0,1.0,1.0,1.0,50.0,0.0,0.0,0.0,0.0,1.0,1.0,0.9,0.525,0.0,0.55,0.5375,False,0,0
2380,202512231332,1.0,1.0,1.0,1.0,225,m1,0,0,1.0,1.0,1.0,1.0,1.0,50.0,0.0,0.0,0.0,0.0,1.0,1.0,0.9,0.525,0.0,0.55,0.5375,False,0,0
2381,202512231333,1.0,1.0,1.0,1.0,198,m1,0,0,1.0,1.0,1.0,1.0,1.0,50.0,0.0,0.0,0.0,0.0,1.0,1.0,0.8,0.525,0.0,0.55,0.5075,False,0,0
2382,202512231334,1.0,1.0,1.0,1.0,209,m1,0,0,1.0,1.0,1.0,1.0,1.0,50.0,0.0,0.0,0.0,0.0,1.0,1.0,0.8,0.525,0.0,0.55,0.5075,False,0,0
2383,202512231335,1.0,1.0,1.0,1.0,226,m1,0,0,1.0,1.0,1.0,1.0,1.0,50.0,0.0,0.0,0.0,0.0,1.0,1.0,0.9,0.525,0.0,0.55,0.5375,False,0,0
2384,202512231336,1.0,1.0,1.0,1.0,235,m1,0,0,1.0,1.0,1.0,1.0,1.0,50.0,0.0,0.0,0.0,0.0,1.0,1.0,0.9,0.525,0.0,0.55,0.5375,False,0,0
2385,202512231337,1.0,1.0,1.0,1.0,224,m1,0,0,1.0,1.0,1.0,1.0,1.0,50.0,0.0,0.0,0.0,0.0,1.0,1.0,0.75,0.525,0.0,0.55,0.49249999999999994,False,0,0
2386,202512231338,1.0,1.0,1.0,1.0,258,m1,0,0,1.0,1.0,1.0,1.0,1.0,50.0,0.0,0.0,0.0,0.0,1.0,1.0,0.9,0.525,0.0,0.55,0.5375,False,0,0
2387,202512231339,1.0,1.0,1.0,1.0,271,m1,0,0,1.0,1.0,1.0,1.0,1.0,50.0,0.0,0.0,0.0,0.0,1.0,1.0,0.925,0.525,0.0,0.55,0.545,False,0,0
2388,202512231340,1.0,1.0,1.0,1.0,188,m1,0,0,1.0,1.0,1.0,1.0,1.0,50.0,0.0,0.0,0.0,0.0,1.0,1.0,0.5,0.525,0.0,0.55,0.4175,False,0,0
2389,202512231341,1.0,1.0,1.0,1.0,168,m1,0,0,1.0,1.0,1.0,1.0,1.0,50.0,0.0,0.0,0.0,0.0,1.0,1.0,0.45,0.525,0.0,0.55,0.40249999999999997,False,0,0
2390,202512231342,1.0,1.0,1.0,1.0,197,m1,0,0,1.0,1.0,1.0,1.0,1.0,50.0,0.0,0.0,0.0,0.0,1.0,1.0,0.5,0.525,0.0,0.55,0.4175,False,0,0
2391,202512231343,1.0,1.0,1.0,1.0,187,m1,0,0,1.0,1.0,1.0,1.0,1.0,50.0,0.0,0.0,0.0,0.0,1.0,1.0,0.4,0.525,0.0,0.55,0.38749999999999996,False,0,0
2392,202512231344,1.0,1.0,1.0,1.0,164,m1,0,0,1.0,1.0,1.0,1.0,1.0,50.0,0.0,0.0,0.0,0.0,1.0,1.0,0.3,0.525,0.0,0.55,0.35750000000000004,False,0,0
2393,202512231345,1.0,1.0,1.0,1.0,199,m1,0,0,1.0,1.0,1.0,1.0,1.0,50.0,0.0,0.0,0.0,0.0,1.0,1.0,0.55,0.525,0.0,0.55,0.4325,False,0,0
2394,202512231346,1.0,1.0,1.0,1.0,257,m1,0,0,1.0,1.0,1.0,1.0,1.0,50.0,0.0,0.0,0.0,0.0,1.0,1.0,0.85,0.525,0.0,0.55,0.5225,False,0,0
2395,202512231347,1.0,1.0,1.0,1.0,224,m1,0,0,1.0,1.0,1.0,1.0,1.0,50.0,0.0,0.0,0.0,0.0,1.0,1.0,0.625,0.525,0.0,0.55,0.45499999999999996,False,0,0
2396,202512231348,1.0,1.0,1.0,1.0,179,m1,0,0,1.0,1.0,1.0,1.0,1.0,50.0,0.0,0.0,0.0,0.0,1.0,1.0,0.2,0.525,0.0,0.55,0.3275,False,0,0
2397,202512231349,1.0,1.0,1.0,1.0,212,m1,0,0,1.0,1.0,1.0,1.0,1.0,50.0,0.0,0.0,0.0,0.0,1.0,1.0,0.5,0.525,0.0,0.55,0.4175,False,0,0
2398,202512231350,1.0,1.0,1.0,1.0,267,m1,0,0,1.0,1.0,1.0,1.0,1.0,50.0,0.0,0.0,0.0,0.0,1.0,1.0,0.95,0.525,0.0,0.55,0.5525,False,0,0
2399,202512231351,1.0,1.0,1.0,1.0,303,m1,0,0,1.0,1.0,1.0,1.0,1.0,50.0,0.0,0.0,0.0,0.0,1.0,1.0,1.0,0.525,0.0,0.55,0.5675,False,0,0
2400,202512231352,1.0,1.0,1.0,1.0,338,m1,0,0,1.0,1.0,1.0,1.0,1.0,50.0,0.0,0.0,0.0,0.0,1.0,1.0,1.0,0.525,0.0,0.55,0.5675,False,0,0
2401,202512231353,1.0,1.0,1.0,1.0,418,m1,0,0,1.0,1.0,1.0,1.0,1.0,50.0,0.0,0.0,0.0,0.0,1.0,1.0,1.0,0.525,0.0,0.55,0.5675,False,0,0
2402,202512231354,1.0,1.0,1.0,1.0,324,m1,0,0,1.0,1.0,1.0,1.0,1.0,50.0,0.0,0.0,0.0,0.0,1.0,1.0,0.9,0.525,0.0,0.55,0.5375,False,0,0
2403,202512231355,1.0,1.0,1.0,1.0,293,m1,0,0,1.0,1.0,1.0,1.0,1.0,50.0,0.0,0.0,0.0,0.0,1.0,1.0,0.8,0.525,0.0,0.55,0.5075,False,0,0
2404,202512231356,1.0,1.0,1.0,1.0,288,m1,0,0,1.0,1.0,1.0,1.0,1.0,50.0,0.0,0.0,0.0,0.0,1.0,1.0,0.75,0.525,0.0,0.55,0.49249999999999994,False,0,0
2405,202512231357,1.0,1.0,1.0,1.0,311,m1,0,0,1.0,1.0,1.0,1.0,1.0,50.0,0.0,0.0,0.0,0.0,1.0,1.0,0.85,0.525,0.0,0.55,0.5225,False,0,0
2406,202512231358,1.0,1.0,1.0,1.0,406,m1,0,0,1.0,1.0,1.0,1.0,1.0,50.0,0.0,0.0,0.0,0.0,1.0,1.0,0.95,0.525,0.0,0.55,0.5525,False,0,0
2407,202512231359,1.0,1.0,1.0,1.0,378,m1,0,0,1.0,1.0,1.0,1.0,1.0,50.0,0.0,0.0,0.0,0.0,1.0,1.0,0.9,0.525,0.0,0.55,0.5375,False,0,0
2408,202512231400,1.0,1.0,1.0,1.0,283,m1,0,0,1.0,1.0,1.0,1.0,1.0,50.0,0.0,0.0,0.0,0.0,1.0,1.0,0.55,0.525,0.0,0.55,0.4325,False,0,0
2409,202512231401,1.0,1.0,1.0,1.0,272,m1,0,0,1.0,1.0,1.0,1.0,1.0,50.0,0.0,0.0,0.0,0.0,1.0,1.0,0.5,0.525,0.0,0.55,0.4175,False,0,0
2410,202512231402,1.0,1.0,1.0,1.0,283,m1,0,0,1.0,1.0,1.0,1.0,1.0,50.0,0.0,0.0,0.0,0.0,1.0,1.0,0.525,0.525,0.0,0.55,0.42500000000000004,False,0,0
2411,202512231403,1.0,1.0,1.0,1.0,153,m1,0,0,1.0,1.0,1.0,1.0,1.0,50.0,0.0,0.0,0.0,0.0,1.0,1.0,0.05,0.525,0.0,0.55,0.2825,False,0,0
2412,202512231404,1.0,1.0,1.0,1.0,149,m1,0,0,1.0,1.0,1.0,1.0,1.0,50.0,0.0,0.0,0.0,0.0,1.0,1.0,0.05,0.525,0.0,0.55,0.2825,False,0,0
2413,202512231405,1.0,1.0,1.0,1.0,247,m1,0,0,1.0,1.0,1.0,1.0,1.0,50.0,0.0,0.0,0.0,0.0,1.0,1.0,0.3,0.525,0.0,0.55,0.35750000000000004,False,0,0
2414,202512231406,1.0,1.0,1.0,1.0,256,m1,0,0,1.0,1.0,1.0,1.0,1.0,50.0,0.0,0.0,0.0,0.0,1.0,1.0,0.35,0.525,0.0,0.55,0.37250000000000005,False,0,0
2415,202512231407,1.0,1.0,1.0,1.0,256,m1,0,0,1.0,1.0,1.0,1.0,1.0,50.0,0.0,0.0,0.0,0.0,1.0,1.0,0.325,0.525,0.0,0.55,0.365,False,0,0
2416,202512231408,1.0,1.0,1.0,1.0,214,m1,0,0,1.0,1.0,1.0,1.0,1.0,50.0,0.0,0.0,0.0,0.0,1.0,1.0,0.2,0.525,0.0,0.55,0.3275,False,0,0
2417,202512231409,1.0,1.0,1.0,1.0,174,m1,0,0,1.0,1.0,1.0,1.0,1.0,50.0,0.0,0.0,0.0,0.0,1.0,1.0,0.15,0.525,0.0,0.55,0.3125,False,0,0
2418,202512231410,1.0,1.0,1.0,1.0,197,m1,0,0,1.0,1.0,1.0,1.0,1.0,50.0,0.0,0.0,0.0,0.0,1.0,1.0,0.2,0.525,0.0,0.55,0.3275,False,0,0
2419,202512231411,1.0,1.0,1.0,1.0,197,m1,0,0,1.0,1.0,1.0,1.0,1.0,50.0,0.0,0.0,0.0,0.0,1.0,1.0,0.225,0.525,0.0,0.55,0.335,False,0,0
2420,202512231412,1.0,1.0,1.0,1.0,115,m1,0,0,1.0,1.0,1.0,1.0,1.0,50.0,0.0,0.0,0.0,0.0,1.0,1.0,0.05,0.525,0.0,0.55,0.2825,False,0,0
2421,202512231413,1.0,1.0,1.0,1.0,125,m1,0,0,1.0,1.0,1.0,1.0,1.0,50.0,0.0,0.0,0.0,0.0,1.0,1.0,0.1,0.525,0.0,0.55,0.2975,False,0,0
2422,202512231414,1.0,1.0,1.0,1.0,91,m1,0,0,1.0,1.0,1.0,1.0,1.0,50.0,0.0,0.0,0.0,0.0,1.0,1.0,0.05,0.525,0.0,0.55,0.2825,False,0,0
2423,202512231415,1.0,1.0,1.0,1.0,169,m1,0,0,1.0,1.0,1.0,1.0,1.0,50.0,0.0,0.0,0.0,0.0,1.0,1.0,0.3,0.525,0.0,0.55,0.35750000000000004,False,0,0
2424,202512231416,1.0,1.0,1.0,1.0,164,m1,0,0,1.0,1.0,1.0,1.0,1.0,50.0,0.0,0.0,0.0,0.0,1.0,1.0,0.3,0.525,0.0,0.55,0.35750000000000004,False,0,0
2425,202512231417,1.0,1.0,1.0,1.0,270,m1,0,0,1.0,1.0,1.0,1.0,1.0,50.0,0.0,0.0,0.0,0.0,1.0,1.0,0.75,0.525,0.0,0.55,0.49249999999999994,False,0,0
2426,202512231418,1.0,1.0,1.0,1.0,205,m1,0,0,1.0,1.0,1.0,1.0,1.0,50.0,0.0,0.0,0.0,0.0,1.0,1.0,0.55,0.525,0.0,0.55,0.4325,False,0,0
2427,202512231419,1.0,1.0,1.0,1.0,240,m1,0,0,1.0,1.0,1.0,1.0,1.0,50.0,0.0,0.0,0.0,0.0,1.0,1.0,0.65,0.525,0.0,0.55,0.4625,False,0,0
2428,202512231420,1.0,1.0,1.0,1.0,266,m1,0,0,1.0,1.0,1.0,1.0,1.0,50.0,0.0,0.0,0.0,0.0,1.0,1.0,0.85,0.525,0.0,0.55,0.5225,False,0,0
2429,202512231421,1.0,1.0,1.0,1.0,267,m1,0,0,1.0,1.0,1.0,1.0,1.0,50.0,0.0,0.0,0.0,0.0,1.0,1.0,0.9,0.525,0.0,0.55,0.5375,False,0,0
2430,202512231422,1.0,1.0,1.0,1.0,223,m1,0,0,1.0,1.0,1.0,1.0,1.0,50.0,0.0,0.0,0.0,0.0,1.0,1.0,0.65,0.525,0.0,0.55,0.4625,False,0,0
2431,202512231423,1.0,1.0,1.0,1.0,187,m1,0,0,1.0,1.0,1.0,1.0,1.0,50.0,0.0,0.0,0.0,0.0,1.0,1.0,0.4,0.525,0.0,0.55,0.38749999999999996,False,0,0
2432,202512231424,1.0,1.0,1.0,1.0,150,m1,0,0,1.0,1.0,1.0,1.0,1.0,50.0,0.0,0.0,0.0,0.0,1.0,1.0,0.2,0.525,0.0,0.55,0.3275,False,0,0
2433,202512231425,1.0,1.0,1.0,1.0,144,m1,0,0,1.0,1.0,1.0,1.0,1.0,50.0,0.0,0.0,0.0,0.0,1.0,1.0,0.2,0.525,0.0,0.55,0.3275,False,0,0
2434,202512231426,1.0,1.0,1.0,1.0,170,m1,0,0,1.0,1.0,1.0,1.0,1.0,50.0,0.0,0.0,0.0,0.0,1.0,1.0,0.4,0.525,0.0,0.55,0.38749999999999996,False,0,0
2435,202512231427,1.0,1.0,1.0,1.0,132,m1,0,0,1.0,1.0,1.0,1.0,1.0,50.0,0.0,0.0,0.0,0.0,1.0,1.0,0.2,0.525,0.0,0.55,0.3275,False,0,0
2436,202512231428,1.0,1.0,1.0,1.0,124,m1,0,0,1.0,1.0,1.0,1.0,1.0,50.0,0.0,0.0,0.0,0.0,1.0,1.0,0.15,0.525,0.0,0.55,0.3125,False,0,0
2437,202512231429,1.0,1.0,1.0,1.0,162,m1,0,0,1.0,1.0,1.0,1.0,1.0,50.0,0.0,0.0,0.0,0.0,1.0,1.0,0.4,0.525,0.0,0.55,0.38749999999999996,False,0,0
2438,202512231430,1.0,1.0,1.0,1.0,396,m1,0,0,1.0,1.0,1.0,1.0,1.0,50.0,0.0,0.0,0.0,0.0,1.0,1.0,1.0,0.525,0.0,0.55,0.5675,False,0,0
2439,202512231431,1.0,1.0,1.0,1.0,227,m1,0,0,1.0,1.0,1.0,1.0,1.0,50.0,0.0,0.0,0.0,0.0,1.0,1.0,0.75,0.525,0.0,0.55,0.49249999999999994,False,0,0
2440,202512231432,1.0,1.0,1.0,1.0,288,m1,0,0,1.0,1.0,1.0,1.0,1.0,50.0,0.0,0.0,0.0,0.0,1.0,1.0,0.95,0.525,0.0,0.55,0.5525,False,0,0
2441,202512231433,1.0,1.0,1.0,1.0,268,m1,0,0,1.0,1.0,1.0,1.0,1.0,50.0,0.0,0.0,0.0,0.0,1.0,1.0,0.85,0.525,0.0,0.55,0.5225,False,0,0
2442,202512231434,1.0,1.0,1.0,1.0,177,m1,0,0,1.0,1.0,1.0,1.0,1.0,50.0,0.0,0.0,0.0,0.0,1.0,1.0,0.45,0.525,0.0,0.55,0.40249999999999997,False,0,0
2443,202512231435,1.0,1.0,1.0,1.0,251,m1,0,0,1.0,1.0,1.0,1.0,1.0,50.0,0.0,0.0,0.0,0.0,1.0,1.0,0.7,0.525,0.0,0.55,0.47750000000000004,False,0,0
2444,202512231436,1.0,1.0,1.0,1.0,244,m1,0,0,1.0,1.0,1.0,1.0,1.0,50.0,0.0,0.0,0.0,0.0,1.0,1.0,0.65,0.525,0.0,0.55,0.4625,False,0,0
2445,202512231437,1.0,1.0,1.0,1.0,178,m1,0,0,1.0,1.0,1.0,1.0,1.0,50.0,0.0,0.0,0.0,0.0,1.0,1.0,0.4,0.525,0.0,0.55,0.38749999999999996,False,0,0
2446,202512231438,1.0,1.0,1.0,1.0,238,m1,0,0,1.0,1.0,1.0,1.0,1.0,50.0,0.0,0.0,0.0,0.0,1.0,1.0,0.6,0.525,0.0,0.55,0.4475,False,0,0
2447,202512231439,1.0,1.0,1.0,1.0,241,m1,0,0,1.0,1.0,1.0,1.0,1.0,50.0,0.0,0.0,0.0,0.0,1.0,1.0,0.65,0.525,0.0,0.55,0.4625,False,0,0
2448,202512231440,1.0,1.0,1.0,1.0,155,m1,0,0,1.0,1.0,1.0,1.0,1.0,50.0,0.0,0.0,0.0,0.0,1.0,1.0,0.25,0.525,0.0,0.55,0.3425,False,0,0
2449,202512231441,1.0,1.0,1.0,1.0,299,m1,0,0,1.0,1.0,1.0,1.0,1.0,50.0,0.0,0.0,0.0,0.0,1.0,1.0,0.95,0.525,0.0,0.55,0.5525,False,0,0
2450,202512231442,1.0,1.0,1.0,1.0,193,m1,0,0,1.0,1.0,1.0,1.0,1.0,50.0,0.0,0.0,0.0,0.0,1.0,1.0,0.55,0.525,0.0,0.55,0.4325,False,0,0
2451,202512231443,1.0,1.0,1.0,1.0,233,m1,0,0,1.0,1.0,1.0,1.0,1.0,50.0,0.0,0.0,0.0,0.0,1.0,1.0,0.6,0.525,0.0,0.55,0.4475,False,0,0
2452,202512231444,1.0,1.0,1.0,1.0,130,m1,0,0,1.0,1.0,1.0,1.0,1.0,50.0,0.0,0.0,0.0,0.0,1.0,1.0,0.1,0.525,0.0,0.55,0.2975,False,0,0
2453,202512231445,1.0,1.0,1.0,1.0,266,m1,0,0,1.0,1.0,1.0,1.0,1.0,50.0,0.0,0.0,0.0,0.0,1.0,1.0,0.8,0.525,0.0,0.55,0.5075,False,0,0
2454,202512231446,1.0,1.0,1.0,1.0,236,m1,0,0,1.0,1.0,1.0,1.0,1.0,50.0,0.0,0.0,0.0,0.0,1.0,1.0,0.55,0.525,0.0,0.55,0.4325,False,0,0
2455,202512231447,1.0,1.0,1.0,1.0,187,m1,0,0,1.0,1.0,1.0,1.0,1.0,50.0,0.0,0.0,0.0,0.0,1.0,1.0,0.35,0.525,0.0,0.55,0.37250000000000005,False,0,0
2456,202512231448,1.0,1.0,1.0,1.0,134,m1,0,0,1.0,1.0,1.0,1.0,1.0,50.0,0.0,0.0,0.0,0.0,1.0,1.0,0.1,0.525,0.0,0.55,0.2975,False,0,0
2457,202512231449,1.0,1.0,1.0,1.0,207,m1,0,0,1.0,1.0,1.0,1.0,1.0,50.0,0.0,0.0,0.0,0.0,1.0,1.0,0.4,0.525,0.0,0.55,0.38749999999999996,False,0,0
2458,202512231450,1.0,1.0,1.0,1.0,230,m1,0,0,1.0,1.0,1.0,1.0,1.0,50.0,0.0,0.0,0.0,0.0,1.0,1.0,0.5,0.525,0.0,0.55,0.4175,False,0,0
2459,202512231451,1.0,1.0,1.0,1.0,178,m1,0,0,1.0,1.0,1.0,1.0,1.0,50.0,0.0,0.0,0.0,0.0,1.0,1.0,0.275,0.525,0.0,0.55,0.35,False,0,0
2460,202512231452,1.0,1.0,1.0,1.0,225,m1,0,0,1.0,1.0,1.0,1.0,1.0,50.0,0.0,0.0,0.0,0.0,1.0,1.0,0.5,0.525,0.0,0.55,0.4175,False,0,0
2461,202512231453,1.0,1.0,1.0,1.0,359,m1,0,0,1.0,1.0,1.0,1.0,1.0,50.0,0.0,0.0,0.0,0.0,1.0,1.0,1.0,0.525,0.0,0.55,0.5675,False,0,0
2462,202512231454,1.0,1.0,1.0,1.0,192,m1,0,0,1.0,1.0,1.0,1.0,1.0,50.0,0.0,0.0,0.0,0.0,1.0,1.0,0.35,0.525,0.0,0.55,0.37250000000000005,False,0,0
2463,202512231455,1.0,1.0,1.0,1.0,180,m1,0,0,1.0,1.0,1.0,1.0,1.0,50.0,0.0,0.0,0.0,0.0,1.0,1.0,0.3,0.525,0.0,0.55,0.35750000000000004,False,0,0
2464,202512231456,1.0,1.0,1.0,1.0,90,m1,0,0,1.0,1.0,1.0,1.0,1.0,50.0,0.0,0.0,0.0,0.0,1.0,1.0,0.05,0.525,0.0,0.55,0.2825,False,0,0
2465,202512231457,1.0,1.0,1.0,1.0,161,m1,0,0,1.0,1.0,1.0,1.0,1.0,50.0,0.0,0.0,0.0,0.0,1.0,1.0,0.25,0.525,0.0,0.55,0.3425,False,0,0
2466,202512231458,1.0,1.0,1.0,1.0,89,m1,0,0,1.0,1.0,1.0,1.0,1.0,50.0,0.0,0.0,0.0,0.0,1.0,1.0,0.05,0.525,0.0,0.55,0.2825,False,0,0
2467,202512231459,1.0,1.0,1.0,1.0,143,m1,0,0,1.0,1.0,1.0,1.0,1.0,50.0,0.0,0.0,0.0,0.0,1.0,1.0,0.25,0.525,0.0,0.55,0.3425,False,0,0
2468,202512231500,1.0,1.0,1.0,1.0,410,m1,0,0,1.0,1.0,1.0,1.0,1.0,50.0,0.0,0.0,0.0,0.0,1.0,1.0,1.0,0.525,0.0,0.55,0.5675,False,0,0
2469,202512231501,1.0,1.0,1.0,1.0,310,m1,0,0,1.0,1.0,1.0,1.0,1.0,50.0,0.0,0.0,0.0,0.0,1.0,1.0,0.9,0.525,0.0,0.55,0.5375,False,0,0
2470,202512231502,1.0,1.0,1.0,1.0,259,m1,0,0,1.0,1.0,1.0,1.0,1.0,50.0,0.0,0.0,0.0,0.0,1.0,1.0,0.8,0.525,0.0,0.55,0.5075,False,0,0
2471,202512231503,1.0,1.0,1.0,1.0,323,m1,0,0,1.0,1.0,1.0,1.0,1.0,50.0,0.0,0.0,0.0,0.0,1.0,1.0,0.9,0.525,0.0,0.55,0.5375,False,0,0
2472,202512231504,1.0,1.0,1.0,1.0,402,m1,0,0,1.0,1.0,1.0,1.0,1.0,50.0,0.0,0.0,0.0,0.0,1.0,1.0,0.95,0.525,0.0,0.55,0.5525,False,0,0
2473,202512231505,1.0,1.0,1.0,1.0,460,m1,0,0,1.0,1.0,1.0,1.0,1.0,50.0,0.0,0.0,0.0,0.0,1.0,1.0,1.0,0.525,0.0,0.55,0.5675,False,0,0
2474,202512231506,1.0,1.0,1.0,1.0,283,m1,0,0,1.0,1.0,1.0,1.0,1.0,50.0,0.0,0.0,0.0,0.0,1.0,1.0,0.7,0.525,0.0,0.55,0.47750000000000004,False,0,0
2475,202512231507,1.0,1.0,1.0,1.0,292,m1,0,0,1.0,1.0,1.0,1.0,1.0,50.0,0.0,0.0,0.0,0.0,1.0,1.0,0.7,0.525,0.0,0.55,0.47750000000000004,False,0,0
2476,202512231508,1.0,1.0,1.0,1.0,297,m1,0,0,1.0,1.0,1.0,1.0,1.0,50.0,0.0,0.0,0.0,0.0,1.0,1.0,0.7,0.525,0.0,0.55,0.47750000000000004,False,0,0
2477,202512231509,1.0,1.0,1.0,1.0,332,m1,0,0,1.0,1.0,1.0,1.0,1.0,50.0,0.0,0.0,0.0,0.0,1.0,1.0,0.8,0.525,0.0,0.55,0.5075,False,0,0
2478,202512231510,1.0,1.0,1.0,1.0,292,m1,0,0,1.0,1.0,1.0,1.0,1.0,50.0,0.0,0.0,0.0,0.0,1.0,1.0,0.575,0.525,0.0,0.55,0.43999999999999995,False,0,0
2479,202512231511,1.0,1.0,1.0,1.0,276,m1,0,0,1.0,1.0,1.0,1.0,1.0,50.0,0.0,0.0,0.0,0.0,1.0,1.0,0.45,0.525,0.0,0.55,0.40249999999999997,False,0,0
2480,202512231512,1.0,1.0,1.0,1.0,248,m1,0,0,1.0,1.0,1.0,1.0,1.0,50.0,0.0,0.0,0.0,0.0,1.0,1.0,0.35,0.525,0.0,0.55,0.37250000000000005,False,0,0
2481,202512231513,1.0,1.0,1.0,1.0,198,m1,0,0,1.0,1.0,1.0,1.0,1.0,50.0,0.0,0.0,0.0,0.0,1.0,1.0,0.35,0.525,0.0,0.55,0.37250000000000005,False,0,0
2482,202512231514,1.0,1.0,1.0,1.0,225,m1,0,0,1.0,1.0,1.0,1.0,1.0,50.0,0.0,0.0,0.0,0.0,1.0,1.0,0.35,0.525,0.0,0.55,0.37250000000000005,False,0,0
2483,202512231515,1.0,1.0,1.0,1.0,181,m1,0,0,1.0,1.0,1.0,1.0,1.0,50.0,0.0,0.0,0.0,0.0,1.0,1.0,0.25,0.525,0.0,0.55,0.3425,False,0,0
2484,202512231516,1.0,1.0,1.0,1.0,175,m1,0,0,1.0,1.0,1.0,1.0,1.0,50.0,0.0,0.0,0.0,0.0,1.0,1.0,0.2,0.525,0.0,0.55,0.3275,False,0,0
2485,202512231517,1.0,1.0,1.0,1.0,206,m1,0,0,1.0,1.0,1.0,1.0,1.0,50.0,0.0,0.0,0.0,0.0,1.0,1.0,0.3,0.525,0.0,0.55,0.35750000000000004,False,0,0
2486,202512231518,1.0,1.0,1.0,1.0,202,m1,0,0,1.0,1.0,1.0,1.0,1.0,50.0,0.0,0.0,0.0,0.0,1.0,1.0,0.25,0.525,0.0,0.55,0.3425,False,0,0
2487,202512231519,1.0,1.0,1.0,1.0,147,m1,0,0,1.0,1.0,1.0,1.0,1.0,50.0,0.0,0.0,0.0,0.0,1.0,1.0,0.05,0.525,0.0,0.55,0.2825,False,0,0
2488,202512231520,1.0,1.0,1.0,1.0,161,m1,0,0,1.0,1.0,1.0,1.0,1.0,50.0,0.0,0.0,0.0,0.0,1.0,1.0,0.1,0.525,0.0,0.55,0.2975,False,0,0
2489,202512231521,1.0,1.0,1.0,1.0,164,m1,0,0,1.0,1.0,1.0,1.0,1.0,50.0,0.0,0.0,0.0,0.0,1.0,1.0,0.15,0.525,0.0,0.55,0.3125,False,0,0
2490,202512231522,1.0,1.0,1.0,1.0,185,m1,0,0,1.0,1.0,1.0,1.0,1.0,50.0,0.0,0.0,0.0,0.0,1.0,1.0,0.3,0.525,0.0,0.55,0.35750000000000004,False,0,0
2491,202512231523,1.0,1.0,1.0,1.0,320,m1,0,0,1.0,1.0,1.0,1.0,1.0,50.0,0.0,0.0,0.0,0.0,1.0,1.0,0.85,0.525,0.0,0.55,0.5225,False,0,0
2492,202512231524,1.0,1.0,1.0,1.0,141,m1,0,0,1.0,1.0,1.0,1.0,1.0,50.0,0.0,0.0,0.0,0.0,1.0,1.0,0.05,0.525,0.0,0.55,0.2825,False,0,0
2493,202512231525,1.0,1.0,1.0,1.0,244,m1,0,0,1.0,1.0,1.0,1.0,1.0,50.0,0.0,0.0,0.0,0.0,1.0,1.0,0.6,0.525,0.0,0.55,0.4475,False,0,0
2494,202512231526,1.0,1.0,1.0,1.0,183,m1,0,0,1.0,1.0,1.0,1.0,1.0,50.0,0.0,0.0,0.0,0.0,1.0,1.0,0.35,0.525,0.0,0.55,0.37250000000000005,False,0,0
2495,202512231527,1.0,1.0,1.0,1.0,142,m1,0,0,1.0,1.0,1.0,1.0,1.0,50.0,0.0,0.0,0.0,0.0,1.0,1.0,0.1,0.525,0.0,0.55,0.2975,False,0,0
2496,202512231528,1.0,1.0,1.0,1.0,178,m1,0,0,1.0,1.0,1.0,1.0,1.0,50.0,0.0,0.0,0.0,0.0,1.0,1.0,0.35,0.525,0.0,0.55,0.37250000000000005,False,0,0
2497,202512231529,1.0,1.0,1.0,1.0,142,m1,0,0,1.0,1.0,1.0,1.0,1.0,50.0,0.0,0.0,0.0,0.0,1.0,1.0,0.125,0.525,0.0,0.55,0.30500000000000005,False,0,0
2498,202512231530,1.0,1.0,1.0,1.0,238,m1,0,0,1.0,1.0,1.0,1.0,1.0,50.0,0.0,0.0,0.0,0.0,1.0,1.0,0.8,0.525,0.0,0.55,0.5075,False,0,0
2499,202512231531,1.0,1.0,1.0,1.0,194,m1,0,0,1.0,1.0,1.0,1.0,1.0,50.0,0.0,0.0,0.0,0.0,1.0,1.0,0.6,0.525,0.0,0.55,0.4475,False,0,0
2500,202512231532,1.0,1.0,1.0,1.0,199,m1,0,0,1.0,1.0,1.0,1.0,1.0,50.0,0.0,0.0,0.0,0.0,1.0,1.0,0.7,0.525,0.0,0.55,0.47750000000000004,False,0,0
2501,202512231533,1.0,1.0,1.0,1.0,234,m1,0,0,1.0,1.0,1.0,1.0,1.0,50.0,0.0,0.0,0.0,0.0,1.0,1.0,0.85,0.525,0.0,0.55,0.5225,False,0,0
2502,202512231534,1.0,1.0,1.0,1.0,148,m1,0,0,1.0,1.0,1.0,1.0,1.0,50.0,0.0,0.0,0.0,0.0,1.0,1.0,0.25,0.525,0.0,0.55,0.3425,False,0,0
2503,202512231535,1.0,1.0,1.0,1.0,181,m1,0,0,1.0,1.0,1.0,1.0,1.0,50.0,0.0,0.0,0.0,0.0,1.0,1.0,0.5,0.525,0.0,0.55,0.4175,False,0,0
2504,202512231536,1.0,1.0,1.0,1.0,108,m1,0,0,1.0,1.0,1.0,1.0,1.0,50.0,0.0,0.0,0.0,0.0,1.0,1.0,0.05,0.525,0.0,0.55,0.2825,False,0,0
2505,202512231537,1.0,1.0,1.0,1.0,142,m1,0,0,1.0,1.0,1.0,1.0,1.0,50.0,0.0,0.0,0.0,0.0,1.0,1.0,0.2,0.525,0.0,0.55,0.3275,False,0,0
2506,202512231538,1.0,1.0,1.0,1.0,169,m1,0,0,1.0,1.0,1.0,1.0,1.0,50.0,0.0,0.0,0.0,0.0,1.0,1.0,0.5,0.525,0.0,0.55,0.4175,False,0,0
2507,202512231539,1.0,1.0,1.0,1.0,196,m1,0,0,1.0,1.0,1.0,1.0,1.0,50.0,0.0,0.0,0.0,0.0,1.0,1.0,0.75,0.525,0.0,0.55,0.49249999999999994,False,0,0
2508,202512231540,1.0,1.0,1.0,1.0,188,m1,0,0,1.0,1.0,1.0,1.0,1.0,50.0,0.0,0.0,0.0,0.0,1.0,1.0,0.65,0.525,0.0,0.55,0.4625,False,0,0
2509,202512231541,1.0,1.0,1.0,1.0,185,m1,0,0,1.0,1.0,1.0,1.0,1.0,50.0,0.0,0.0,0.0,0.0,1.0,1.0,0.575,0.525,0.0,0.55,0.43999999999999995,False,0,0
2510,202512231542,1.0,1.0,1.0,1.0,183,m1,0,0,1.0,1.0,1.0,1.0,1.0,50.0,0.0,0.0,0.0,0.0,1.0,1.0,0.525,0.525,0.0,0.55,0.42500000000000004,False,0,0
2511,202512231543,1.0,1.0,1.0,1.0,183,m1,0,0,1.0,1.0,1.0,1.0,1.0,50.0,0.0,0.0,0.0,0.0,1.0,1.0,0.55,0.525,0.0,0.55,0.4325,False,0,0
2512,202512231544,1.0,1.0,1.0,1.0,184,m1,0,0,1.0,1.0,1.0,1.0,1.0,50.0,0.0,0.0,0.0,0.0,1.0,1.0,0.6,0.525,0.0,0.55,0.4475,False,0,0
2513,202512231545,1.0,1.0,1.0,1.0,141,m1,0,0,1.0,1.0,1.0,1.0,1.0,50.0,0.0,0.0,0.0,0.0,1.0,1.0,0.1,0.525,0.0,0.55,0.2975,False,0,0
2514,202512231546,1.0,1.0,1.0,1.0,231,m1,0,0,1.0,1.0,1.0,1.0,1.0,50.0,0.0,0.0,0.0,0.0,1.0,1.0,0.9,0.525,0.0,0.55,0.5375,False,0,0
2515,202512231547,1.0,1.0,1.0,1.0,185,m1,0,0,1.0,1.0,1.0,1.0,1.0,50.0,0.0,0.0,0.0,0.0,1.0,1.0,0.625,0.525,0.0,0.55,0.45499999999999996,False,0,0
2516,202512231548,1.0,1.0,1.0,1.0,163,m1,0,0,1.0,1.0,1.0,1.0,1.0,50.0,0.0,0.0,0.0,0.0,1.0,1.0,0.3,0.525,0.0,0.55,0.35750000000000004,False,0,0
2517,202512231549,1.0,1.0,1.0,1.0,131,m1,0,0,1.0,1.0,1.0,1.0,1.0,50.0,0.0,0.0,0.0,0.0,1.0,1.0,0.1,0.525,0.0,0.55,0.2975,False,0,0
2518,202512231550,1.0,1.0,1.0,1.0,246,m1,0,0,1.0,1.0,1.0,1.0,1.0,50.0,0.0,0.0,0.0,0.0,1.0,1.0,1.0,0.525,0.0,0.55,0.5675,False,0,0
2519,202512231551,1.0,1.0,1.0,1.0,223,m1,0,0,1.0,1.0,1.0,1.0,1.0,50.0,0.0,0.0,0.0,0.0,1.0,1.0,0.85,0.525,0.0,0.55,0.5225,False,0,0
2520,202512231552,1.0,1.0,1.0,1.0,190,m1,0,0,1.0,1.0,1.0,1.0,1.0,50.0,0.0,0.0,0.0,0.0,1.0,1.0,0.75,0.525,0.0,0.55,0.49249999999999994,False,0,0
2521,202512231553,1.0,1.0,1.0,1.0,214,m1,0,0,1.0,1.0,1.0,1.0,1.0,50.0,0.0,0.0,0.0,0.0,1.0,1.0,0.85,0.525,0.0,0.55,0.5225,False,0,0
2522,202512231554,1.0,1.0,1.0,1.0,160,m1,0,0,1.0,1.0,1.0,1.0,1.0,50.0,0.0,0.0,0.0,0.0,1.0,1.0,0.25,0.525,0.0,0.55,0.3425,False,0,0
2523,202512231555,1.0,1.0,1.0,1.0,262,m1,0,0,1.0,1.0,1.0,1.0,1.0,50.0,0.0,0.0,0.0,0.0,1.0,1.0,1.0,0.525,0.0,0.55,0.5675,False,0,0
2524,202512231556,1.0,1.0,1.0,1.0,211,m1,0,0,1.0,1.0,1.0,1.0,1.0,50.0,0.0,0.0,0.0,0.0,1.0,1.0,0.75,0.525,0.0,0.55,0.49249999999999994,False,0,0
2525,202512231557,1.0,1.0,1.0,1.0,422,m1,0,0,1.0,1.0,1.0,1.0,1.0,50.0,0.0,0.0,0.0,0.0,1.0,1.0,1.0,0.525,0.0,0.55,0.5675,False,0,0
2526,202512231558,1.0,1.0,1.0,1.0,320,m1,0,0,1.0,1.0,1.0,1.0,1.0,50.0,0.0,0.0,0.0,0.0,1.0,1.0,0.95,0.525,0.0,0.55,0.5525,False,0,0
2527,202512231559,1.0,1.0,1.0,1.0,200,m1,0,0,1.0,1.0,1.0,1.0,1.0,50.0,0.0,0.0,0.0,0.0,1.0,1.0,0.6,0.525,0.0,0.55,0.4475,False,0,0
2528,202512231600,1.0,1.0,1.0,1.0,227,m1,0,0,1.0,1.0,1.0,1.0,1.0,50.0,0.0,0.0,0.0,0.0,1.0,1.0,0.75,0.525,0.0,0.55,0.49249999999999994,False,0,0
2529,202512231601,1.0,1.0,1.0,1.0,247,m1,0,0,1.0,1.0,1.0,1.0,1.0,50.0,0.0,0.0,0.0,0.0,1.0,1.0,0.85,0.525,0.0,0.55,0.5225,False,0,0
2530,202512231602,1.0,1.0,1.0,1.0,156,m1,0,0,1.0,1.0,1.0,1.0,1.0,50.0,0.0,0.0,0.0,0.0,1.0,1.0,0.15,0.525,0.0,0.55,0.3125,False,0,0
2531,202512231603,1.0,1.0,1.0,1.0,243,m1,0,0,1.0,1.0,1.0,1.0,1.0,50.0,0.0,0.0,0.0,0.0,1.0,1.0,0.75,0.525,0.0,0.55,0.49249999999999994,False,0,0
2532,202512231604,1.0,1.0,1.0,1.0,126,m1,0,0,1.0,1.0,1.0,1.0,1.0,50.0,0.0,0.0,0.0,0.0,1.0,1.0,0.05,0.525,0.0,0.55,0.2825,False,0,0
2533,202512231605,1.0,1.0,1.0,1.0,109,m1,0,0,1.0,1.0,1.0,1.0,1.0,50.0,0.0,0.0,0.0,0.0,1.0,1.0,0.05,0.525,0.0,0.55,0.2825,False,0,0
2534,202512231606,1.0,1.0,1.0,1.0,106,m1,0,0,1.0,1.0,1.0,1.0,1.0,50.0,0.0,0.0,0.0,0.0,1.0,1.0,0.05,0.525,0.0,0.55,0.2825,False,0,0
2535,202512231607,1.0,1.0,1.0,1.0,98,m1,0,0,1.0,1.0,1.0,1.0,1.0,50.0,0.0,0.0,0.0,0.0,1.0,1.0,0.05,0.525,0.0,0.55,0.2825,False,0,0
2536,202512231608,1.0,1.0,1.0,1.0,152,m1,0,0,1.0,1.0,1.0,1.0,1.0,50.0,0.0,0.0,0.0,0.0,1.0,1.0,0.3,0.525,0.0,0.55,0.35750000000000004,False,0,0
2537,202512231609,1.0,1.0,1.0,1.0,153,m1,0,0,1.0,1.0,1.0,1.0,1.0,50.0,0.0,0.0,0.0,0.0,1.0,1.0,0.3,0.525,0.0,0.55,0.35750000000000004,False,0,0
2538,202512231610,1.0,1.0,1.0,1.0,156,m1,0,0,1.0,1.0,1.0,1.0,1.0,50.0,0.0,0.0,0.0,0.0,1.0,1.0,0.375,0.525,0.0,0.55,0.38,False,0,0
2539,202512231611,1.0,1.0,1.0,1.0,115,m1,0,0,1.0,1.0,1.0,1.0,1.0,50.0,0.0,0.0,0.0,0.0,1.0,1.0,0.2,0.525,0.0,0.55,0.3275,False,0,0
2540,202512231612,1.0,1.0,1.0,1.0,108,m1,0,0,1.0,1.0,1.0,1.0,1.0,50.0,0.0,0.0,0.0,0.0,1.0,1.0,0.15,0.525,0.0,0.55,0.3125,False,0,0
2541,202512231613,1.0,1.0,1.0,1.0,100,m1,0,0,1.0,1.0,1.0,1.0,1.0,50.0,0.0,0.0,0.0,0.0,1.0,1.0,0.1,0.525,0.0,0.55,0.2975,False,0,0
2542,202512231614,1.0,1.0,1.0,1.0,139,m1,0,0,1.0,1.0,1.0,1.0,1.0,50.0,0.0,0.0,0.0,0.0,1.0,1.0,0.4,0.525,0.0,0.55,0.38749999999999996,False,0,0
2543,202512231615,1.0,1.0,1.0,1.0,86,m1,0,0,1.0,1.0,1.0,1.0,1.0,50.0,0.0,0.0,0.0,0.0,1.0,1.0,0.05,0.525,0.0,0.55,0.2825,False,0,0
2544,202512231616,1.0,1.0,1.0,1.0,115,m1,0,0,1.0,1.0,1.0,1.0,1.0,50.0,0.0,0.0,0.0,0.0,1.0,1.0,0.375,0.525,0.0,0.55,0.38,False,0,0
2545,202512231617,1.0,1.0,1.0,1.0,84,m1,0,0,1.0,1.0,1.0,1.0,1.0,50.0,0.0,0.0,0.0,0.0,1.0,1.0,0.05,0.525,0.0,0.55,0.2825,False,0,0
2546,202512231618,1.0,1.0,1.0,1.0,127,m1,0,0,1.0,1.0,1.0,1.0,1.0,50.0,0.0,0.0,0.0,0.0,1.0,1.0,0.55,0.525,0.0,0.55,0.4325,False,0,0
2547,202512231619,1.0,1.0,1.0,1.0,169,m1,0,0,1.0,1.0,1.0,1.0,1.0,50.0,0.0,0.0,0.0,0.0,1.0,1.0,0.85,0.525,0.0,0.55,0.5225,False,0,0
2548,202512231620,1.0,1.0,1.0,1.0,103,m1,0,0,1.0,1.0,1.0,1.0,1.0,50.0,0.0,0.0,0.0,0.0,1.0,1.0,0.25,0.525,0.0,0.55,0.3425,False,0,0
2549,202512231621,1.0,1.0,1.0,1.0,95,m1,0,0,1.0,1.0,1.0,1.0,1.0,50.0,0.0,0.0,0.0,0.0,1.0,1.0,0.15,0.525,0.0,0.55,0.3125,False,0,0
2550,202512231622,1.0,1.0,1.0,1.0,120,m1,0,0,1.0,1.0,1.0,1.0,1.0,50.0,0.0,0.0,0.0,0.0,1.0,1.0,0.6,0.525,0.0,0.55,0.4475,False,0,0
2551,202512231623,1.0,1.0,1.0,1.0,79,m1,0,0,1.0,1.0,1.0,1.0,1.0,50.0,0.0,0.0,0.0,0.0,1.0,1.0,0.05,0.525,0.0,0.55,0.2825,False,0,0
2552,202512231624,1.0,1.0,1.0,1.0,115,m1,0,0,1.0,1.0,1.0,1.0,1.0,50.0,0.0,0.0,0.0,0.0,1.0,1.0,0.6,0.525,0.0,0.55,0.4475,False,0,0
2553,202512231625,1.0,1.0,1.0,1.0,122,m1,0,0,1.0,1.0,1.0,1.0,1.0,50.0,0.0,0.0,0.0,0.0,1.0,1.0,0.7,0.525,0.0,0.55,0.47750000000000004,False,0,0
2554,202512231626,1.0,1.0,1.0,1.0,77,m1,0,0,1.0,1.0,1.0,1.0,1.0,50.0,0.0,0.0,0.0,0.0,1.0,1.0,0.05,0.525,0.0,0.55,0.2825,False,0,0
2555,202512231627,1.0,1.0,1.0,1.0,95,m1,0,0,1.0,1.0,1.0,1.0,1.0,50.0,0.0,0.0,0.0,0.0,1.0,1.0,0.275,0.525,0.0,0.55,0.35,False,0,0
2556,202512231628,1.0,1.0,1.0,1.0,61,m1,0,0,1.0,1.0,1.0,1.0,1.0,50.0,0.0,0.0,0.0,0.0,1.0,1.0,0.05,0.525,0.0,0.55,0.2825,False,0,0
2557,202512231629,1.0,1.0,1.0,1.0,85,m1,0,0,1.0,1.0,1.0,1.0,1.0,50.0,0.0,0.0,0.0,0.0,1.0,1.0,0.25,0.525,0.0,0.55,0.3425,False,0,0
2558,202512231630,1.0,1.0,1.0,1.0,205,m1,0,0,1.0,1.0,1.0,1.0,1.0,50.0,0.0,0.0,0.0,0.0,1.0,1.0,1.0,0.525,0.0,0.55,0.5675,False,0,0
2559,202512231631,1.0,1.0,1.0,1.0,143,m1,0,0,1.0,1.0,1.0,1.0,1.0,50.0,0.0,0.0,0.0,0.0,1.0,1.0,0.9,0.525,0.0,0.55,0.5375,False,0,0
2560,202512231632,1.0,1.0,1.0,1.0,148,m1,0,0,1.0,1.0,1.0,1.0,1.0,50.0,0.0,0.0,0.0,0.0,1.0,1.0,0.9,0.525,0.0,0.55,0.5375,False,0,0
2561,202512231633,1.0,1.0,1.0,1.0,182,m1,0,0,1.0,1.0,1.0,1.0,1.0,50.0,0.0,0.0,0.0,0.0,1.0,1.0,0.95,0.525,0.0,0.55,0.5525,False,0,0
2562,202512231634,1.0,1.0,1.0,1.0,131,m1,0,0,1.0,1.0,1.0,1.0,1.0,50.0,0.0,0.0,0.0,0.0,1.0,1.0,0.75,0.525,0.0,0.55,0.49249999999999994,False,0,0
2563,202512231635,1.0,1.0,1.0,1.0,99,m1,0,0,1.0,1.0,1.0,1.0,1.0,50.0,0.0,0.0,0.0,0.0,1.0,1.0,0.4,0.525,0.0,0.55,0.38749999999999996,False,0,0
2564,202512231636,1.0,1.0,1.0,1.0,96,m1,0,0,1.0,1.0,1.0,1.0,1.0,50.0,0.0,0.0,0.0,0.0,1.0,1.0,0.4,0.525,0.0,0.55,0.38749999999999996,False,0,0
2565,202512231637,1.0,1.0,1.0,1.0,186,m1,0,0,1.0,1.0,1.0,1.0,1.0,50.0,0.0,0.0,0.0,0.0,1.0,1.0,0.95,0.525,0.0,0.55,0.5525,False,0,0
2566,202512231638,1.0,1.0,1.0,1.0,109,m1,0,0,1.0,1.0,1.0,1.0,1.0,50.0,0.0,0.0,0.0,0.0,1.0,1.0,0.5,0.525,0.0,0.55,0.4175,False,0,0
2567,202512231639,1.0,1.0,1.0,1.0,151,m1,0,0,1.0,1.0,1.0,1.0,1.0,50.0,0.0,0.0,0.0,0.0,1.0,1.0,0.85,0.525,0.0,0.55,0.5225,False,0,0
2568,202512231640,1.0,1.0,1.0,1.0,150,m1,0,0,1.0,1.0,1.0,1.0,1.0,50.0,0.0,0.0,0.0,0.0,1.0,1.0,0.8,0.525,0.0,0.55,0.5075,False,0,0
2569,202512231641,1.0,1.0,1.0,1.0,145,m1,0,0,1.0,1.0,1.0,1.0,1.0,50.0,0.0,0.0,0.0,0.0,1.0,1.0,0.7,0.525,0.0,0.55,0.47750000000000004,False,0,0
2570,202512231642,1.0,1.0,1.0,1.0,108,m1,0,0,1.0,1.0,1.0,1.0,1.0,50.0,0.0,0.0,0.0,0.0,1.0,1.0,0.4,0.525,0.0,0.55,0.38749999999999996,False,0,0
2571,202512231643,1.0,1.0,1.0,1.0,65,m1,0,0,1.0,1.0,1.0,1.0,1.0,50.0,0.0,0.0,0.0,0.0,1.0,1.0,0.1,0.525,0.0,0.55,0.2975,False,0,0
2572,202512231644,1.0,1.0,1.0,1.0,67,m1,0,0,1.0,1.0,1.0,1.0,1.0,50.0,0.0,0.0,0.0,0.0,1.0,1.0,0.15,0.525,0.0,0.55,0.3125,False,0,0
2573,202512231645,1.0,1.0,1.0,1.0,80,m1,0,0,1.0,1.0,1.0,1.0,1.0,50.0,0.0,0.0,0.0,0.0,1.0,1.0,0.25,0.525,0.0,0.55,0.3425,False,0,0
2574,202512231646,1.0,1.0,1.0,1.0,135,m1,0,0,1.0,1.0,1.0,1.0,1.0,50.0,0.0,0.0,0.0,0.0,1.0,1.0,0.6,0.525,0.0,0.55,0.4475,False,0,0
2575,202512231647,1.0,1.0,1.0,1.0,112,m1,0,0,1.0,1.0,1.0,1.0,1.0,50.0,0.0,0.0,0.0,0.0,1.0,1.0,0.5,0.525,0.0,0.55,0.4175,False,0,0
2576,202512231648,1.0,1.0,1.0,1.0,116,m1,0,0,1.0,1.0,1.0,1.0,1.0,50.0,0.0,0.0,0.0,0.0,1.0,1.0,0.5,0.525,0.0,0.55,0.4175,False,0,0
2577,202512231649,1.0,1.0,1.0,1.0,29,m1,0,0,1.0,1.0,1.0,1.0,1.0,50.0,0.0,0.0,0.0,0.0,1.0,1.0,0.05,0.525,0.0,0.55,0.2825,False,0,0
2578,202512231650,1.0,1.0,1.0,1.0,96,m1,0,0,1.0,1.0,1.0,1.0,1.0,50.0,0.0,0.0,0.0,0.0,1.0,1.0,0.275,0.525,0.0,0.55,0.35,False,0,0
2579,202512231651,1.0,1.0,1.0,1.0,74,m1,0,0,1.0,1.0,1.0,1.0,1.0,50.0,0.0,0.0,0.0,0.0,1.0,1.0,0.2,0.525,0.0,0.55,0.3275,False,0,0
2580,202512231652,1.0,1.0,1.0,1.0,95,m1,0,0,1.0,1.0,1.0,1.0,1.0,50.0,0.0,0.0,0.0,0.0,1.0,1.0,0.3,0.525,0.0,0.55,0.35750000000000004,False,0,0
2581,202512231653,1.0,1.0,1.0,1.0,79,m1,0,0,1.0,1.0,1.0,1.0,1.0,50.0,0.0,0.0,0.0,0.0,1.0,1.0,0.25,0.525,0.0,0.55,0.3425,False,0,0
2582,202512231654,1.0,1.0,1.0,1.0,72,m1,0,0,1.0,1.0,1.0,1.0,1.0,50.0,0.0,0.0,0.0,0.0,1.0,1.0,0.2,0.525,0.0,0.55,0.3275,False,0,0
2583,202512231655,1.0,1.0,1.0,1.0,97,m1,0,0,1.0,1.0,1.0,1.0,1.0,50.0,0.0,0.0,0.0,0.0,1.0,1.0,0.55,0.525,0.0,0.55,0.4325,False,0,0
2584,202512231656,1.0,1.0,1.0,1.0,71,m1,0,0,1.0,1.0,1.0,1.0,1.0,50.0,0.0,0.0,0.0,0.0,1.0,1.0,0.2,0.525,0.0,0.55,0.3275,False,0,0
2585,202512231657,1.0,1.0,1.0,1.0,81,m1,0,0,1.0,1.0,1.0,1.0,1.0,50.0,0.0,0.0,0.0,0.0,1.0,1.0,0.45,0.525,0.0,0.55,0.40249999999999997,False,0,0
2586,202512231658,1.0,1.0,1.0,1.0,81,m1,0,0,1.0,1.0,1.0,1.0,1.0,50.0,0.0,0.0,0.0,0.0,1.0,1.0,0.475,0.525,0.0,0.55,0.41000000000000003,False,0,0
2587,202512231659,1.0,1.0,1.0,1.0,99,m1,0,0,1.0,1.0,1.0,1.0,1.0,50.0,0.0,0.0,0.0,0.0,1.0,1.0,0.7,0.525,0.0,0.55,0.47750000000000004,False,0,0
2588,202512231700,1.0,1.0,1.0,1.0,187,m1,0,0,1.0,1.0,1.0,1.0,1.0,50.0,0.0,0.0,0.0,0.0,1.0,1.0,1.0,0.525,0.0,0.55,0.5675,False,0,0
2589,202512231701,1.0,1.0,1.0,1.0,110,m1,0,0,1.0,1.0,1.0,1.0,1.0,50.0,0.0,0.0,0.0,0.0,1.0,1.0,0.8,0.525,0.0,0.55,0.5075,False,0,0
2590,202512231702,1.0,1.0,1.0,1.0,123,m1,0,0,1.0,1.0,1.0,1.0,1.0,50.0,0.0,0.0,0.0,0.0,1.0,1.0,0.9,0.525,0.0,0.55,0.5375,False,0,0
2591,202512231703,1.0,1.0,1.0,1.0,138,m1,0,0,1.0,1.0,1.0,1.0,1.0,50.0,0.0,0.0,0.0,0.0,1.0,1.0,0.95,0.525,0.0,0.55,0.5525,False,0,0
2592,202512231704,1.0,1.0,1.0,1.0,118,m1,0,0,1.0,1.0,1.0,1.0,1.0,50.0,0.0,0.0,0.0,0.0,1.0,1.0,0.8,0.525,0.0,0.55,0.5075,False,0,0
2593,202512231705,1.0,1.0,1.0,1.0,106,m1,0,0,1.0,1.0,1.0,1.0,1.0,50.0,0.0,0.0,0.0,0.0,1.0,1.0,0.6,0.525,0.0,0.55,0.4475,False,0,0
2594,202512231706,1.0,1.0,1.0,1.0,121,m1,0,0,1.0,1.0,1.0,1.0,1.0,50.0,0.0,0.0,0.0,0.0,1.0,1.0,0.85,0.525,0.0,0.55,0.5225,False,0,0
2595,202512231707,1.0,1.0,1.0,1.0,70,m1,0,0,1.0,1.0,1.0,1.0,1.0,50.0,0.0,0.0,0.0,0.0,1.0,1.0,0.1,0.525,0.0,0.55,0.2975,False,0,0
2596,202512231708,1.0,1.0,1.0,1.0,77,m1,0,0,1.0,1.0,1.0,1.0,1.0,50.0,0.0,0.0,0.0,0.0,1.0,1.0,0.3,0.525,0.0,0.55,0.35750000000000004,False,0,0
2597,202512231709,1.0,1.0,1.0,1.0,130,m1,0,0,1.0,1.0,1.0,1.0,1.0,50.0,0.0,0.0,0.0,0.0,1.0,1.0,0.9,0.525,0.0,0.55,0.5375,False,0,0
2598,202512231710,1.0,1.0,1.0,1.0,142,m1,0,0,1.0,1.0,1.0,1.0,1.0,50.0,0.0,0.0,0.0,0.0,1.0,1.0,0.95,0.525,0.0,0.55,0.5525,False,0,0
2599,202512231711,1.0,1.0,1.0,1.0,102,m1,0,0,1.0,1.0,1.0,1.0,1.0,50.0,0.0,0.0,0.0,0.0,1.0,1.0,0.55,0.525,0.0,0.55,0.4325,False,0,0
2600,202512231712,1.0,1.0,1.0,1.0,78,m1,0,0,1.0,1.0,1.0,1.0,1.0,50.0,0.0,0.0,0.0,0.0,1.0,1.0,0.25,0.525,0.0,0.55,0.3425,False,0,0
2601,202512231713,1.0,1.0,1.0,1.0,107,m1,0,0,1.0,1.0,1.0,1.0,1.0,50.0,0.0,0.0,0.0,0.0,1.0,1.0,0.6,0.525,0.0,0.55,0.4475,False,0,0
2602,202512231714,1.0,1.0,1.0,1.0,85,m1,0,0,1.0,1.0,1.0,1.0,1.0,50.0,0.0,0.0,0.0,0.0,1.0,1.0,0.35,0.525,0.0,0.55,0.37250000000000005,False,0,0
2603,202512231715,1.0,1.0,1.0,1.0,98,m1,0,0,1.0,1.0,1.0,1.0,1.0,50.0,0.0,0.0,0.0,0.0,1.0,1.0,0.4,0.525,0.0,0.55,0.38749999999999996,False,0,0
2604,202512231716,1.0,1.0,1.0,1.0,68,m1,0,0,1.0,1.0,1.0,1.0,1.0,50.0,0.0,0.0,0.0,0.0,1.0,1.0,0.05,0.525,0.0,0.55,0.2825,False,0,0
2605,202512231717,1.0,1.0,1.0,1.0,83,m1,0,0,1.0,1.0,1.0,1.0,1.0,50.0,0.0,0.0,0.0,0.0,1.0,1.0,0.3,0.525,0.0,0.55,0.35750000000000004,False,0,0
2606,202512231718,1.0,1.0,1.0,1.0,98,m1,0,0,1.0,1.0,1.0,1.0,1.0,50.0,0.0,0.0,0.0,0.0,1.0,1.0,0.375,0.525,0.0,0.55,0.38,False,0,0
2607,202512231719,1.0,1.0,1.0,1.0,149,m1,0,0,1.0,1.0,1.0,1.0,1.0,50.0,0.0,0.0,0.0,0.0,1.0,1.0,0.95,0.525,0.0,0.55,0.5525,False,0,0
2608,202512231720,1.0,1.0,1.0,1.0,146,m1,0,0,1.0,1.0,1.0,1.0,1.0,50.0,0.0,0.0,0.0,0.0,1.0,1.0,0.95,0.525,0.0,0.55,0.5525,False,0,0
2609,202512231721,1.0,1.0,1.0,1.0,150,m1,0,0,1.0,1.0,1.0,1.0,1.0,50.0,0.0,0.0,0.0,0.0,1.0,1.0,1.0,0.525,0.0,0.55,0.5675,False,0,0
2610,202512231722,1.0,1.0,1.0,1.0,107,m1,0,0,1.0,1.0,1.0,1.0,1.0,50.0,0.0,0.0,0.0,0.0,1.0,1.0,0.575,0.525,0.0,0.55,0.43999999999999995,False,0,0
2611,202512231723,1.0,1.0,1.0,1.0,71,m1,0,0,1.0,1.0,1.0,1.0,1.0,50.0,0.0,0.0,0.0,0.0,1.0,1.0,0.15,0.525,0.0,0.55,0.3125,False,0,0
2612,202512231724,1.0,1.0,1.0,1.0,75,m1,0,0,1.0,1.0,1.0,1.0,1.0,50.0,0.0,0.0,0.0,0.0,1.0,1.0,0.2,0.525,0.0,0.55,0.3275,False,0,0
2613,202512231725,1.0,1.0,1.0,1.0,120,m1,0,0,1.0,1.0,1.0,1.0,1.0,50.0,0.0,0.0,0.0,0.0,1.0,1.0,0.7,0.525,0.0,0.55,0.47750000000000004,False,0,0
2614,202512231726,1.0,1.0,1.0,1.0,61,m1,0,0,1.0,1.0,1.0,1.0,1.0,50.0,0.0,0.0,0.0,0.0,1.0,1.0,0.05,0.525,0.0,0.55,0.2825,False,0,0
2615,202512231727,1.0,1.0,1.0,1.0,76,m1,0,0,1.0,1.0,1.0,1.0,1.0,50.0,0.0,0.0,0.0,0.0,1.0,1.0,0.25,0.525,0.0,0.55,0.3425,False,0,0
2616,202512231728,1.0,1.0,1.0,1.0,92,m1,0,0,1.0,1.0,1.0,1.0,1.0,50.0,0.0,0.0,0.0,0.0,1.0,1.0,0.45,0.525,0.0,0.55,0.40249999999999997,False,0,0
2617,202512231729,1.0,1.0,1.0,1.0,81,m1,0,0,1.0,1.0,1.0,1.0,1.0,50.0,0.0,0.0,0.0,0.0,1.0,1.0,0.35,0.525,0.0,0.55,0.37250000000000005,False,0,0
2618,202512231730,1.0,1.0,1.0,1.0,76,m1,0,0,1.0,1.0,1.0,1.0,1.0,50.0,0.0,0.0,0.0,0.0,1.0,1.0,0.275,0.525,0.0,0.55,0.35,False,0,0
2619,202512231731,1.0,1.0,1.0,1.0,71,m1,0,0,1.0,1.0,1.0,1.0,1.0,50.0,0.0,0.0,0.0,0.0,1.0,1.0,0.175,0.525,0.0,0.55,0.32,False,0,0
2620,202512231732,1.0,1.0,1.0,1.0,71,m1,0,0,1.0,1.0,1.0,1.0,1.0,50.0,0.0,0.0,0.0,0.0,1.0,1.0,0.2,0.525,0.0,0.55,0.3275,False,0,0
2621,202512231733,1.0,1.0,1.0,1.0,67,m1,0,0,1.0,1.0,1.0,1.0,1.0,50.0,0.0,0.0,0.0,0.0,1.0,1.0,0.1,0.525,0.0,0.55,0.2975,False,0,0
2622,202512231734,1.0,1.0,1.0,1.0,78,m1,0,0,1.0,1.0,1.0,1.0,1.0,50.0,0.0,0.0,0.0,0.0,1.0,1.0,0.5,0.525,0.0,0.55,0.4175,False,0,0
2623,202512231735,1.0,1.0,1.0,1.0,54,m1,0,0,1.0,1.0,1.0,1.0,1.0,50.0,0.0,0.0,0.0,0.0,1.0,1.0,0.05,0.525,0.0,0.55,0.2825,False,0,0
2624,202512231736,1.0,1.0,1.0,1.0,55,m1,0,0,1.0,1.0,1.0,1.0,1.0,50.0,0.0,0.0,0.0,0.0,1.0,1.0,0.1,0.525,0.0,0.55,0.2975,False,0,0
2625,202512231737,1.0,1.0,1.0,1.0,53,m1,0,0,1.0,1.0,1.0,1.0,1.0,50.0,0.0,0.0,0.0,0.0,1.0,1.0,0.05,0.525,0.0,0.55,0.2825,False,0,0
2626,202512231738,1.0,1.0,1.0,1.0,45,m1,0,0,1.0,1.0,1.0,1.0,1.0,50.0,0.0,0.0,0.0,0.0,1.0,1.0,0.05,0.525,0.0,0.55,0.2825,False,0,0
2627,202512231739,1.0,1.0,1.0,1.0,99,m1,0,0,1.0,1.0,1.0,1.0,1.0,50.0,0.0,0.0,0.0,0.0,1.0,1.0,0.8,0.525,0.0,0.55,0.5075,False,0,0
2628,202512231740,1.0,1.0,1.0,1.0,91,m1,0,0,1.0,1.0,1.0,1.0,1.0,50.0,0.0,0.0,0.0,0.0,1.0,1.0,0.75,0.525,0.0,0.55,0.49249999999999994,False,0,0
2629,202512231741,1.0,1.0,1.0,1.0,40,m1,0,0,1.0,1.0,1.0,1.0,1.0,50.0,0.0,0.0,0.0,0.0,1.0,1.0,0.05,0.525,0.0,0.55,0.2825,False,0,0
2630,202512231742,1.0,1.0,1.0,1.0,74,m1,0,0,1.0,1.0,1.0,1.0,1.0,50.0,0.0,0.0,0.0,0.0,1.0,1.0,0.55,0.525,0.0,0.55,0.4325,False,0,0
2631,202512231743,1.0,1.0,1.0,1.0,61,m1,0,0,1.0,1.0,1.0,1.0,1.0,50.0,0.0,0.0,0.0,0.0,1.0,1.0,0.325,0.525,0.0,0.55,0.365,False,0,0
2632,202512231744,1.0,1.0,1.0,1.0,86,m1,0,0,1.0,1.0,1.0,1.0,1.0,50.0,0.0,0.0,0.0,0.0,1.0,1.0,0.8,0.525,0.0,0.55,0.5075,False,0,0
2633,202512231745,1.0,1.0,1.0,1.0,75,m1,0,0,1.0,1.0,1.0,1.0,1.0,50.0,0.0,0.0,0.0,0.0,1.0,1.0,0.6,0.525,0.0,0.55,0.4475,False,0,0
2634,202512231746,1.0,1.0,1.0,1.0,61,m1,0,0,1.0,1.0,1.0,1.0,1.0,50.0,0.0,0.0,0.0,0.0,1.0,1.0,0.325,0.525,0.0,0.55,0.365,False,0,0
2635,202512231747,1.0,1.0,1.0,1.0,79,m1,0,0,1.0,1.0,1.0,1.0,1.0,50.0,0.0,0.0,0.0,0.0,1.0,1.0,0.75,0.525,0.0,0.55,0.49249999999999994,False,0,0
2636,202512231748,1.0,1.0,1.0,1.0,62,m1,0,0,1.0,1.0,1.0,1.0,1.0,50.0,0.0,0.0,0.0,0.0,1.0,1.0,0.4,0.525,0.0,0.55,0.38749999999999996,False,0,0
2637,202512231749,1.0,1.0,1.0,1.0,84,m1,0,0,1.0,1.0,1.0,1.0,1.0,50.0,0.0,0.0,0.0,0.0,1.0,1.0,0.85,0.525,0.0,0.55,0.5225,False,0,0
2638,202512231750,1.0,1.0,1.0,1.0,104,m1,0,0,1.0,1.0,1.0,1.0,1.0,50.0,0.0,0.0,0.0,0.0,1.0,1.0,1.0,0.525,0.0,0.55,0.5675,False,0,0
2639,202512231751,1.0,1.0,1.0,1.0,121,m1,0,0,1.0,1.0,1.0,1.0,1.0,50.0,0.0,0.0,0.0,0.0,1.0,1.0,1.0,0.525,0.0,0.55,0.5675,False,0,0
2640,202512231752,1.0,1.0,1.0,1.0,75,m1,0,0,1.0,1.0,1.0,1.0,1.0,50.0,0.0,0.0,0.0,0.0,1.0,1.0,0.575,0.525,0.0,0.55,0.43999999999999995,False,0,0
2641,202512231753,1.0,1.0,1.0,1.0,50,m1,0,0,1.0,1.0,1.0,1.0,1.0,50.0,0.0,0.0,0.0,0.0,1.0,1.0,0.15,0.525,0.0,0.55,0.3125,False,0,0
2642,202512231754,1.0,1.0,1.0,1.0,71,m1,0,0,1.0,1.0,1.0,1.0,1.0,50.0,0.0,0.0,0.0,0.0,1.0,1.0,0.5,0.525,0.0,0.55,0.4175,False,0,0
2643,202512231755,1.0,1.0,1.0,1.0,96,m1,0,0,1.0,1.0,1.0,1.0,1.0,50.0,0.0,0.0,0.0,0.0,1.0,1.0,0.85,0.525,0.0,0.55,0.5225,False,0,0
2644,202512231756,1.0,1.0,1.0,1.0,50,m1,0,0,1.0,1.0,1.0,1.0,1.0,50.0,0.0,0.0,0.0,0.0,1.0,1.0,0.175,0.525,0.0,0.55,0.32,False,0,0
2645,202512231757,1.0,1.0,1.0,1.0,65,m1,0,0,1.0,1.0,1.0,1.0,1.0,50.0,0.0,0.0,0.0,0.0,1.0,1.0,0.4,0.525,0.0,0.55,0.38749999999999996,False,0,0
2646,202512231758,1.0,1.0,1.0,1.0,116,m1,0,0,1.0,1.0,1.0,1.0,1.0,50.0,0.0,0.0,0.0,0.0,1.0,1.0,0.95,0.525,0.0,0.55,0.5525,False,0,0
2647,202512231759,1.0,1.0,1.0,1.0,84,m1,0,0,1.0,1.0,1.0,1.0,1.0,50.0,0.0,0.0,0.0,0.0,1.0,1.0,0.675,0.525,0.0,0.55,0.47,False,0,0
2648,202512231800,1.0,1.0,1.0,1.0,90,m1,0,0,1.0,1.0,1.0,1.0,1.0,50.0,0.0,0.0,0.0,0.0,1.0,1.0,0.8,0.525,0.0,0.55,0.5075,False,0,0
2649,202512231801,1.0,1.0,1.0,1.0,66,m1,0,0,1.0,1.0,1.0,1.0,1.0,50.0,0.0,0.0,0.0,0.0,1.0,1.0,0.35,0.525,0.0,0.55,0.37250000000000005,False,0,0
2650,202512231802,1.0,1.0,1.0,1.0,139,m1,0,0,1.0,1.0,1.0,1.0,1.0,50.0,0.0,0.0,0.0,0.0,1.0,1.0,1.0,0.525,0.0,0.55,0.5675,False,0,0
2651,202512231803,1.0,1.0,1.0,1.0,78,m1,0,0,1.0,1.0,1.0,1.0,1.0,50.0,0.0,0.0,0.0,0.0,1.0,1.0,0.5,0.525,0.0,0.55,0.4175,False,0,0
2652,202512231804,1.0,1.0,1.0,1.0,57,m1,0,0,1.0,1.0,1.0,1.0,1.0,50.0,0.0,0.0,0.0,0.0,1.0,1.0,0.15,0.525,0.0,0.55,0.3125,False,0,0
2653,202512231805,1.0,1.0,1.0,1.0,76,m1,0,0,1.0,1.0,1.0,1.0,1.0,50.0,0.0,0.0,0.0,0.0,1.0,1.0,0.5,0.525,0.0,0.55,0.4175,False,0,0
2654,202512231806,1.0,1.0,1.0,1.0,62,m1,0,0,1.0,1.0,1.0,1.0,1.0,50.0,0.0,0.0,0.0,0.0,1.0,1.0,0.225,0.525,0.0,0.55,0.335,False,0,0
2655,202512231807,1.0,1.0,1.0,1.0,45,m1,0,0,1.0,1.0,1.0,1.0,1.0,50.0,0.0,0.0,0.0,0.0,1.0,1.0,0.05,0.525,0.0,0.55,0.2825,False,0,0
2656,202512231808,1.0,1.0,1.0,1.0,87,m1,0,0,1.0,1.0,1.0,1.0,1.0,50.0,0.0,0.0,0.0,0.0,1.0,1.0,0.7,0.525,0.0,0.55,0.47750000000000004,False,0,0
2657,202512231809,1.0,1.0,1.0,1.0,96,m1,0,0,1.0,1.0,1.0,1.0,1.0,50.0,0.0,0.0,0.0,0.0,1.0,1.0,0.775,0.525,0.0,0.55,0.5,False,0,0
2658,202512231810,1.0,1.0,1.0,1.0,79,m1,0,0,1.0,1.0,1.0,1.0,1.0,50.0,0.0,0.0,0.0,0.0,1.0,1.0,0.6,0.525,0.0,0.55,0.4475,False,0,0
2659,202512231811,1.0,1.0,1.0,1.0,68,m1,0,0,1.0,1.0,1.0,1.0,1.0,50.0,0.0,0.0,0.0,0.0,1.0,1.0,0.4,0.525,0.0,0.55,0.38749999999999996,False,0,0
2660,202512231812,1.0,1.0,1.0,1.0,51,m1,0,0,1.0,1.0,1.0,1.0,1.0,50.0,0.0,0.0,0.0,0.0,1.0,1.0,0.2,0.525,0.0,0.55,0.3275,False,0,0
2661,202512231813,1.0,1.0,1.0,1.0,50,m1,0,0,1.0,1.0,1.0,1.0,1.0,50.0,0.0,0.0,0.0,0.0,1.0,1.0,0.125,0.525,0.0,0.55,0.30500000000000005,False,0,0
2662,202512231814,1.0,1.0,1.0,1.0,55,m1,0,0,1.0,1.0,1.0,1.0,1.0,50.0,0.0,0.0,0.0,0.0,1.0,1.0,0.25,0.525,0.0,0.55,0.3425,False,0,0
2663,202512231815,1.0,1.0,1.0,1.0,46,m1,0,0,1.0,1.0,1.0,1.0,1.0,50.0,0.0,0.0,0.0,0.0,1.0,1.0,0.1,0.525,0.0,0.55,0.2975,False,0,0
2664,202512231816,1.0,1.0,1.0,1.0,84,m1,0,0,1.0,1.0,1.0,1.0,1.0,50.0,0.0,0.0,0.0,0.0,1.0,1.0,0.725,0.525,0.0,0.55,0.485,False,0,0
2665,202512231817,1.0,1.0,1.0,1.0,46,m1,0,0,1.0,1.0,1.0,1.0,1.0,50.0,0.0,0.0,0.0,0.0,1.0,1.0,0.125,0.525,0.0,0.55,0.30500000000000005,False,0,0
2666,202512231818,1.0,1.0,1.0,1.0,100,m1,0,0,1.0,1.0,1.0,1.0,1.0,50.0,0.0,0.0,0.0,0.0,1.0,1.0,0.95,0.525,0.0,0.55,0.5525,False,0,0
2667,202512231819,1.0,1.0,1.0,1.0,103,m1,0,0,1.0,1.0,1.0,1.0,1.0,50.0,0.0,0.0,0.0,0.0,1.0,1.0,0.95,0.525,0.0,0.55,0.5525,False,0,0
2668,202512231820,1.0,1.0,1.0,1.0,75,m1,0,0,1.0,1.0,1.0,1.0,1.0,50.0,0.0,0.0,0.0,0.0,1.0,1.0,0.55,0.525,0.0,0.55,0.4325,False,0,0
2669,202512231821,1.0,1.0,1.0,1.0,115,m1,0,0,1.0,1.0,1.0,1.0,1.0,50.0,0.0,0.0,0.0,0.0,1.0,1.0,0.95,0.525,0.0,0.55,0.5525,False,0,0
2670,202512231822,1.0,1.0,1.0,1.0,113,m1,0,0,1.0,1.0,1.0,1.0,1.0,50.0,0.0,0.0,0.0,0.0,1.0,1.0,0.95,0.525,0.0,0.55,0.5525,False,0,0
2671,202512231823,1.0,1.0,1.0,1.0,59,m1,0,0,1.0,1.0,1.0,1.0,1.0,50.0,0.0,0.0,0.0,0.0,1.0,1.0,0.4,0.525,0.0,0.55,0.38749999999999996,False,0,0
2672,202512231824,1.0,1.0,1.0,1.0,108,m1,0,0,1.0,1.0,1.0,1.0,1.0,50.0,0.0,0.0,0.0,0.0,1.0,1.0,0.9,0.525,0.0,0.55,0.5375,False,0,0
2673,202512231825,1.0,1.0,1.0,1.0,133,m1,0,0,1.0,1.0,1.0,1.0,1.0,50.0,0.0,0.0,0.0,0.0,1.0,1.0,1.0,0.525,0.0,0.55,0.5675,False,0,0
2674,202512231826,1.0,1.0,1.0,1.0,94,m1,0,0,1.0,1.0,1.0,1.0,1.0,50.0,0.0,0.0,0.0,0.0,1.0,1.0,0.65,0.525,0.0,0.55,0.4625,False,0,0
2675,202512231827,1.0,1.0,1.0,1.0,78,m1,0,0,1.0,1.0,1.0,1.0,1.0,50.0,0.0,0.0,0.0,0.0,1.0,1.0,0.45,0.525,0.0,0.55,0.40249999999999997,False,0,0
2676,202512231828,1.0,1.0,1.0,1.0,139,m1,0,0,1.0,1.0,1.0,1.0,1.0,50.0,0.0,0.0,0.0,0.0,1.0,1.0,1.0,0.525,0.0,0.55,0.5675,False,0,0
2677,202512231829,1.0,1.0,1.0,1.0,65,m1,0,0,1.0,1.0,1.0,1.0,1.0,50.0,0.0,0.0,0.0,0.0,1.0,1.0,0.35,0.525,0.0,0.55,0.37250000000000005,False,0,0
2678,202512231830,1.0,1.0,1.0,1.0,94,m1,0,0,1.0,1.0,1.0,1.0,1.0,50.0,0.0,0.0,0.0,0.0,1.0,1.0,0.625,0.525,0.0,0.55,0.45499999999999996,False,0,0
2679,202512231831,1.0,1.0,1.0,1.0,100,m1,0,0,1.0,1.0,1.0,1.0,1.0,50.0,0.0,0.0,0.0,0.0,1.0,1.0,0.675,0.525,0.0,0.55,0.47,False,0,0
2680,202512231832,1.0,1.0,1.0,1.0,29,m1,0,0,1.0,1.0,1.0,1.0,1.0,50.0,0.0,0.0,0.0,0.0,1.0,1.0,0.05,0.525,0.0,0.55,0.2825,False,0,0
2681,202512231833,1.0,1.0,1.0,1.0,104,m1,0,0,1.0,1.0,1.0,1.0,1.0,50.0,0.0,0.0,0.0,0.0,1.0,1.0,0.75,0.525,0.0,0.55,0.49249999999999994,False,0,0
2682,202512231834,1.0,1.0,1.0,1.0,109,m1,0,0,1.0,1.0,1.0,1.0,1.0,50.0,0.0,0.0,0.0,0.0,1.0,1.0,0.8,0.525,0.0,0.55,0.5075,False,0,0
2683,202512231835,1.0,1.0,1.0,1.0,157,m1,0,0,1.0,1.0,1.0,1.0,1.0,50.0,0.0,0.0,0.0,0.0,1.0,1.0,1.0,0.525,0.0,0.55,0.5675,False,0,0
2684,202512231836,1.0,1.0,1.0,1.0,66,m1,0,0,1.0,1.0,1.0,1.0,1.0,50.0,0.0,0.0,0.0,0.0,1.0,1.0,0.25,0.525,0.0,0.55,0.3425,False,0,0
2685,202512231837,1.0,1.0,1.0,1.0,111,m1,0,0,1.0,1.0,1.0,1.0,1.0,50.0,0.0,0.0,0.0,0.0,1.0,1.0,0.75,0.525,0.0,0.55,0.49249999999999994,False,0,0
2686,202512231838,1.0,1.0,1.0,1.0,34,m1,0,0,1.0,1.0,1.0,1.0,1.0,50.0,0.0,0.0,0.0,0.0,1.0,1.0,0.1,0.525,0.0,0.55,0.2975,False,0,0
2687,202512231839,1.0,1.0,1.0,1.0,89,m1,0,0,1.0,1.0,1.0,1.0,1.0,50.0,0.0,0.0,0.0,0.0,1.0,1.0,0.4,0.525,0.0,0.55,0.38749999999999996,False,0,0
2688,202512231840,1.0,1.0,1.0,1.0,98,m1,0,0,1.0,1.0,1.0,1.0,1.0,50.0,0.0,0.0,0.0,0.0,1.0,1.0,0.5,0.525,0.0,0.55,0.4175,False,0,0
2689,202512231841,1.0,1.0,1.0,1.0,66,m1,0,0,1.0,1.0,1.0,1.0,1.0,50.0,0.0,0.0,0.0,0.0,1.0,1.0,0.275,0.525,0.0,0.55,0.35,False,0,0
2690,202512231842,1.0,1.0,1.0,1.0,43,m1,0,0,1.0,1.0,1.0,1.0,1.0,50.0,0.0,0.0,0.0,0.0,1.0,1.0,0.15,0.525,0.0,0.55,0.3125,False,0,0
2691,202512231843,1.0,1.0,1.0,1.0,61,m1,0,0,1.0,1.0,1.0,1.0,1.0,50.0,0.0,0.0,0.0,0.0,1.0,1.0,0.2,0.525,0.0,0.55,0.3275,False,0,0
2692,202512231844,1.0,1.0,1.0,1.0,37,m1,0,0,1.0,1.0,1.0,1.0,1.0,50.0,0.0,0.0,0.0,0.0,1.0,1.0,0.15,0.525,0.0,0.55,0.3125,False,0,0
2693,202512231845,1.0,1.0,1.0,1.0,22,m1,0,0,1.0,1.0,1.0,1.0,1.0,50.0,0.0,0.0,0.0,0.0,1.0,1.0,0.05,0.525,0.0,0.55,0.2825,False,0,0
2694,202512231846,1.0,1.0,1.0,1.0,35,m1,0,0,1.0,1.0,1.0,1.0,1.0,50.0,0.0,0.0,0.0,0.0,1.0,1.0,0.2,0.525,0.0,0.55,0.3275,False,0,0
2695,202512231847,1.0,1.0,1.0,1.0,68,m1,0,0,1.0,1.0,1.0,1.0,1.0,50.0,0.0,0.0,0.0,0.0,1.0,1.0,0.55,0.525,0.0,0.55,0.4325,False,0,0
2696,202512231848,1.0,1.0,1.0,1.0,64,m1,0,0,1.0,1.0,1.0,1.0,1.0,50.0,0.0,0.0,0.0,0.0,1.0,1.0,0.4,0.525,0.0,0.55,0.38749999999999996,False,0,0
2697,202512231849,1.0,1.0,1.0,1.0,69,m1,0,0,1.0,1.0,1.0,1.0,1.0,50.0,0.0,0.0,0.0,0.0,1.0,1.0,0.6,0.525,0.0,0.55,0.4475,False,0,0
2698,202512231850,1.0,1.0,1.0,1.0,58,m1,0,0,1.0,1.0,1.0,1.0,1.0,50.0,0.0,0.0,0.0,0.0,1.0,1.0,0.35,0.525,0.0,0.55,0.37250000000000005,False,0,0
2699,202512231851,1.0,1.0,1.0,1.0,81,m1,0,0,1.0,1.0,1.0,1.0,1.0,50.0,0.0,0.0,0.0,0.0,1.0,1.0,0.7,0.525,0.0,0.55,0.47750000000000004,False,0,0
2700,202512231852,1.0,1.0,1.0,1.0,90,m1,0,0,1.0,1.0,1.0,1.0,1.0,50.0,0.0,0.0,0.0,0.0,1.0,1.0,0.75,0.525,0.0,0.55,0.49249999999999994,False,0,0
2701,202512231853,1.0,1.0,1.0,1.0,105,m1,0,0,1.0,1.0,1.0,1.0,1.0,50.0,0.0,0.0,0.0,0.0,1.0,1.0,0.85,0.525,0.0,0.55,0.5225,False,0,0
2702,202512231854,1.0,1.0,1.0,1.0,139,m1,0,0,1.0,1.0,1.0,1.0,1.0,50.0,0.0,0.0,0.0,0.0,1.0,1.0,0.95,0.525,0.0,0.55,0.5525,False,0,0
2703,202512231855,1.0,1.0,1.0,1.0,87,m1,0,0,1.0,1.0,1.0,1.0,1.0,50.0,0.0,0.0,0.0,0.0,1.0,1.0,0.7,0.525,0.0,0.55,0.47750000000000004,False,0,0
2704,202512231856,1.0,1.0,1.0,1.0,59,m1,0,0,1.0,1.0,1.0,1.0,1.0,50.0,0.0,0.0,0.0,0.0,1.0,1.0,0.35,0.525,0.0,0.55,0.37250000000000005,False,0,0
2705,202512231857,1.0,1.0,1.0,1.0,144,m1,0,0,1.0,1.0,1.0,1.0,1.0,50.0,0.0,0.0,0.0,0.0,1.0,1.0,1.0,0.525,0.0,0.55,0.5675,False,0,0
2706,202512231858,1.0,1.0,1.0,1.0,113,m1,0,0,1.0,1.0,1.0,1.0,1.0,50.0,0.0,0.0,0.0,0.0,1.0,1.0,0.9,0.525,0.0,0.55,0.5375,False,0,0
2707,202512231859,1.0,1.0,1.0,1.0,171,m1,0,0,1.0,1.0,1.0,1.0,1.0,50.0,0.0,0.0,0.0,0.0,1.0,1.0,1.0,0.525,0.0,0.55,0.5675,False,0,0
2708,202512231900,1.0,1.0,1.0,1.0,192,m1,0,0,1.0,1.0,1.0,1.0,1.0,50.0,0.0,0.0,0.0,0.0,1.0,1.0,1.0,0.525,0.0,0.55,0.5675,False,0,0
2709,202512231901,1.0,1.0,1.0,1.0,144,m1,0,0,1.0,1.0,1.0,1.0,1.0,50.0,0.0,0.0,0.0,0.0,1.0,1.0,0.875,0.525,0.0,0.55,0.53,False,0,0
2710,202512231902,1.0,1.0,1.0,1.0,151,m1,0,0,1.0,1.0,1.0,1.0,1.0,50.0,0.0,0.0,0.0,0.0,1.0,1.0,0.9,0.525,0.0,0.55,0.5375,False,0,0
2711,202512231903,1.0,1.0,1.0,1.0,129,m1,0,0,1.0,1.0,1.0,1.0,1.0,50.0,0.0,0.0,0.0,0.0,1.0,1.0,0.7,0.525,0.0,0.55,0.47750000000000004,False,0,0
2712,202512231904,1.0,1.0,1.0,1.0,116,m1,0,0,1.0,1.0,1.0,1.0,1.0,50.0,0.0,0.0,0.0,0.0,1.0,1.0,0.65,0.525,0.0,0.55,0.4625,False,0,0
2713,202512231905,1.0,1.0,1.0,1.0,145,m1,0,0,1.0,1.0,1.0,1.0,1.0,50.0,0.0,0.0,0.0,0.0,1.0,1.0,0.85,0.525,0.0,0.55,0.5225,False,0,0
2714,202512231906,1.0,1.0,1.0,1.0,67,m1,0,0,1.0,1.0,1.0,1.0,1.0,50.0,0.0,0.0,0.0,0.0,1.0,1.0,0.2,0.525,0.0,0.55,0.3275,False,0,0
2715,202512231907,1.0,1.0,1.0,1.0,65,m1,0,0,1.0,1.0,1.0,1.0,1.0,50.0,0.0,0.0,0.0,0.0,1.0,1.0,0.2,0.525,0.0,0.55,0.3275,False,0,0
2716,202512231908,1.0,1.0,1.0,1.0,85,m1,0,0,1.0,1.0,1.0,1.0,1.0,50.0,0.0,0.0,0.0,0.0,1.0,1.0,0.35,0.525,0.0,0.55,0.37250000000000005,False,0,0
2717,202512231909,1.0,1.0,1.0,1.0,64,m1,0,0,1.0,1.0,1.0,1.0,1.0,50.0,0.0,0.0,0.0,0.0,1.0,1.0,0.15,0.525,0.0,0.55,0.3125,False,0,0
2718,202512231910,1.0,1.0,1.0,1.0,36,m1,0,0,1.0,1.0,1.0,1.0,1.0,50.0,0.0,0.0,0.0,0.0,1.0,1.0,0.05,0.525,0.0,0.55,0.2825,False,0,0
2719,202512231911,1.0,1.0,1.0,1.0,73,m1,0,0,1.0,1.0,1.0,1.0,1.0,50.0,0.0,0.0,0.0,0.0,1.0,1.0,0.3,0.525,0.0,0.55,0.35750000000000004,False,0,0
2720,202512231912,1.0,1.0,1.0,1.0,90,m1,0,0,1.0,1.0,1.0,1.0,1.0,50.0,0.0,0.0,0.0,0.0,1.0,1.0,0.45,0.525,0.0,0.55,0.40249999999999997,False,0,0
2721,202512231913,1.0,1.0,1.0,1.0,74,m1,0,0,1.0,1.0,1.0,1.0,1.0,50.0,0.0,0.0,0.0,0.0,1.0,1.0,0.35,0.525,0.0,0.55,0.37250000000000005,False,0,0
2722,202512231914,1.0,1.0,1.0,1.0,60,m1,0,0,1.0,1.0,1.0,1.0,1.0,50.0,0.0,0.0,0.0,0.0,1.0,1.0,0.15,0.525,0.0,0.55,0.3125,False,0,0
2723,202512231915,1.0,1.0,1.0,1.0,70,m1,0,0,1.0,1.0,1.0,1.0,1.0,50.0,0.0,0.0,0.0,0.0,1.0,1.0,0.35,0.525,0.0,0.55,0.37250000000000005,False,0,0
2724,202512231916,1.0,1.0,1.0,1.0,77,m1,0,0,1.0,1.0,1.0,1.0,1.0,50.0,0.0,0.0,0.0,0.0,1.0,1.0,0.45,0.525,0.0,0.55,0.40249999999999997,False,0,0
2725,202512231917,1.0,1.0,1.0,1.0,141,m1,0,0,1.0,1.0,1.0,1.0,1.0,50.0,0.0,0.0,0.0,0.0,1.0,1.0,0.75,0.525,0.0,0.55,0.49249999999999994,False,0,0
2726,202512231918,1.0,1.0,1.0,1.0,92,m1,0,0,1.0,1.0,1.0,1.0,1.0,50.0,0.0,0.0,0.0,0.0,1.0,1.0,0.6,0.525,0.0,0.55,0.4475,False,0,0
2727,202512231919,1.0,1.0,1.0,1.0,79,m1,0,0,1.0,1.0,1.0,1.0,1.0,50.0,0.0,0.0,0.0,0.0,1.0,1.0,0.5,0.525,0.0,0.55,0.4175,False,0,0
2728,202512231920,1.0,1.0,1.0,1.0,81,m1,0,0,1.0,1.0,1.0,1.0,1.0,50.0,0.0,0.0,0.0,0.0,1.0,1.0,0.55,0.525,0.0,0.55,0.4325,False,0,0
2729,202512231921,1.0,1.0,1.0,1.0,60,m1,0,0,1.0,1.0,1.0,1.0,1.0,50.0,0.0,0.0,0.0,0.0,1.0,1.0,0.125,0.525,0.0,0.55,0.30500000000000005,False,0,0
2730,202512231922,1.0,1.0,1.0,1.0,58,m1,0,0,1.0,1.0,1.0,1.0,1.0,50.0,0.0,0.0,0.0,0.0,1.0,1.0,0.1,0.525,0.0,0.55,0.2975,False,0,0
2731,202512231923,1.0,1.0,1.0,1.0,50,m1,0,0,1.0,1.0,1.0,1.0,1.0,50.0,0.0,0.0,0.0,0.0,1.0,1.0,0.1,0.525,0.0,0.55,0.2975,False,0,0
2732,202512231924,1.0,1.0,1.0,1.0,40,m1,0,0,1.0,1.0,1.0,1.0,1.0,50.0,0.0,0.0,0.0,0.0,1.0,1.0,0.1,0.525,0.0,0.55,0.2975,False,0,0
2733,202512231925,1.0,1.0,1.0,1.0,82,m1,0,0,1.0,1.0,1.0,1.0,1.0,50.0,0.0,0.0,0.0,0.0,1.0,1.0,0.8,0.525,0.0,0.55,0.5075,False,0,0
2734,202512231926,1.0,1.0,1.0,1.0,67,m1,0,0,1.0,1.0,1.0,1.0,1.0,50.0,0.0,0.0,0.0,0.0,1.0,1.0,0.45,0.525,0.0,0.55,0.40249999999999997,False,0,0
2735,202512231927,1.0,1.0,1.0,1.0,53,m1,0,0,1.0,1.0,1.0,1.0,1.0,50.0,0.0,0.0,0.0,0.0,1.0,1.0,0.2,0.525,0.0,0.55,0.3275,False,0,0
2736,202512231928,1.0,1.0,1.0,1.0,39,m1,0,0,1.0,1.0,1.0,1.0,1.0,50.0,0.0,0.0,0.0,0.0,1.0,1.0,0.1,0.525,0.0,0.55,0.2975,False,0,0
2737,202512231929,1.0,1.0,1.0,1.0,74,m1,0,0,1.0,1.0,1.0,1.0,1.0,50.0,0.0,0.0,0.0,0.0,1.0,1.0,0.625,0.525,0.0,0.55,0.45499999999999996,False,0,0
2738,202512231930,1.0,1.0,1.0,1.0,53,m1,0,0,1.0,1.0,1.0,1.0,1.0,50.0,0.0,0.0,0.0,0.0,1.0,1.0,0.225,0.525,0.0,0.55,0.335,False,0,0
2739,202512231931,1.0,1.0,1.0,1.0,78,m1,0,0,1.0,1.0,1.0,1.0,1.0,50.0,0.0,0.0,0.0,0.0,1.0,1.0,0.7,0.525,0.0,0.55,0.47750000000000004,False,0,0
2740,202512231932,1.0,1.0,1.0,1.0,51,m1,0,0,1.0,1.0,1.0,1.0,1.0,50.0,0.0,0.0,0.0,0.0,1.0,1.0,0.2,0.525,0.0,0.55,0.3275,False,0,0
2741,202512231933,1.0,1.0,1.0,1.0,67,m1,0,0,1.0,1.0,1.0,1.0,1.0,50.0,0.0,0.0,0.0,0.0,1.0,1.0,0.525,0.525,0.0,0.55,0.42500000000000004,False,0,0
2742,202512231934,1.0,1.0,1.0,1.0,58,m1,0,0,1.0,1.0,1.0,1.0,1.0,50.0,0.0,0.0,0.0,0.0,1.0,1.0,0.375,0.525,0.0,0.55,0.38,False,0,0
2743,202512231935,1.0,1.0,1.0,1.0,46,m1,0,0,1.0,1.0,1.0,1.0,1.0,50.0,0.0,0.0,0.0,0.0,1.0,1.0,0.15,0.525,0.0,0.55,0.3125,False,0,0
2744,202512231936,1.0,1.0,1.0,1.0,66,m1,0,0,1.0,1.0,1.0,1.0,1.0,50.0,0.0,0.0,0.0,0.0,1.0,1.0,0.55,0.525,0.0,0.55,0.4325,False,0,0
2745,202512231937,1.0,1.0,1.0,1.0,90,m1,0,0,1.0,1.0,1.0,1.0,1.0,50.0,0.0,0.0,0.0,0.0,1.0,1.0,0.95,0.525,0.0,0.55,0.5525,False,0,0
2746,202512231938,1.0,1.0,1.0,1.0,98,m1,0,0,1.0,1.0,1.0,1.0,1.0,50.0,0.0,0.0,0.0,0.0,1.0,1.0,1.0,0.525,0.0,0.55,0.5675,False,0,0
2747,202512231939,1.0,1.0,1.0,1.0,55,m1,0,0,1.0,1.0,1.0,1.0,1.0,50.0,0.0,0.0,0.0,0.0,1.0,1.0,0.4,0.525,0.0,0.55,0.38749999999999996,False,0,0
2748,202512231940,1.0,1.0,1.0,1.0,50,m1,0,0,1.0,1.0,1.0,1.0,1.0,50.0,0.0,0.0,0.0,0.0,1.0,1.0,0.225,0.525,0.0,0.55,0.335,False,0,0
2749,202512231941,1.0,1.0,1.0,1.0,46,m1,0,0,1.0,1.0,1.0,1.0,1.0,50.0,0.0,0.0,0.0,0.0,1.0,1.0,0.175,0.525,0.0,0.55,0.32,False,0,0
2750,202512231942,1.0,1.0,1.0,1.0,56,m1,0,0,1.0,1.0,1.0,1.0,1.0,50.0,0.0,0.0,0.0,0.0,1.0,1.0,0.55,0.525,0.0,0.55,0.4325,False,0,0
2751,202512231943,1.0,1.0,1.0,1.0,48,m1,0,0,1.0,1.0,1.0,1.0,1.0,50.0,0.0,0.0,0.0,0.0,1.0,1.0,0.25,0.525,0.0,0.55,0.3425,False,0,0
2752,202512231944,1.0,1.0,1.0,1.0,58,m1,0,0,1.0,1.0,1.0,1.0,1.0,50.0,0.0,0.0,0.0,0.0,1.0,1.0,0.575,0.525,0.0,0.55,0.43999999999999995,False,0,0
2753,202512231945,1.0,1.0,1.0,1.0,101,m1,0,0,1.0,1.0,1.0,1.0,1.0,50.0,0.0,0.0,0.0,0.0,1.0,1.0,1.0,0.525,0.0,0.55,0.5675,False,0,0
2754,202512231946,1.0,1.0,1.0,1.0,48,m1,0,0,1.0,1.0,1.0,1.0,1.0,50.0,0.0,0.0,0.0,0.0,1.0,1.0,0.225,0.525,0.0,0.55,0.335,False,0,0
2755,202512231947,1.0,1.0,1.0,1.0,44,m1,0,0,1.0,1.0,1.0,1.0,1.0,50.0,0.0,0.0,0.0,0.0,1.0,1.0,0.1,0.525,0.0,0.55,0.2975,False,0,0
2756,202512231948,1.0,1.0,1.0,1.0,49,m1,0,0,1.0,1.0,1.0,1.0,1.0,50.0,0.0,0.0,0.0,0.0,1.0,1.0,0.3,0.525,0.0,0.55,0.35750000000000004,False,0,0
2757,202512231949,1.0,1.0,1.0,1.0,46,m1,0,0,1.0,1.0,1.0,1.0,1.0,50.0,0.0,0.0,0.0,0.0,1.0,1.0,0.15,0.525,0.0,0.55,0.3125,False,0,0
2758,202512231950,1.0,1.0,1.0,1.0,41,m1,0,0,1.0,1.0,1.0,1.0,1.0,50.0,0.0,0.0,0.0,0.0,1.0,1.0,0.05,0.525,0.0,0.55,0.2825,False,0,0
2759,202512231951,1.0,1.0,1.0,1.0,45,m1,0,0,1.0,1.0,1.0,1.0,1.0,50.0,0.0,0.0,0.0,0.0,1.0,1.0,0.15,0.525,0.0,0.55,0.3125,False,0,0
2760,202512231952,1.0,1.0,1.0,1.0,32,m1,0,0,1.0,1.0,1.0,1.0,1.0,50.0,0.0,0.0,0.0,0.0,1.0,1.0,0.05,0.525,0.0,0.55,0.2825,False,0,0
2761,202512231953,1.0,1.0,1.0,1.0,55,m1,0,0,1.0,1.0,1.0,1.0,1.0,50.0,0.0,0.0,0.0,0.0,1.0,1.0,0.625,0.525,0.0,0.55,0.45499999999999996,False,0,0
2762,202512231954,1.0,1.0,1.0,1.0,30,m1,0,0,1.0,1.0,1.0,1.0,1.0,50.0,0.0,0.0,0.0,0.0,1.0,1.0,0.05,0.525,0.0,0.55,0.2825,False,0,0
2763,202512231955,1.0,1.0,1.0,1.0,87,m1,0,0,1.0,1.0,1.0,1.0,1.0,50.0,0.0,0.0,0.0,0.0,1.0,1.0,0.85,0.525,0.0,0.55,0.5225,False,0,0
2764,202512231956,1.0,1.0,1.0,1.0,94,m1,0,0,1.0,1.0,1.0,1.0,1.0,50.0,0.0,0.0,0.0,0.0,1.0,1.0,0.9,0.525,0.0,0.55,0.5375,False,0,0
2765,202512231957,1.0,1.0,1.0,1.0,103,m1,0,0,1.0,1.0,1.0,1.0,1.0,50.0,0.0,0.0,0.0,0.0,1.0,1.0,1.0,0.525,0.0,0.55,0.5675,False,0,0
2766,202512231958,1.0,1.0,1.0,1.0,70,m1,0,0,1.0,1.0,1.0,1.0,1.0,50.0,0.0,0.0,0.0,0.0,1.0,1.0,0.8,0.525,0.0,0.55,0.5075,False,0,0
2767,202512231959,1.0,1.0,1.0,1.0,70,m1,0,0,1.0,1.0,1.0,1.0,1.0,50.0,0.0,0.0,0.0,0.0,1.0,1.0,0.775,0.525,0.0,0.55,0.5,False,0,0
2768,202512232000,1.0,1.0,1.0,1.0,81,m1,0,0,1.0,1.0,1.0,1.0,1.0,50.0,0.0,0.0,0.0,0.0,1.0,1.0,0.8,0.525,0.0,0.55,0.5075,False,0,0
2769,202512232001,1.0,1.0,1.0,1.0,94,m1,0,0,1.0,1.0,1.0,1.0,1.0,50.0,0.0,0.0,0.0,0.0,1.0,1.0,0.875,0.525,0.0,0.55,0.53,False,0,0
2770,202512232002,1.0,1.0,1.0,1.0,75,m1,0,0,1.0,1.0,1.0,1.0,1.0,50.0,0.0,0.0,0.0,0.0,1.0,1.0,0.7,0.525,0.0,0.55,0.47750000000000004,False,0,0
2771,202512232003,1.0,1.0,1.0,1.0,70,m1,0,0,1.0,1.0,1.0,1.0,1.0,50.0,0.0,0.0,0.0,0.0,1.0,1.0,0.6,0.525,0.0,0.55,0.4475,False,0,0
2772,202512232004,1.0,1.0,1.0,1.0,64,m1,0,0,1.0,1.0,1.0,1.0,1.0,50.0,0.0,0.0,0.0,0.0,1.0,1.0,0.5,0.525,0.0,0.55,0.4175,False,0,0
2773,202512232005,1.0,1.0,1.0,1.0,86,m1,0,0,1.0,1.0,1.0,1.0,1.0,50.0,0.0,0.0,0.0,0.0,1.0,1.0,0.8,0.525,0.0,0.55,0.5075,False,0,0
2774,202512232006,1.0,1.0,1.0,1.0,80,m1,0,0,1.0,1.0,1.0,1.0,1.0,50.0,0.0,0.0,0.0,0.0,1.0,1.0,0.7,0.525,0.0,0.55,0.47750000000000004,False,0,0
2775,202512232007,1.0,1.0,1.0,1.0,90,m1,0,0,1.0,1.0,1.0,1.0,1.0,50.0,0.0,0.0,0.0,0.0,1.0,1.0,0.85,0.525,0.0,0.55,0.5225,False,0,0
2776,202512232008,1.0,1.0,1.0,1.0,55,m1,0,0,1.0,1.0,1.0,1.0,1.0,50.0,0.0,0.0,0.0,0.0,1.0,1.0,0.325,0.525,0.0,0.55,0.365,False,0,0
2777,202512232009,1.0,1.0,1.0,1.0,60,m1,0,0,1.0,1.0,1.0,1.0,1.0,50.0,0.0,0.0,0.0,0.0,1.0,1.0,0.35,0.525,0.0,0.55,0.37250000000000005,False,0,0
2778,202512232010,1.0,1.0,1.0,1.0,97,m1,0,0,1.0,1.0,1.0,1.0,1.0,50.0,0.0,0.0,0.0,0.0,1.0,1.0,0.95,0.525,0.0,0.55,0.5525,False,0,0
2779,202512232011,1.0,1.0,1.0,1.0,90,m1,0,0,1.0,1.0,1.0,1.0,1.0,50.0,0.0,0.0,0.0,0.0,1.0,1.0,0.775,0.525,0.0,0.55,0.5,False,0,0
2780,202512232012,1.0,1.0,1.0,1.0,103,m1,0,0,1.0,1.0,1.0,1.0,1.0,50.0,0.0,0.0,0.0,0.0,1.0,1.0,0.975,0.525,0.0,0.55,0.5599999999999999,False,0,0
2781,202512232013,1.0,1.0,1.0,1.0,88,m1,0,0,1.0,1.0,1.0,1.0,1.0,50.0,0.0,0.0,0.0,0.0,1.0,1.0,0.65,0.525,0.0,0.55,0.4625,False,0,0
2782,202512232014,1.0,1.0,1.0,1.0,105,m1,0,0,1.0,1.0,1.0,1.0,1.0,50.0,0.0,0.0,0.0,0.0,1.0,1.0,1.0,0.525,0.0,0.55,0.5675,False,0,0
2783,202512232015,1.0,1.0,1.0,1.0,51,m1,0,0,1.0,1.0,1.0,1.0,1.0,50.0,0.0,0.0,0.0,0.0,1.0,1.0,0.05,0.525,0.0,0.55,0.2825,False,0,0
2784,202512232016,1.0,1.0,1.0,1.0,75,m1,0,0,1.0,1.0,1.0,1.0,1.0,50.0,0.0,0.0,0.0,0.0,1.0,1.0,0.425,0.525,0.0,0.55,0.395,False,0,0
2785,202512232017,1.0,1.0,1.0,1.0,29,m1,0,0,1.0,1.0,1.0,1.0,1.0,50.0,0.0,0.0,0.0,0.0,1.0,1.0,0.05,0.525,0.0,0.55,0.2825,False,0,0
2786,202512232018,1.0,1.0,1.0,1.0,92,m1,0,0,1.0,1.0,1.0,1.0,1.0,50.0,0.0,0.0,0.0,0.0,1.0,1.0,0.8,0.525,0.0,0.55,0.5075,False,0,0
2787,202512232019,1.0,1.0,1.0,1.0,55,m1,0,0,1.0,1.0,1.0,1.0,1.0,50.0,0.0,0.0,0.0,0.0,1.0,1.0,0.175,0.525,0.0,0.55,0.32,False,0,0
2788,202512232020,1.0,1.0,1.0,1.0,108,m1,0,0,1.0,1.0,1.0,1.0,1.0,50.0,0.0,0.0,0.0,0.0,1.0,1.0,1.0,0.525,0.0,0.55,0.5675,False,0,0
2789,202512232021,1.0,1.0,1.0,1.0,39,m1,0,0,1.0,1.0,1.0,1.0,1.0,50.0,0.0,0.0,0.0,0.0,1.0,1.0,0.1,0.525,0.0,0.55,0.2975,False,0,0
2790,202512232022,1.0,1.0,1.0,1.0,81,m1,0,0,1.0,1.0,1.0,1.0,1.0,50.0,0.0,0.0,0.0,0.0,1.0,1.0,0.55,0.525,0.0,0.55,0.4325,False,0,0
2791,202512232023,1.0,1.0,1.0,1.0,63,m1,0,0,1.0,1.0,1.0,1.0,1.0,50.0,0.0,0.0,0.0,0.0,1.0,1.0,0.35,0.525,0.0,0.55,0.37250000000000005,False,0,0
2792,202512232024,1.0,1.0,1.0,1.0,28,m1,0,0,1.0,1.0,1.0,1.0,1.0,50.0,0.0,0.0,0.0,0.0,1.0,1.0,0.05,0.525,0.0,0.55,0.2825,False,0,0
2793,202512232025,1.0,1.0,1.0,1.0,43,m1,0,0,1.0,1.0,1.0,1.0,1.0,50.0,0.0,0.0,0.0,0.0,1.0,1.0,0.2,0.525,0.0,0.55,0.3275,False,0,0
2794,202512232026,1.0,1.0,1.0,1.0,50,m1,0,0,1.0,1.0,1.0,1.0,1.0,50.0,0.0,0.0,0.0,0.0,1.0,1.0,0.25,0.525,0.0,0.55,0.3425,False,0,0
2795,202512232027,1.0,1.0,1.0,1.0,46,m1,0,0,1.0,1.0,1.0,1.0,1.0,50.0,0.0,0.0,0.0,0.0,1.0,1.0,0.25,0.525,0.0,0.55,0.3425,False,0,0
2796,202512232028,1.0,1.0,1.0,1.0,40,m1,0,0,1.0,1.0,1.0,1.0,1.0,50.0,0.0,0.0,0.0,0.0,1.0,1.0,0.2,0.525,0.0,0.55,0.3275,False,0,0
2797,202512232029,1.0,1.0,1.0,1.0,53,m1,0,0,1.0,1.0,1.0,1.0,1.0,50.0,0.0,0.0,0.0,0.0,1.0,1.0,0.45,0.525,0.0,0.55,0.40249999999999997,False,0,0
2798,202512232030,1.0,1.0,1.0,1.0,47,m1,0,0,1.0,1.0,1.0,1.0,1.0,50.0,0.0,0.0,0.0,0.0,1.0,1.0,0.35,0.525,0.0,0.55,0.37250000000000005,False,0,0
2799,202512232031,1.0,1.0,1.0,1.0,51,m1,0,0,1.0,1.0,1.0,1.0,1.0,50.0,0.0,0.0,0.0,0.0,1.0,1.0,0.475,0.525,0.0,0.55,0.41000000000000003,False,0,0
2800,202512232032,1.0,1.0,1.0,1.0,67,m1,0,0,1.0,1.0,1.0,1.0,1.0,50.0,0.0,0.0,0.0,0.0,1.0,1.0,0.7,0.525,0.0,0.55,0.47750000000000004,False,0,0
2801,202512232033,1.0,1.0,1.0,1.0,42,m1,0,0,1.0,1.0,1.0,1.0,1.0,50.0,0.0,0.0,0.0,0.0,1.0,1.0,0.25,0.525,0.0,0.55,0.3425,False,0,0
2802,202512232034,1.0,1.0,1.0,1.0,34,m1,0,0,1.0,1.0,1.0,1.0,1.0,50.0,0.0,0.0,0.0,0.0,1.0,1.0,0.15,0.525,0.0,0.55,0.3125,False,0,0
2803,202512232035,1.0,1.0,1.0,1.0,39,m1,0,0,1.0,1.0,1.0,1.0,1.0,50.0,0.0,0.0,0.0,0.0,1.0,1.0,0.225,0.525,0.0,0.55,0.335,False,0,0
2804,202512232036,1.0,1.0,1.0,1.0,35,m1,0,0,1.0,1.0,1.0,1.0,1.0,50.0,0.0,0.0,0.0,0.0,1.0,1.0,0.2,0.525,0.0,0.55,0.3275,False,0,0
2805,202512232037,1.0,1.0,1.0,1.0,52,m1,0,0,1.0,1.0,1.0,1.0,1.0,50.0,0.0,0.0,0.0,0.0,1.0,1.0,0.65,0.525,0.0,0.55,0.4625,False,0,0
2806,202512232038,1.0,1.0,1.0,1.0,41,m1,0,0,1.0,1.0,1.0,1.0,1.0,50.0,0.0,0.0,0.0,0.0,1.0,1.0,0.35,0.525,0.0,0.55,0.37250000000000005,False,0,0
2807,202512232039,1.0,1.0,1.0,1.0,24,m1,0,0,1.0,1.0,1.0,1.0,1.0,50.0,0.0,0.0,0.0,0.0,1.0,1.0,0.05,0.525,0.0,0.55,0.2825,False,0,0
2808,202512232040,1.0,1.0,1.0,1.0,67,m1,0,0,1.0,1.0,1.0,1.0,1.0,50.0,0.0,0.0,0.0,0.0,1.0,1.0,0.925,0.525,0.0,0.55,0.545,False,0,0
2809,202512232041,1.0,1.0,1.0,1.0,34,m1,0,0,1.0,1.0,1.0,1.0,1.0,50.0,0.0,0.0,0.0,0.0,1.0,1.0,0.175,0.525,0.0,0.55,0.32,False,0,0
2810,202512232042,1.0,1.0,1.0,1.0,51,m1,0,0,1.0,1.0,1.0,1.0,1.0,50.0,0.0,0.0,0.0,0.0,1.0,1.0,0.725,0.525,0.0,0.55,0.485,False,0,0
2811,202512232043,1.0,1.0,1.0,1.0,34,m1,0,0,1.0,1.0,1.0,1.0,1.0,50.0,0.0,0.0,0.0,0.0,1.0,1.0,0.2,0.525,0.0,0.55,0.3275,False,0,0
2812,202512232044,1.0,1.0,1.0,1.0,28,m1,0,0,1.0,1.0,1.0,1.0,1.0,50.0,0.0,0.0,0.0,0.0,1.0,1.0,0.1,0.525,0.0,0.55,0.2975,False,0,0
2813,202512232045,1.0,1.0,1.0,1.0,114,m1,0,0,1.0,1.0,1.0,1.0,1.0,50.0,0.0,0.0,0.0,0.0,1.0,1.0,1.0,0.525,0.0,0.55,0.5675,False,0,0
2814,202512232046,1.0,1.0,1.0,1.0,75,m1,0,0,1.0,1.0,1.0,1.0,1.0,50.0,0.0,0.0,0.0,0.0,1.0,1.0,0.95,0.525,0.0,0.55,0.5525,False,0,0
2815,202512232047,1.0,1.0,1.0,1.0,50,m1,0,0,1.0,1.0,1.0,1.0,1.0,50.0,0.0,0.0,0.0,0.0,1.0,1.0,0.6,0.525,0.0,0.55,0.4475,False,0,0
2816,202512232048,1.0,1.0,1.0,1.0,100,m1,0,0,1.0,1.0,1.0,1.0,1.0,50.0,0.0,0.0,0.0,0.0,1.0,1.0,0.95,0.525,0.0,0.55,0.5525,False,0,0
2817,202512232049,1.0,1.0,1.0,1.0,86,m1,0,0,1.0,1.0,1.0,1.0,1.0,50.0,0.0,0.0,0.0,0.0,1.0,1.0,0.9,0.525,0.0,0.55,0.5375,False,0,0
2818,202512232050,1.0,1.0,1.0,1.0,91,m1,0,0,1.0,1.0,1.0,1.0,1.0,50.0,0.0,0.0,0.0,0.0,1.0,1.0,0.9,0.525,0.0,0.55,0.5375,False,0,0
2819,202512232051,1.0,1.0,1.0,1.0,31,m1,0,0,1.0,1.0,1.0,1.0,1.0,50.0,0.0,0.0,0.0,0.0,1.0,1.0,0.15,0.525,0.0,0.55,0.3125,False,0,0
2820,202512232052,1.0,1.0,1.0,1.0,71,m1,0,0,1.0,1.0,1.0,1.0,1.0,50.0,0.0,0.0,0.0,0.0,1.0,1.0,0.75,0.525,0.0,0.55,0.49249999999999994,False,0,0
2821,202512232053,1.0,1.0,1.0,1.0,56,m1,0,0,1.0,1.0,1.0,1.0,1.0,50.0,0.0,0.0,0.0,0.0,1.0,1.0,0.65,0.525,0.0,0.55,0.4625,False,0,0
2822,202512232054,1.0,1.0,1.0,1.0,62,m1,0,0,1.0,1.0,1.0,1.0,1.0,50.0,0.0,0.0,0.0,0.0,1.0,1.0,0.65,0.525,0.0,0.55,0.4625,False,0,0
2823,202512232055,1.0,1.0,1.0,1.0,26,m1,0,0,1.0,1.0,1.0,1.0,1.0,50.0,0.0,0.0,0.0,0.0,1.0,1.0,0.1,0.525,0.0,0.55,0.2975,False,0,0
2824,202512232056,1.0,1.0,1.0,1.0,56,m1,0,0,1.0,1.0,1.0,1.0,1.0,50.0,0.0,0.0,0.0,0.0,1.0,1.0,0.575,0.525,0.0,0.55,0.43999999999999995,False,0,0
2825,202512232057,1.0,1.0,1.0,1.0,78,m1,0,0,1.0,1.0,1.0,1.0,1.0,50.0,0.0,0.0,0.0,0.0,1.0,1.0,0.8,0.525,0.0,0.55,0.5075,False,0,0
2826,202512232058,1.0,1.0,1.0,1.0,93,m1,0,0,1.0,1.0,1.0,1.0,1.0,50.0,0.0,0.0,0.0,0.0,1.0,1.0,0.9,0.525,0.0,0.55,0.5375,False,0,0
2827,202512232059,1.0,1.0,1.0,1.0,104,m1,0,0,1.0,1.0,1.0,1.0,1.0,50.0,0.0,0.0,0.0,0.0,1.0,1.0,0.95,0.525,0.0,0.55,0.5525,False,0,0
2828,202512232100,1.0,1.0,1.0,1.0,160,m1,0,0,1.0,1.0,1.0,1.0,1.0,50.0,0.0,0.0,0.0,0.0,1.0,1.0,1.0,0.525,0.0,0.55,0.5675,False,0,0
2829,202512232101,1.0,1.0,1.0,1.0,51,m1,0,0,1.0,1.0,1.0,1.0,1.0,50.0,0.0,0.0,0.0,0.0,1.0,1.0,0.325,0.525,0.0,0.55,0.365,False,0,0
2830,202512232102,1.0,1.0,1.0,1.0,27,m1,0,0,1.0,1.0,1.0,1.0,1.0,50.0,0.0,0.0,0.0,0.0,1.0,1.0,0.1,0.525,0.0,0.55,0.2975,False,0,0
2831,202512232103,1.0,1.0,1.0,1.0,54,m1,0,0,1.0,1.0,1.0,1.0,1.0,50.0,0.0,0.0,0.0,0.0,1.0,1.0,0.35,0.525,0.0,0.55,0.37250000000000005,False,0,0
2832,202512232104,1.0,1.0,1.0,1.0,21,m1,0,0,1.0,1.0,1.0,1.0,1.0,50.0,0.0,0.0,0.0,0.0,1.0,1.0,0.05,0.525,0.0,0.55,0.2825,False,0,0
2833,202512232105,1.0,1.0,1.0,1.0,47,m1,0,0,1.0,1.0,1.0,1.0,1.0,50.0,0.0,0.0,0.0,0.0,1.0,1.0,0.25,0.525,0.0,0.55,0.3425,False,0,0
2834,202512232106,1.0,1.0,1.0,1.0,11,m1,0,0,1.0,1.0,1.0,1.0,1.0,50.0,0.0,0.0,0.0,0.0,1.0,1.0,0.05,0.525,0.0,0.55,0.2825,False,0,0
2835,202512232107,1.0,1.0,1.0,1.0,23,m1,0,0,1.0,1.0,1.0,1.0,1.0,50.0,0.0,0.0,0.0,0.0,1.0,1.0,0.15,0.525,0.0,0.55,0.3125,False,0,0
2836,202512232108,1.0,1.0,1.0,1.0,31,m1,0,0,1.0,1.0,1.0,1.0,1.0,50.0,0.0,0.0,0.0,0.0,1.0,1.0,0.325,0.525,0.0,0.55,0.365,False,0,0
2837,202512232109,1.0,1.0,1.0,1.0,52,m1,0,0,1.0,1.0,1.0,1.0,1.0,50.0,0.0,0.0,0.0,0.0,1.0,1.0,0.5,0.525,0.0,0.55,0.4175,False,0,0
2838,202512232110,1.0,1.0,1.0,1.0,29,m1,0,0,1.0,1.0,1.0,1.0,1.0,50.0,0.0,0.0,0.0,0.0,1.0,1.0,0.3,0.525,0.0,0.55,0.35750000000000004,False,0,0
2839,202512232111,1.0,1.0,1.0,1.0,34,m1,0,0,1.0,1.0,1.0,1.0,1.0,50.0,0.0,0.0,0.0,0.0,1.0,1.0,0.4,0.525,0.0,0.55,0.38749999999999996,False,0,0
2840,202512232112,1.0,1.0,1.0,1.0,33,m1,0,0,1.0,1.0,1.0,1.0,1.0,50.0,0.0,0.0,0.0,0.0,1.0,1.0,0.4,0.525,0.0,0.55,0.38749999999999996,False,0,0
2841,202512232113,1.0,1.0,1.0,1.0,28,m1,0,0,1.0,1.0,1.0,1.0,1.0,50.0,0.0,0.0,0.0,0.0,1.0,1.0,0.3,0.525,0.0,0.55,0.35750000000000004,False,0,0
2842,202512232114,1.0,1.0,1.0,1.0,40,m1,0,0,1.0,1.0,1.0,1.0,1.0,50.0,0.0,0.0,0.0,0.0,1.0,1.0,0.55,0.525,0.0,0.55,0.4325,False,0,0
2843,202512232115,1.0,1.0,1.0,1.0,8,m1,0,0,1.0,1.0,1.0,1.0,1.0,50.0,0.0,0.0,0.0,0.0,1.0,1.0,0.05,0.525,0.0,0.55,0.2825,False,0,0
2844,202512232116,1.0,1.0,1.0,1.0,12,m1,0,0,1.0,1.0,1.0,1.0,1.0,50.0,0.0,0.0,0.0,0.0,1.0,1.0,0.15,0.525,0.0,0.55,0.3125,False,0,0
2845,202512232117,1.0,1.0,1.0,1.0,9,m1,0,0,1.0,1.0,1.0,1.0,1.0,50.0,0.0,0.0,0.0,0.0,1.0,1.0,0.1,0.525,0.0,0.55,0.2975,False,0,0
2846,202512232118,1.0,1.0,1.0,1.0,18,m1,0,0,1.0,1.0,1.0,1.0,1.0,50.0,0.0,0.0,0.0,0.0,1.0,1.0,0.25,0.525,0.0,0.55,0.3425,False,0,0
2847,202512232119,1.0,1.0,1.0,1.0,9,m1,0,0,1.0,1.0,1.0,1.0,1.0,50.0,0.0,0.0,0.0,0.0,1.0,1.0,0.125,0.525,0.0,0.55,0.30500000000000005,False,0,0
2848,202512232120,1.0,1.0,1.0,1.0,36,m1,0,0,1.0,1.0,1.0,1.0,1.0,50.0,0.0,0.0,0.0,0.0,1.0,1.0,0.75,0.525,0.0,0.55,0.49249999999999994,False,0,0
2849,202512232121,1.0,1.0,1.0,1.0,33,m1,0,0,1.0,1.0,1.0,1.0,1.0,50.0,0.0,0.0,0.0,0.0,1.0,1.0,0.675,0.525,0.0,0.55,0.47,False,0,0
2850,202512232122,1.0,1.0,1.0,1.0,41,m1,0,0,1.0,1.0,1.0,1.0,1.0,50.0,0.0,0.0,0.0,0.0,1.0,1.0,0.85,0.525,0.0,0.55,0.5225,False,0,0
2851,202512232123,1.0,1.0,1.0,1.0,53,m1,0,0,1.0,1.0,1.0,1.0,1.0,50.0,0.0,0.0,0.0,0.0,1.0,1.0,1.0,0.525,0.0,0.55,0.5675,False,0,0
2852,202512232124,1.0,1.0,1.0,1.0,46,m1,0,0,1.0,1.0,1.0,1.0,1.0,50.0,0.0,0.0,0.0,0.0,1.0,1.0,0.85,0.525,0.0,0.55,0.5225,False,0,0
2853,202512232125,1.0,1.0,1.0,1.0,39,m1,0,0,1.0,1.0,1.0,1.0,1.0,50.0,0.0,0.0,0.0,0.0,1.0,1.0,0.75,0.525,0.0,0.55,0.49249999999999994,False,0,0
2854,202512232126,1.0,1.0,1.0,1.0,8,m1,0,0,1.0,1.0,1.0,1.0,1.0,50.0,0.0,0.0,0.0,0.0,1.0,1.0,0.075,0.525,0.0,0.55,0.29000000000000004,False,0,0
2855,202512232127,1.0,1.0,1.0,1.0,12,m1,0,0,1.0,1.0,1.0,1.0,1.0,50.0,0.0,0.0,0.0,0.0,1.0,1.0,0.275,0.525,0.0,0.55,0.35,False,0,0
2856,202512232128,1.0,1.0,1.0,1.0,31,m1,0,0,1.0,1.0,1.0,1.0,1.0,50.0,0.0,0.0,0.0,0.0,1.0,1.0,0.5,0.525,0.0,0.55,0.4175,False,0,0
2857,202512232129,1.0,1.0,1.0,1.0,127,m1,0,0,1.0,1.0,1.0,1.0,1.0,50.0,0.0,0.0,0.0,0.0,1.0,1.0,1.0,0.525,0.0,0.55,0.5675,False,0,0
2858,202512232130,1.0,1.0,1.0,1.0,65,m1,0,0,1.0,1.0,1.0,1.0,1.0,50.0,0.0,0.0,0.0,0.0,1.0,1.0,0.95,0.525,0.0,0.55,0.5525,False,0,0
2859,202512232131,1.0,1.0,1.0,1.0,28,m1,0,0,1.0,1.0,1.0,1.0,1.0,50.0,0.0,0.0,0.0,0.0,1.0,1.0,0.425,0.525,0.0,0.55,0.395,False,0,0
2860,202512232132,1.0,1.0,1.0,1.0,7,m1,0,0,1.0,1.0,1.0,1.0,1.0,50.0,0.0,0.0,0.0,0.0,1.0,1.0,0.05,0.525,0.0,0.55,0.2825,False,0,0
2861,202512232133,1.0,1.0,1.0,1.0,3,m1,0,0,1.0,1.0,1.0,1.0,1.0,50.0,0.0,0.0,0.0,0.0,1.0,1.0,0.05,0.525,0.0,0.55,0.2825,False,0,0
2862,202512232134,1.0,1.0,1.0,1.0,6,m1,0,0,1.0,1.0,1.0,1.0,1.0,50.0,0.0,0.0,0.0,0.0,1.0,1.0,0.1,0.525,0.0,0.55,0.2975,False,0,0
2863,202512232135,1.0,1.0,1.0,1.0,13,m1,0,0,1.0,1.0,1.0,1.0,1.0,50.0,0.0,0.0,0.0,0.0,1.0,1.0,0.45,0.525,0.0,0.55,0.40249999999999997,False,0,0
2864,202512232136,1.0,1.0,1.0,1.0,71,m1,0,0,1.0,1.0,1.0,1.0,1.0,50.0,0.0,0.0,0.0,0.0,1.0,1.0,0.95,0.525,0.0,0.55,0.5525,False,0,0
2865,202512232137,1.0,1.0,1.0,1.0,80,m1,0,0,1.0,1.0,1.0,1.0,1.0,50.0,0.0,0.0,0.0,0.0,1.0,1.0,0.95,0.525,0.0,0.55,0.5525,False,0,0
2866,202512232138,1.0,1.0,1.0,1.0,22,m1,0,0,1.0,1.0,1.0,1.0,1.0,50.0,0.0,0.0,0.0,0.0,1.0,1.0,0.4,0.525,0.0,0.55,0.38749999999999996,False,0,0
2867,202512232139,1.0,1.0,1.0,1.0,54,m1,0,0,1.0,1.0,1.0,1.0,1.0,50.0,0.0,0.0,0.0,0.0,1.0,1.0,0.8,0.525,0.0,0.55,0.5075,False,0,0
2868,202512232140,1.0,1.0,1.0,1.0,39,m1,0,0,1.0,1.0,1.0,1.0,1.0,50.0,0.0,0.0,0.0,0.0,1.0,1.0,0.575,0.525,0.0,0.55,0.43999999999999995,False,0,0
2869,202512232141,1.0,1.0,1.0,1.0,48,m1,0,0,1.0,1.0,1.0,1.0,1.0,50.0,0.0,0.0,0.0,0.0,1.0,1.0,0.7,0.525,0.0,0.55,0.47750000000000004,False,0,0
2870,202512232142,1.0,1.0,1.0,1.0,40,m1,0,0,1.0,1.0,1.0,1.0,1.0,50.0,0.0,0.0,0.0,0.0,1.0,1.0,0.6,0.525,0.0,0.55,0.4475,False,0,0
2871,202512232143,1.0,1.0,1.0,1.0,15,m1,0,0,1.0,1.0,1.0,1.0,1.0,50.0,0.0,0.0,0.0,0.0,1.0,1.0,0.35,0.525,0.0,0.55,0.37250000000000005,False,0,0
2872,202512232144,1.0,1.0,1.0,1.0,44,m1,0,0,1.0,1.0,1.0,1.0,1.0,50.0,0.0,0.0,0.0,0.0,1.0,1.0,0.7,0.525,0.0,0.55,0.47750000000000004,False,0,0
2873,202512232145,1.0,1.0,1.0,1.0,50,m1,0,0,1.0,1.0,1.0,1.0,1.0,50.0,0.0,0.0,0.0,0.0,1.0,1.0,0.75,0.525,0.0,0.55,0.49249999999999994,False,0,0
2874,202512232146,1.0,1.0,1.0,1.0,39,m1,0,0,1.0,1.0,1.0,1.0,1.0,50.0,0.0,0.0,0.0,0.0,1.0,1.0,0.525,0.525,0.0,0.55,0.42500000000000004,False,0,0
2875,202512232147,1.0,1.0,1.0,1.0,31,m1,0,0,1.0,1.0,1.0,1.0,1.0,50.0,0.0,0.0,0.0,0.0,1.0,1.0,0.425,0.525,0.0,0.55,0.395,False,0,0
2876,202512232148,1.0,1.0,1.0,1.0,22,m1,0,0,1.0,1.0,1.0,1.0,1.0,50.0,0.0,0.0,0.0,0.0,1.0,1.0,0.325,0.525,0.0,0.55,0.365,False,0,0
2877,202512232149,1.0,1.0,1.0,1.0,48,m1,0,0,1.0,1.0,1.0,1.0,1.0,50.0,0.0,0.0,0.0,0.0,1.0,1.0,0.725,0.525,0.0,0.55,0.485,False,0,0
2878,202512232150,1.0,1.0,1.0,1.0,77,m1,0,0,1.0,1.0,1.0,1.0,1.0,50.0,0.0,0.0,0.0,0.0,1.0,1.0,0.95,0.525,0.0,0.55,0.5525,False,0,0
2879,202512232151,1.0,1.0,1.0,1.0,52,m1,0,0,1.0,1.0,1.0,1.0,1.0,50.0,0.0,0.0,0.0,0.0,1.0,1.0,0.8,0.525,0.0,0.55,0.5075,False,0,0
2880,202512232152,1.0,1.0,1.0,1.0,16,m1,0,0,1.0,1.0,1.0,1.0,1.0,50.0,0.0,0.0,0.0,0.0,1.0,1.0,0.25,0.525,0.0,0.55,0.3425,False,0,0
2881,202512232153,1.0,1.0,1.0,1.0,37,m1,0,0,1.0,1.0,1.0,1.0,1.0,50.0,0.0,0.0,0.0,0.0,1.0,1.0,0.4,0.525,0.0,0.55,0.38749999999999996,False,0,0
2882,202512232154,1.0,1.0,1.0,1.0,18,m1,0,0,1.0,1.0,1.0,1.0,1.0,50.0,0.0,0.0,0.0,0.0,1.0,1.0,0.2,0.525,0.0,0.55,0.3275,False,0,0
2883,202512232155,1.0,1.0,1.0,1.0,46,m1,0,0,1.0,1.0,1.0,1.0,1.0,50.0,0.0,0.0,0.0,0.0,1.0,1.0,0.6,0.525,0.0,0.55,0.4475,False,0,0
2884,202512232156,1.0,1.0,1.0,1.0,32,m1,0,0,1.0,1.0,1.0,1.0,1.0,50.0,0.0,0.0,0.0,0.0,1.0,1.0,0.35,0.525,0.0,0.55,0.37250000000000005,False,0,0
2885,202512232157,1.0,1.0,1.0,1.0,72,m1,0,0,1.0,1.0,1.0,1.0,1.0,50.0,0.0,0.0,0.0,0.0,1.0,1.0,0.95,0.525,0.0,0.55,0.5525,False,0,0
2886,202512232158,1.0,1.0,1.0,1.0,213,m1,0,0,1.0,1.0,1.0,1.0,1.0,50.0,0.0,0.0,0.0,0.0,1.0,1.0,1.0,0.525,0.0,0.55,0.5675,False,0,0
2887,202512232159,1.0,1.0,1.0,1.0,378,m1,0,0,1.0,1.0,1.0,1.0,1.0,50.0,0.0,0.0,0.0,0.0,1.0,1.0,1.0,0.525,0.0,0.55,0.5675,False,0,0
2888,202512232200,1.0,1.0,1.0,1.0,4,m1,0,0,1.0,1.0,1.0,1.0,1.0,50.0,0.0,0.0,0.0,0.0,1.0,1.0,0.05,0.525,0.0,0.55,0.2825,False,0,0
2889,202512232201,1.0,1.0,1.0,1.0,15,m1,0,0,1.0,1.0,1.0,1.0,1.0,50.0,0.0,0.0,0.0,0.0,1.0,1.0,0.125,0.525,0.0,0.55,0.30500000000000005,False,0,0
2890,202512232202,1.0,1.0,1.0,1.0,3,m1,0,0,1.0,1.0,1.0,1.0,1.0,50.0,0.0,0.0,0.0,0.0,1.0,1.0,0.05,0.525,0.0,0.55,0.2825,False,0,0
2891,202512232203,1.0,1.0,1.0,1.0,2,m1,0,0,1.0,1.0,1.0,1.0,1.0,50.0,0.0,0.0,0.0,0.0,1.0,1.0,0.05,0.525,0.0,0.55,0.2825,False,0,0
2892,202512232204,1.0,1.0,1.0,1.0,5,m1,0,0,1.0,1.0,1.0,1.0,1.0,50.0,0.0,0.0,0.0,0.0,1.0,1.0,0.2,0.525,0.0,0.55,0.3275,False,0,0
2893,202512232205,1.0,1.0,1.0,1.0,45,m1,0,0,1.0,1.0,1.0,1.0,1.0,50.0,0.0,0.0,0.0,0.0,1.0,1.0,0.65,0.525,0.0,0.55,0.4625,False,0,0
2894,202512232206,1.0,1.0,1.0,1.0,6,m1,0,0,1.0,1.0,1.0,1.0,1.0,50.0,0.0,0.0,0.0,0.0,1.0,1.0,0.25,0.525,0.0,0.55,0.3425,False,0,0
2895,202512232207,1.0,1.0,1.0,1.0,7,m1,0,0,1.0,1.0,1.0,1.0,1.0,50.0,0.0,0.0,0.0,0.0,1.0,1.0,0.3,0.525,0.0,0.55,0.35750000000000004,False,0,0
2896,202512232208,1.0,1.0,1.0,1.0,17,m1,0,0,1.0,1.0,1.0,1.0,1.0,50.0,0.0,0.0,0.0,0.0,1.0,1.0,0.45,0.525,0.0,0.55,0.40249999999999997,False,0,0
2897,202512232209,1.0,1.0,1.0,1.0,99,m1,0,0,1.0,1.0,1.0,1.0,1.0,50.0,0.0,0.0,0.0,0.0,1.0,1.0,0.9,0.525,0.0,0.55,0.5375,False,0,0
2898,202512232210,1.0,1.0,1.0,1.0,69,m1,0,0,1.0,1.0,1.0,1.0,1.0,50.0,0.0,0.0,0.0,0.0,1.0,1.0,0.8,0.525,0.0,0.55,0.5075,False,0,0
2899,202512232211,1.0,1.0,1.0,1.0,27,m1,0,0,1.0,1.0,1.0,1.0,1.0,50.0,0.0,0.0,0.0,0.0,1.0,1.0,0.55,0.525,0.0,0.55,0.4325,False,0,0
2900,202512232212,1.0,1.0,1.0,1.0,116,m1,0,0,1.0,1.0,1.0,1.0,1.0,50.0,0.0,0.0,0.0,0.0,1.0,1.0,0.9,0.525,0.0,0.55,0.5375,False,0,0
2901,202512232213,1.0,1.0,1.0,1.0,105,m1,0,0,1.0,1.0,1.0,1.0,1.0,50.0,0.0,0.0,0.0,0.0,1.0,1.0,0.85,0.525,0.0,0.55,0.5225,False,0,0
2902,202512232214,1.0,1.0,1.0,1.0,122,m1,0,0,1.0,1.0,1.0,1.0,1.0,50.0,0.0,0.0,0.0,0.0,1.0,1.0,0.9,0.525,0.0,0.55,0.5375,False,0,0
2903,202512232215,1.0,1.0,1.0,1.0,58,m1,0,0,1.0,1.0,1.0,1.0,1.0,50.0,0.0,0.0,0.0,0.0,1.0,1.0,0.6,0.525,0.0,0.55,0.4475,False,0,0
2904,202512232216,1.0,1.0,1.0,1.0,77,m1,0,0,1.0,1.0,1.0,1.0,1.0,50.0,0.0,0.0,0.0,0.0,1.0,1.0,0.7,0.525,0.0,0.55,0.47750000000000004,False,0,0
2905,202512232217,1.0,1.0,1.0,1.0,4,m1,0,0,1.0,1.0,1.0,1.0,1.0,50.0,0.0,0.0,0.0,0.0,1.0,1.0,0.175,0.525,0.0,0.55,0.32,False,0,0
2906,202512232218,1.0,1.0,1.0,1.0,6,m1,0,0,1.0,1.0,1.0,1.0,1.0,50.0,0.0,0.0,0.0,0.0,1.0,1.0,0.325,0.525,0.0,0.55,0.365,False,0,0
2907,202512232219,1.0,1.0,1.0,1.0,27,m1,0,0,1.0,1.0,1.0,1.0,1.0,50.0,0.0,0.0,0.0,0.0,1.0,1.0,0.575,0.525,0.0,0.55,0.43999999999999995,False,0,0
2908,202512232220,1.0,1.0,1.0,1.0,9,m1,0,0,1.0,1.0,1.0,1.0,1.0,50.0,0.0,0.0,0.0,0.0,1.0,1.0,0.4,0.525,0.0,0.55,0.38749999999999996,False,0,0
2909,202512232221,1.0,1.0,1.0,1.0,16,m1,0,0,1.0,1.0,1.0,1.0,1.0,50.0,0.0,0.0,0.0,0.0,1.0,1.0,0.45,0.525,0.0,0.55,0.40249999999999997,False,0,0
2910,202512232222,1.0,1.0,1.0,1.0,17,m1,0,0,1.0,1.0,1.0,1.0,1.0,50.0,0.0,0.0,0.0,0.0,1.0,1.0,0.475,0.525,0.0,0.55,0.41000000000000003,False,0,0
2911,202512232223,1.0,1.0,1.0,1.0,30,m1,0,0,1.0,1.0,1.0,1.0,1.0,50.0,0.0,0.0,0.0,0.0,1.0,1.0,0.6,0.525,0.0,0.55,0.4475,False,0,0
2912,202512232224,1.0,1.0,1.0,1.0,21,m1,0,0,1.0,1.0,1.0,1.0,1.0,50.0,0.0,0.0,0.0,0.0,1.0,1.0,0.45,0.525,0.0,0.55,0.40249999999999997,False,0,0
2913,202512232225,1.0,1.0,1.0,1.0,11,m1,0,0,1.0,1.0,1.0,1.0,1.0,50.0,0.0,0.0,0.0,0.0,1.0,1.0,0.3,0.525,0.0,0.55,0.35750000000000004,False,0,0
2914,202512232226,1.0,1.0,1.0,1.0,9,m1,0,0,1.0,1.0,1.0,1.0,1.0,50.0,0.0,0.0,0.0,0.0,1.0,1.0,0.225,0.525,0.0,0.55,0.335,False,0,0
2915,202512232227,1.0,1.0,1.0,1.0,15,m1,0,0,1.0,1.0,1.0,1.0,1.0,50.0,0.0,0.0,0.0,0.0,1.0,1.0,0.3,0.525,0.0,0.55,0.35750000000000004,False,0,0
2916,202512232228,1.0,1.0,1.0,1.0,12,m1,0,0,1.0,1.0,1.0,1.0,1.0,50.0,0.0,0.0,0.0,0.0,1.0,1.0,0.3,0.525,0.0,0.55,0.35750000000000004,False,0,0
2917,202512232229,1.0,1.0,1.0,1.0,19,m1,0,0,1.0,1.0,1.0,1.0,1.0,50.0,0.0,0.0,0.0,0.0,1.0,1.0,0.5,0.525,0.0,0.55,0.4175,False,0,0
2918,202512232230,1.0,1.0,1.0,1.0,20,m1,0,0,1.0,1.0,1.0,1.0,1.0,50.0,0.0,0.0,0.0,0.0,1.0,1.0,0.55,0.525,0.0,0.55,0.4325,False,0,0
2919,202512232231,1.0,1.0,1.0,1.0,12,m1,0,0,1.0,1.0,1.0,1.0,1.0,50.0,0.0,0.0,0.0,0.0,1.0,1.0,0.325,0.525,0.0,0.55,0.365,False,0,0
2920,202512232232,1.0,1.0,1.0,1.0,7,m1,0,0,1.0,1.0,1.0,1.0,1.0,50.0,0.0,0.0,0.0,0.0,1.0,1.0,0.15,0.525,0.0,0.55,0.3125,False,0,0
2921,202512232233,1.0,1.0,1.0,1.0,1,m1,0,0,1.0,1.0,1.0,1.0,1.0,50.0,0.0,0.0,0.0,0.0,1.0,1.0,0.05,0.525,0.0,0.55,0.2825,False,0,0
2922,202512232234,1.0,1.0,1.0,1.0,3,m1,0,0,1.0,1.0,1.0,1.0,1.0,50.0,0.0,0.0,0.0,0.0,1.0,1.0,0.1,0.525,0.0,0.55,0.2975,False,0,0
2923,202512232235,1.0,1.0,1.0,1.0,12,m1,0,0,1.0,1.0,1.0,1.0,1.0,50.0,0.0,0.0,0.0,0.0,1.0,1.0,0.5,0.525,0.0,0.55,0.4175,False,0,0
2924,202512232236,1.0,1.0,1.0,1.0,25,m1,0,0,1.0,1.0,1.0,1.0,1.0,50.0,0.0,0.0,0.0,0.0,1.0,1.0,0.9,0.525,0.0,0.55,0.5375,False,0,0
2925,202512232237,1.0,1.0,1.0,1.0,30,m1,0,0,1.0,1.0,1.0,1.0,1.0,50.0,0.0,0.0,0.0,0.0,1.0,1.0,0.975,0.525,0.0,0.55,0.5599999999999999,False,0,0
2926,202512232238,1.0,1.0,1.0,1.0,24,m1,0,0,1.0,1.0,1.0,1.0,1.0,50.0,0.0,0.0,0.0,0.0,1.0,1.0,0.8,0.525,0.0,0.55,0.5075,False,0,0
2927,202512232239,1.0,1.0,1.0,1.0,35,m1,0,0,1.0,1.0,1.0,1.0,1.0,50.0,0.0,0.0,0.0,0.0,1.0,1.0,1.0,0.525,0.0,0.55,0.5675,False,0,0
2928,202512232240,1.0,1.0,1.0,1.0,22,m1,0,0,1.0,1.0,1.0,1.0,1.0,50.0,0.0,0.0,0.0,0.0,1.0,1.0,0.75,0.525,0.0,0.55,0.49249999999999994,False,0,0
2929,202512232241,1.0,1.0,1.0,1.0,15,m1,0,0,1.0,1.0,1.0,1.0,1.0,50.0,0.0,0.0,0.0,0.0,1.0,1.0,0.475,0.525,0.0,0.55,0.41000000000000003,False,0,0
2930,202512232242,1.0,1.0,1.0,1.0,2,m1,0,0,1.0,1.0,1.0,1.0,1.0,50.0,0.0,0.0,0.0,0.0,1.0,1.0,0.1,0.525,0.0,0.55,0.2975,False,0,0
2931,202512232243,1.0,1.0,1.0,1.0,7,m1,0,0,1.0,1.0,1.0,1.0,1.0,50.0,0.0,0.0,0.0,0.0,1.0,1.0,0.225,0.525,0.0,0.55,0.335,False,0,0
2932,202512232244,1.0,1.0,1.0,1.0,10,m1,0,0,1.0,1.0,1.0,1.0,1.0,50.0,0.0,0.0,0.0,0.0,1.0,1.0,0.35,0.525,0.0,0.55,0.37250000000000005,False,0,0
2933,202512232245,1.0,1.0,1.0,1.0,34,m1,0,0,1.0,1.0,1.0,1.0,1.0,50.0,0.0,0.0,0.0,0.0,1.0,1.0,0.95,0.525,0.0,0.55,0.5525,False,0,0
2934,202512232246,1.0,1.0,1.0,1.0,28,m1,0,0,1.0,1.0,1.0,1.0,1.0,50.0,0.0,0.0,0.0,0.0,1.0,1.0,0.85,0.525,0.0,0.55,0.5225,False,0,0
2935,202512232247,1.0,1.0,1.0,1.0,17,m1,0,0,1.0,1.0,1.0,1.0,1.0,50.0,0.0,0.0,0.0,0.0,1.0,1.0,0.55,0.525,0.0,0.55,0.4325,False,0,0
2936,202512232248,1.0,1.0,1.0,1.0,40,m1,0,0,1.0,1.0,1.0,1.0,1.0,50.0,0.0,0.0,0.0,0.0,1.0,1.0,1.0,0.525,0.0,0.55,0.5675,False,0,0
2937,202512232249,1.0,1.0,1.0,1.0,13,m1,0,0,1.0,1.0,1.0,1.0,1.0,50.0,0.0,0.0,0.0,0.0,1.0,1.0,0.45,0.525,0.0,0.55,0.40249999999999997,False,0,0
2938,202512232251,1.0,1.0,1.0,1.0,3,m1,0,0,1.0,1.0,1.0,1.0,1.0,50.0,0.0,0.0,0.0,0.0,1.0,1.0,0.175,0.525,0.0,0.55,0.32,False,0,0
2939,202512232252,1.0,1.0,1.0,1.0,21,m1,0,0,1.0,1.0,1.0,1.0,1.0,50.0,0.0,0.0,0.0,0.0,1.0,1.0,0.6,0.525,0.0,0.55,0.4475,False,0,0
2940,202512232253,1.0,1.0,1.0,1.0,6,m1,0,0,1.0,1.0,1.0,1.0,1.0,50.0,0.0,0.0,0.0,0.0,1.0,1.0,0.25,0.525,0.0,0.55,0.3425,False,0,0
2941,202512232254,1.0,1.0,1.0,1.0,10,m1,0,0,1.0,1.0,1.0,1.0,1.0,50.0,0.0,0.0,0.0,0.0,1.0,1.0,0.325,0.525,0.0,0.55,0.365,False,0,0
2942,202512232255,1.0,1.0,1.0,1.0,7,m1,0,0,1.0,1.0,1.0,1.0,1.0,50.0,0.0,0.0,0.0,0.0,1.0,1.0,0.225,0.525,0.0,0.55,0.335,False,0,0
2943,202512232256,1.0,1.0,1.0,1.0,11,m1,0,0,1.0,1.0,1.0,1.0,1.0,50.0,0.0,0.0,0.0,0.0,1.0,1.0,0.4,0.525,0.0,0.55,0.38749999999999996,False,0,0
2944,202512232257,1.0,1.0,1.0,1.0,27,m1,0,0,1.0,1.0,1.0,1.0,1.0,50.0,0.0,0.0,0.0,0.0,1.0,1.0,0.75,0.525,0.0,0.55,0.49249999999999994,False,0,0
2945,202512232258,1.0,1.0,1.0,1.0,23,m1,0,0,1.0,1.0,1.0,1.0,1.0,50.0,0.0,0.0,0.0,0.0,1.0,1.0,0.7,0.525,0.0,0.55,0.47750000000000004,False,0,0
2946,202512232259,1.0,1.0,1.0,1.0,38,m1,0,0,1.0,1.0,1.0,1.0,1.0,50.0,0.0,0.0,0.0,0.0,1.0,1.0,0.95,0.525,0.0,0.55,0.5525,False,0,0
2947,202512232300,1.0,1.0,1.0,1.0,76,m1,0,0,1.0,1.0,1.0,1.0,1.0,50.0,0.0,0.0,0.0,0.0,1.0,1.0,1.0,0.525,0.0,0.55,0.5675,False,0,0
2948,202512232301,1.0,1.0,1.0,1.0,80,m1,0,0,1.0,1.0,1.0,1.0,1.0,50.0,0.0,0.0,0.0,0.0,1.0,1.0,1.0,0.525,0.0,0.55,0.5675,False,0,0
2949,202512232302,1.0,1.0,1.0,1.0,51,m1,0,0,1.0,1.0,1.0,1.0,1.0,50.0,0.0,0.0,0.0,0.0,1.0,1.0,0.9,0.525,0.0,0.55,0.5375,False,0,0
2950,202512232303,1.0,1.0,1.0,1.0,35,m1,0,0,1.0,1.0,1.0,1.0,1.0,50.0,0.0,0.0,0.0,0.0,1.0,1.0,0.75,0.525,0.0,0.55,0.49249999999999994,False,0,0
2951,202512232304,1.0,1.0,1.0,1.0,22,m1,0,0,1.0,1.0,1.0,1.0,1.0,50.0,0.0,0.0,0.0,0.0,1.0,1.0,0.5,0.525,0.0,0.55,0.4175,False,0,0
2952,202512232305,1.0,1.0,1.0,1.0,21,m1,0,0,1.0,1.0,1.0,1.0,1.0,50.0,0.0,0.0,0.0,0.0,1.0,1.0,0.425,0.525,0.0,0.55,0.395,False,0,0
2953,202512232306,1.0,1.0,1.0,1.0,47,m1,0,0,1.0,1.0,1.0,1.0,1.0,50.0,0.0,0.0,0.0,0.0,1.0,1.0,0.85,0.525,0.0,0.55,0.5225,False,0,0
2954,202512232307,1.0,1.0,1.0,1.0,25,m1,0,0,1.0,1.0,1.0,1.0,1.0,50.0,0.0,0.0,0.0,0.0,1.0,1.0,0.6,0.525,0.0,0.55,0.4475,False,0,0
2955,202512232308,1.0,1.0,1.0,1.0,15,m1,0,0,1.0,1.0,1.0,1.0,1.0,50.0,0.0,0.0,0.0,0.0,1.0,1.0,0.35,0.525,0.0,0.55,0.37250000000000005,False,0,0
2956,202512232309,1.0,1.0,1.0,1.0,15,m1,0,0,1.0,1.0,1.0,1.0,1.0,50.0,0.0,0.0,0.0,0.0,1.0,1.0,0.375,0.525,0.0,0.55,0.38,False,0,0
2957,202512232310,1.0,1.0,1.0,1.0,46,m1,0,0,1.0,1.0,1.0,1.0,1.0,50.0,0.0,0.0,0.0,0.0,1.0,1.0,0.8,0.525,0.0,0.55,0.5075,False,0,0
2958,202512232311,1.0,1.0,1.0,1.0,52,m1,0,0,1.0,1.0,1.0,1.0,1.0,50.0,0.0,0.0,0.0,0.0,1.0,1.0,0.9,0.525,0.0,0.55,0.5375,False,0,0
2959,202512232312,1.0,1.0,1.0,1.0,19,m1,0,0,1.0,1.0,1.0,1.0,1.0,50.0,0.0,0.0,0.0,0.0,1.0,1.0,0.35,0.525,0.0,0.55,0.37250000000000005,False,0,0
2960,202512232313,1.0,1.0,1.0,1.0,17,m1,0,0,1.0,1.0,1.0,1.0,1.0,50.0,0.0,0.0,0.0,0.0,1.0,1.0,0.3,0.525,0.0,0.55,0.35750000000000004,False,0,0
2961,202512232314,1.0,1.0,1.0,1.0,32,m1,0,0,1.0,1.0,1.0,1.0,1.0,50.0,0.0,0.0,0.0,0.0,1.0,1.0,0.6,0.525,0.0,0.55,0.4475,False,0,0
2962,202512232315,1.0,1.0,1.0,1.0,43,m1,0,0,1.0,1.0,1.0,1.0,1.0,50.0,0.0,0.0,0.0,0.0,1.0,1.0,0.7,0.525,0.0,0.55,0.47750000000000004,False,0,0
2963,202512232316,1.0,1.0,1.0,1.0,36,m1,0,0,1.0,1.0,1.0,1.0,1.0,50.0,0.0,0.0,0.0,0.0,1.0,1.0,0.6,0.525,0.0,0.55,0.4475,False,0,0
2964,202512232317,1.0,1.0,1.0,1.0,30,m1,0,0,1.0,1.0,1.0,1.0,1.0,50.0,0.0,0.0,0.0,0.0,1.0,1.0,0.45,0.525,0.0,0.55,0.40249999999999997,False,0,0
2965,202512232318,1.0,1.0,1.0,1.0,27,m1,0,0,1.0,1.0,1.0,1.0,1.0,50.0,0.0,0.0,0.0,0.0,1.0,1.0,0.4,0.525,0.0,0.55,0.38749999999999996,False,0,0
2966,202512232319,1.0,1.0,1.0,1.0,17,m1,0,0,1.0,1.0,1.0,1.0,1.0,50.0,0.0,0.0,0.0,0.0,1.0,1.0,0.175,0.525,0.0,0.55,0.32,False,0,0
2967,202512232320,1.0,1.0,1.0,1.0,35,m1,0,0,1.0,1.0,1.0,1.0,1.0,50.0,0.0,0.0,0.0,0.0,1.0,1.0,0.625,0.525,0.0,0.55,0.45499999999999996,False,0,0
2968,202512232321,1.0,1.0,1.0,1.0,27,m1,0,0,1.0,1.0,1.0,1.0,1.0,50.0,0.0,0.0,0.0,0.0,1.0,1.0,0.475,0.525,0.0,0.55,0.41000000000000003,False,0,0
2969,202512232322,1.0,1.0,1.0,1.0,39,m1,0,0,1.0,1.0,1.0,1.0,1.0,50.0,0.0,0.0,0.0,0.0,1.0,1.0,0.8,0.525,0.0,0.55,0.5075,False,0,0
2970,202512232323,1.0,1.0,1.0,1.0,21,m1,0,0,1.0,1.0,1.0,1.0,1.0,50.0,0.0,0.0,0.0,0.0,1.0,1.0,0.325,0.525,0.0,0.55,0.365,False,0,0
2971,202512232324,1.0,1.0,1.0,1.0,21,m1,0,0,1.0,1.0,1.0,1.0,1.0,50.0,0.0,0.0,0.0,0.0,1.0,1.0,0.35,0.525,0.0,0.55,0.37250000000000005,False,0,0
2972,202512232325,1.0,1.0,1.0,1.0,5,m1,0,0,1.0,1.0,1.0,1.0,1.0,50.0,0.0,0.0,0.0,0.0,1.0,1.0,0.05,0.525,0.0,0.55,0.2825,False,0,0
2973,202512232326,1.0,1.0,1.0,1.0,27,m1,0,0,1.0,1.0,1.0,1.0,1.0,50.0,0.0,0.0,0.0,0.0,1.0,1.0,0.55,0.525,0.0,0.55,0.4325,False,0,0
2974,202512232327,1.0,1.0,1.0,1.0,15,m1,0,0,1.0,1.0,1.0,1.0,1.0,50.0,0.0,0.0,0.0,0.0,1.0,1.0,0.15,0.525,0.0,0.55,0.3125,False,0,0
2975,202512232328,1.0,1.0,1.0,1.0,18,m1,0,0,1.0,1.0,1.0,1.0,1.0,50.0,0.0,0.0,0.0,0.0,1.0,1.0,0.3,0.525,0.0,0.55,0.35750000000000004,False,0,0
2976,202512232329,1.0,1.0,1.0,1.0,26,m1,0,0,1.0,1.0,1.0,1.0,1.0,50.0,0.0,0.0,0.0,0.0,1.0,1.0,0.45,0.525,0.0,0.55,0.40249999999999997,False,0,0
2977,202512232330,1.0,1.0,1.0,1.0,29,m1,0,0,1.0,1.0,1.0,1.0,1.0,50.0,0.0,0.0,0.0,0.0,1.0,1.0,0.65,0.525,0.0,0.55,0.4625,False,0,0
2978,202512232331,1.0,1.0,1.0,1.0,19,m1,0,0,1.0,1.0,1.0,1.0,1.0,50.0,0.0,0.0,0.0,0.0,1.0,1.0,0.325,0.525,0.0,0.55,0.365,False,0,0
2979,202512232332,1.0,1.0,1.0,1.0,21,m1,0,0,1.0,1.0,1.0,1.0,1.0,50.0,0.0,0.0,0.0,0.0,1.0,1.0,0.4,0.525,0.0,0.55,0.38749999999999996,False,0,0
2980,202512232333,1.0,1.0,1.0,1.0,14,m1,0,0,1.0,1.0,1.0,1.0,1.0,50.0,0.0,0.0,0.0,0.0,1.0,1.0,0.1,0.525,0.0,0.55,0.2975,False,0,0
2981,202512232334,1.0,1.0,1.0,1.0,6,m1,0,0,1.0,1.0,1.0,1.0,1.0,50.0,0.0,0.0,0.0,0.0,1.0,1.0,0.1,0.525,0.0,0.55,0.2975,False,0,0
2982,202512232335,1.0,1.0,1.0,1.0,26,m1,0,0,1.0,1.0,1.0,1.0,1.0,50.0,0.0,0.0,0.0,0.0,1.0,1.0,0.575,0.525,0.0,0.55,0.43999999999999995,False,0,0
2983,202512232336,1.0,1.0,1.0,1.0,7,m1,0,0,1.0,1.0,1.0,1.0,1.0,50.0,0.0,0.0,0.0,0.0,1.0,1.0,0.15,0.525,0.0,0.55,0.3125,False,0,0
2984,202512232337,1.0,1.0,1.0,1.0,21,m1,0,0,1.0,1.0,1.0,1.0,1.0,50.0,0.0,0.0,0.0,0.0,1.0,1.0,0.525,0.525,0.0,0.55,0.42500000000000004,False,0,0
2985,202512232338,1.0,1.0,1.0,1.0,16,m1,0,0,1.0,1.0,1.0,1.0,1.0,50.0,0.0,0.0,0.0,0.0,1.0,1.0,0.3,0.525,0.0,0.55,0.35750000000000004,False,0,0
2986,202512232339,1.0,1.0,1.0,1.0,14,m1,0,0,1.0,1.0,1.0,1.0,1.0,50.0,0.0,0.0,0.0,0.0,1.0,1.0,0.225,0.525,0.0,0.55,0.335,False,0,0
2987,202512232340,1.0,1.0,1.0,1.0,19,m1,0,0,1.0,1.0,1.0,1.0,1.0,50.0,0.0,0.0,0.0,0.0,1.0,1.0,0.475,0.525,0.0,0.55,0.41000000000000003,False,0,0
2988,202512232341,1.0,1.0,1.0,1.0,19,m1,0,0,1.0,1.0,1.0,1.0,1.0,50.0,0.0,0.0,0.0,0.0,1.0,1.0,0.5,0.525,0.0,0.55,0.4175,False,0,0
2989,202512232342,1.0,1.0,1.0,1.0,29,m1,0,0,1.0,1.0,1.0,1.0,1.0,50.0,0.0,0.0,0.0,0.0,1.0,1.0,0.975,0.525,0.0,0.55,0.5599999999999999,False,0,0
2990,202512232343,1.0,1.0,1.0,1.0,22,m1,0,0,1.0,1.0,1.0,1.0,1.0,50.0,0.0,0.0,0.0,0.0,1.0,1.0,0.75,0.525,0.0,0.55,0.49249999999999994,False,0,0
2991,202512232344,1.0,1.0,1.0,1.0,55,m1,0,0,1.0,1.0,1.0,1.0,1.0,50.0,0.0,0.0,0.0,0.0,1.0,1.0,1.0,0.525,0.0,0.55,0.5675,False,0,0
2992,202512232345,1.0,1.0,1.0,1.0,54,m1,0,0,1.0,1.0,1.0,1.0,1.0,50.0,0.0,0.0,0.0,0.0,1.0,1.0,0.95,0.525,0.0,0.55,0.5525,False,0,0
2993,202512232346,1.0,1.0,1.0,1.0,46,m1,0,0,1.0,1.0,1.0,1.0,1.0,50.0,0.0,0.0,0.0,0.0,1.0,1.0,0.9,0.525,0.0,0.55,0.5375,False,0,0
2994,202512232347,1.0,1.0,1.0,1.0,29,m1,0,0,1.0,1.0,1.0,1.0,1.0,50.0,0.0,0.0,0.0,0.0,1.0,1.0,0.8,0.525,0.0,0.55,0.5075,False,0,0
2995,202512232348,1.0,1.0,1.0,1.0,17,m1,0,0,1.0,1.0,1.0,1.0,1.0,50.0,0.0,0.0,0.0,0.0,1.0,1.0,0.3,0.525,0.0,0.55,0.35750000000000004,False,0,0
2996,202512232349,1.0,1.0,1.0,1.0,20,m1,0,0,1.0,1.0,1.0,1.0,1.0,50.0,0.0,0.0,0.0,0.0,1.0,1.0,0.5,0.525,0.0,0.55,0.4175,False,0,0
2997,202512232350,1.0,1.0,1.0,1.0,19,m1,0,0,1.0,1.0,1.0,1.0,1.0,50.0,0.0,0.0,0.0,0.0,1.0,1.0,0.425,0.525,0.0,0.55,0.395,False,0,0
2998,202512232351,1.0,1.0,1.0,1.0,13,m1,0,0,1.0,1.0,1.0,1.0,1.0,50.0,0.0,0.0,0.0,0.0,1.0,1.0,0.15,0.525,0.0,0.55,0.3125,False,0,0
2999,202512232352,1.0,1.0,1.0,1.0,5,m1,0,0,1.0,1.0,1.0,1.0,1.0,50.0,0.0,0.0,0.0,0.0,1.0,1.0,0.05,0.525,0.0,0.55,0.2825,False,0,0
3000,202512232353,1.0,1.0,1.0,1.0,14,m1,0,0,1.0,1.0,1.0,1.0,1.0,50.0,0.0,0.0,0.0,0.0,1.0,1.0,0.275,0.525,0.0,0.55,0.35,False,0,0
3001,202512232354,1.0,1.0,1.0,1.0,38,m1,0,0,1.0,1.0,1.0,1.0,1.0,50.0,0.0,0.0,0.0,0.0,1.0,1.0,0.85,0.525,0.0,0.55,0.5225,False,0,0
3002,202512232355,1.0,1.0,1.0,1.0,40,m1,0,0,1.0,1.0,1.0,1.0,1.0,50.0,0.0,0.0,0.0,0.0,1.0,1.0,0.85,0.525,0.0,0.55,0.5225,False,0,0
3003,202512232356,1.0,1.0,1.0,1.0,15,m1,0,0,1.0,1.0,1.0,1.0,1.0,50.0,0.0,0.0,0.0,0.0,1.0,1.0,0.25,0.525,0.0,0.55,0.3425,False,0,0
3004,202512232357,1.0,1.0,1.0,1.0,4,m1,0,0,1.0,1.0,1.0,1.0,1.0,50.0,0.0,0.0,0.0,0.0,1.0,1.0,0.05,0.525,0.0,0.55,0.2825,False,0,0
3005,202512232358,1.0,1.0,1.0,1.0,16,m1,0,0,1.0,1.0,1.0,1.0,1.0,50.0,0.0,0.0,0.0,0.0,1.0,1.0,0.35,0.525,0.0,0.55,0.37250000000000005,False,0,0
3006,202512232359,1.0,1.0,1.0,1.0,25,m1,0,0,1.0,1.0,1.0,1.0,1.0,50.0,0.0,0.0,0.0,0.0,1.0,1.0,0.65,0.525,0.0,0.55,0.4625,False,0,0
3007,202512240000,1.0,1.0,1.0,1.0,114,m1,0,0,1.0,1.0,1.0,1.0,1.0,50.0,0.0,0.0,0.0,0.0,1.0,1.0,1.0,0.525,0.0,0.55,0.5675,False,0,0
3008,202512240001,1.0,1.0,1.0,1.0,125,m1,0,0,1.0,1.0,1.0,1.0,1.0,50.0,0.0,0.0,0.0,0.0,1.0,1.0,1.0,0.525,0.0,0.55,0.5675,False,0,0
3009,202512240002,1.0,1.0,1.0,1.0,60,m1,0,0,1.0,1.0,1.0,1.0,1.0,50.0,0.0,0.0,0.0,0.0,1.0,1.0,0.9,0.525,0.0,0.55,0.5375,False,0,0
3010,202512240003,1.0,1.0,1.0,1.0,70,m1,0,0,1.0,1.0,1.0,1.0,1.0,50.0,0.0,0.0,0.0,0.0,1.0,1.0,0.9,0.525,0.0,0.55,0.5375,False,0,0
3011,202512240004,1.0,1.0,1.0,1.0,51,m1,0,0,1.0,1.0,1.0,1.0,1.0,50.0,0.0,0.0,0.0,0.0,1.0,1.0,0.75,0.525,0.0,0.55,0.49249999999999994,False,0,0
3012,202512240005,1.0,1.0,1.0,1.0,51,m1,0,0,1.0,1.0,1.0,1.0,1.0,50.0,0.0,0.0,0.0,0.0,1.0,1.0,0.775,0.525,0.0,0.55,0.5,False,0,0
3013,202512240006,1.0,1.0,1.0,1.0,35,m1,0,0,1.0,1.0,1.0,1.0,1.0,50.0,0.0,0.0,0.0,0.0,1.0,1.0,0.6,0.525,0.0,0.55,0.4475,False,0,0
3014,202512240007,1.0,1.0,1.0,1.0,87,m1,0,0,1.0,1.0,1.0,1.0,1.0,50.0,0.0,0.0,0.0,0.0,1.0,1.0,0.9,0.525,0.0,0.55,0.5375,False,0,0
3015,202512240008,1.0,1.0,1.0,1.0,65,m1,0,0,1.0,1.0,1.0,1.0,1.0,50.0,0.0,0.0,0.0,0.0,1.0,1.0,0.8,0.525,0.0,0.55,0.5075,False,0,0
3016,202512240009,1.0,1.0,1.0,1.0,35,m1,0,0,1.0,1.0,1.0,1.0,1.0,50.0,0.0,0.0,0.0,0.0,1.0,1.0,0.475,0.525,0.0,0.55,0.41000000000000003,False,0,0
3017,202512240010,1.0,1.0,1.0,1.0,50,m1,0,0,1.0,1.0,1.0,1.0,1.0,50.0,0.0,0.0,0.0,0.0,1.0,1.0,0.6,0.525,0.0,0.55,0.4475,False,0,0
3018,202512240011,1.0,1.0,1.0,1.0,99,m1,0,0,1.0,1.0,1.0,1.0,1.0,50.0,0.0,0.0,0.0,0.0,1.0,1.0,0.9,0.525,0.0,0.55,0.5375,False,0,0
3019,202512240012,1.0,1.0,1.0,1.0,70,m1,0,0,1.0,1.0,1.0,1.0,1.0,50.0,0.0,0.0,0.0,0.0,1.0,1.0,0.775,0.525,0.0,0.55,0.5,False,0,0
3020,202512240013,1.0,1.0,1.0,1.0,85,m1,0,0,1.0,1.0,1.0,1.0,1.0,50.0,0.0,0.0,0.0,0.0,1.0,1.0,0.8,0.525,0.0,0.55,0.5075,False,0,0
3021,202512240014,1.0,1.0,1.0,1.0,84,m1,0,0,1.0,1.0,1.0,1.0,1.0,50.0,0.0,0.0,0.0,0.0,1.0,1.0,0.75,0.525,0.0,0.55,0.49249999999999994,False,0,0
3022,202512240015,1.0,1.0,1.0,1.0,35,m1,0,0,1.0,1.0,1.0,1.0,1.0,50.0,0.0,0.0,0.0,0.0,1.0,1.0,0.3,0.525,0.0,0.55,0.35750000000000004,False,0,0
3023,202512240016,1.0,1.0,1.0,1.0,88,m1,0,0,1.0,1.0,1.0,1.0,1.0,50.0,0.0,0.0,0.0,0.0,1.0,1.0,0.85,0.525,0.0,0.55,0.5225,False,0,0
3024,202512240017,1.0,1.0,1.0,1.0,79,m1,0,0,1.0,1.0,1.0,1.0,1.0,50.0,0.0,0.0,0.0,0.0,1.0,1.0,0.65,0.525,0.0,0.55,0.4625,False,0,0
3025,202512240018,1.0,1.0,1.0,1.0,75,m1,0,0,1.0,1.0,1.0,1.0,1.0,50.0,0.0,0.0,0.0,0.0,1.0,1.0,0.6,0.525,0.0,0.55,0.4475,False,0,0
3026,202512240019,1.0,1.0,1.0,1.0,70,m1,0,0,1.0,1.0,1.0,1.0,1.0,50.0,0.0,0.0,0.0,0.0,1.0,1.0,0.5,0.525,0.0,0.55,0.4175,False,0,0
3027,202512240020,1.0,1.0,1.0,1.0,105,m1,0,0,1.0,1.0,1.0,1.0,1.0,50.0,0.0,0.0,0.0,0.0,1.0,1.0,0.95,0.525,0.0,0.55,0.5525,False,0,0
3028,202512240021,1.0,1.0,1.0,1.0,95,m1,0,0,1.0,1.0,1.0,1.0,1.0,50.0,0.0,0.0,0.0,0.0,1.0,1.0,0.9,0.525,0.0,0.55,0.5375,False,0,0
3029,202512240022,1.0,1.0,1.0,1.0,95,m1,0,0,1.0,1.0,1.0,1.0,1.0,50.0,0.0,0.0,0.0,0.0,1.0,1.0,0.875,0.525,0.0,0.55,0.53,False,0,0
3030,202512240023,1.0,1.0,1.0,1.0,84,m1,0,0,1.0,1.0,1.0,1.0,1.0,50.0,0.0,0.0,0.0,0.0,1.0,1.0,0.625,0.525,0.0,0.55,0.45499999999999996,False,0,0
3031,202512240024,1.0,1.0,1.0,1.0,58,m1,0,0,1.0,1.0,1.0,1.0,1.0,50.0,0.0,0.0,0.0,0.0,1.0,1.0,0.3,0.525,0.0,0.55,0.35750000000000004,False,0,0
3032,202512240025,1.0,1.0,1.0,1.0,97,m1,0,0,1.0,1.0,1.0,1.0,1.0,50.0,0.0,0.0,0.0,0.0,1.0,1.0,0.9,0.525,0.0,0.55,0.5375,False,0,0
3033,202512240026,1.0,1.0,1.0,1.0,57,m1,0,0,1.0,1.0,1.0,1.0,1.0,50.0,0.0,0.0,0.0,0.0,1.0,1.0,0.2,0.525,0.0,0.55,0.3275,False,0,0
3034,202512240027,1.0,1.0,1.0,1.0,52,m1,0,0,1.0,1.0,1.0,1.0,1.0,50.0,0.0,0.0,0.0,0.0,1.0,1.0,0.2,0.525,0.0,0.55,0.3275,False,0,0
3035,202512240028,1.0,1.0,1.0,1.0,85,m1,0,0,1.0,1.0,1.0,1.0,1.0,50.0,0.0,0.0,0.0,0.0,1.0,1.0,0.675,0.525,0.0,0.55,0.47,False,0,0
3036,202512240029,1.0,1.0,1.0,1.0,107,m1,0,0,1.0,1.0,1.0,1.0,1.0,50.0,0.0,0.0,0.0,0.0,1.0,1.0,1.0,0.525,0.0,0.55,0.5675,False,0,0
3037,202512240030,1.0,1.0,1.0,1.0,117,m1,0,0,1.0,1.0,1.0,1.0,1.0,50.0,0.0,0.0,0.0,0.0,1.0,1.0,1.0,0.525,0.0,0.55,0.5675,False,0,0
3038,202512240031,1.0,1.0,1.0,1.0,59,m1,0,0,1.0,1.0,1.0,1.0,1.0,50.0,0.0,0.0,0.0,0.0,1.0,1.0,0.25,0.525,0.0,0.55,0.3425,False,0,0
3039,202512240032,1.0,1.0,1.0,1.0,94,m1,0,0,1.0,1.0,1.0,1.0,1.0,50.0,0.0,0.0,0.0,0.0,1.0,1.0,0.7,0.525,0.0,0.55,0.47750000000000004,False,0,0
3040,202512240033,1.0,1.0,1.0,1.0,138,m1,0,0,1.0,1.0,1.0,1.0,1.0,50.0,0.0,0.0,0.0,0.0,1.0,1.0,1.0,0.525,0.0,0.55,0.5675,False,0,0
3041,202512240034,1.0,1.0,1.0,1.0,63,m1,0,0,1.0,1.0,1.0,1.0,1.0,50.0,0.0,0.0,0.0,0.0,1.0,1.0,0.3,0.525,0.0,0.55,0.35750000000000004,False,0,0
3042,202512240035,1.0,1.0,1.0,1.0,60,m1,0,0,1.0,1.0,1.0,1.0,1.0,50.0,0.0,0.0,0.0,0.0,1.0,1.0,0.25,0.525,0.0,0.55,0.3425,False,0,0
3043,202512240036,1.0,1.0,1.0,1.0,49,m1,0,0,1.0,1.0,1.0,1.0,1.0,50.0,0.0,0.0,0.0,0.0,1.0,1.0,0.05,0.525,0.0,0.55,0.2825,False,0,0
3044,202512240037,1.0,1.0,1.0,1.0,124,m1,0,0,1.0,1.0,1.0,1.0,1.0,50.0,0.0,0.0,0.0,0.0,1.0,1.0,0.95,0.525,0.0,0.55,0.5525,False,0,0
3045,202512240038,1.0,1.0,1.0,1.0,116,m1,0,0,1.0,1.0,1.0,1.0,1.0,50.0,0.0,0.0,0.0,0.0,1.0,1.0,0.85,0.525,0.0,0.55,0.5225,False,0,0
3046,202512240039,1.0,1.0,1.0,1.0,94,m1,0,0,1.0,1.0,1.0,1.0,1.0,50.0,0.0,0.0,0.0,0.0,1.0,1.0,0.525,0.525,0.0,0.55,0.42500000000000004,False,0,0
3047,202512240040,1.0,1.0,1.0,1.0,94,m1,0,0,1.0,1.0,1.0,1.0,1.0,50.0,0.0,0.0,0.0,0.0,1.0,1.0,0.55,0.525,0.0,0.55,0.4325,False,0,0
3048,202512240041,1.0,1.0,1.0,1.0,121,m1,0,0,1.0,1.0,1.0,1.0,1.0,50.0,0.0,0.0,0.0,0.0,1.0,1.0,0.9,0.525,0.0,0.55,0.5375,False,0,0
3049,202512240042,1.0,1.0,1.0,1.0,65,m1,0,0,1.0,1.0,1.0,1.0,1.0,50.0,0.0,0.0,0.0,0.0,1.0,1.0,0.4,0.525,0.0,0.55,0.38749999999999996,False,0,0
3050,202512240043,1.0,1.0,1.0,1.0,97,m1,0,0,1.0,1.0,1.0,1.0,1.0,50.0,0.0,0.0,0.0,0.0,1.0,1.0,0.675,0.525,0.0,0.55,0.47,False,0,0
3051,202512240044,1.0,1.0,1.0,1.0,48,m1,0,0,1.0,1.0,1.0,1.0,1.0,50.0,0.0,0.0,0.0,0.0,1.0,1.0,0.05,0.525,0.0,0.55,0.2825,False,0,0
3052,202512240045,1.0,1.0,1.0,1.0,12,m1,0,0,1.0,1.0,1.0,1.0,1.0,50.0,0.0,0.0,0.0,0.0,1.0,1.0,0.05,0.525,0.0,0.55,0.2825,False,0,0
3053,202512240046,1.0,1.0,1.0,1.0,26,m1,0,0,1.0,1.0,1.0,1.0,1.0,50.0,0.0,0.0,0.0,0.0,1.0,1.0,0.1,0.525,0.0,0.55,0.2975,False,0,0
3054,202512240047,1.0,1.0,1.0,1.0,19,m1,0,0,1.0,1.0,1.0,1.0,1.0,50.0,0.0,0.0,0.0,0.0,1.0,1.0,0.1,0.525,0.0,0.55,0.2975,False,0,0
3055,202512240048,1.0,1.0,1.0,1.0,27,m1,0,0,1.0,1.0,1.0,1.0,1.0,50.0,0.0,0.0,0.0,0.0,1.0,1.0,0.2,0.525,0.0,0.55,0.3275,False,0,0
3056,202512240049,1.0,1.0,1.0,1.0,43,m1,0,0,1.0,1.0,1.0,1.0,1.0,50.0,0.0,0.0,0.0,0.0,1.0,1.0,0.25,0.525,0.0,0.55,0.3425,False,0,0
3057,202512240050,1.0,1.0,1.0,1.0,47,m1,0,0,1.0,1.0,1.0,1.0,1.0,50.0,0.0,0.0,0.0,0.0,1.0,1.0,0.3,0.525,0.0,0.55,0.35750000000000004,False,0,0
3058,202512240051,1.0,1.0,1.0,1.0,41,m1,0,0,1.0,1.0,1.0,1.0,1.0,50.0,0.0,0.0,0.0,0.0,1.0,1.0,0.25,0.525,0.0,0.55,0.3425,False,0,0
3059,202512240052,1.0,1.0,1.0,1.0,53,m1,0,0,1.0,1.0,1.0,1.0,1.0,50.0,0.0,0.0,0.0,0.0,1.0,1.0,0.5,0.525,0.0,0.55,0.4175,False,0,0
3060,202512240053,1.0,1.0,1.0,1.0,74,m1,0,0,1.0,1.0,1.0,1.0,1.0,50.0,0.0,0.0,0.0,0.0,1.0,1.0,0.7,0.525,0.0,0.55,0.47750000000000004,False,0,0
3061,202512240054,1.0,1.0,1.0,1.0,268,m1,0,0,1.0,1.0,1.0,1.0,1.0,50.0,0.0,0.0,0.0,0.0,1.0,1.0,1.0,0.525,0.0,0.55,0.5675,False,0,0
3062,202512240055,1.0,1.0,1.0,1.0,178,m1,0,0,1.0,1.0,1.0,1.0,1.0,50.0,0.0,0.0,0.0,0.0,1.0,1.0,0.95,0.525,0.0,0.55,0.5525,False,0,0
3063,202512240056,1.0,1.0,1.0,1.0,67,m1,0,0,1.0,1.0,1.0,1.0,1.0,50.0,0.0,0.0,0.0,0.0,1.0,1.0,0.55,0.525,0.0,0.55,0.4325,False,0,0
3064,202512240057,1.0,1.0,1.0,1.0,59,m1,0,0,1.0,1.0,1.0,1.0,1.0,50.0,0.0,0.0,0.0,0.0,1.0,1.0,0.5,0.525,0.0,0.55,0.4175,False,0,0
3065,202512240058,1.0,1.0,1.0,1.0,73,m1,0,0,1.0,1.0,1.0,1.0,1.0,50.0,0.0,0.0,0.0,0.0,1.0,1.0,0.65,0.525,0.0,0.55,0.4625,False,0,0
3066,202512240059,1.0,1.0,1.0,1.0,99,m1,0,0,1.0,1.0,1.0,1.0,1.0,50.0,0.0,0.0,0.0,0.0,1.0,1.0,0.85,0.525,0.0,0.55,0.5225,False,0,0
3067,202512240100,1.0,1.0,1.0,1.0,128,m1,0,0,1.0,1.0,1.0,1.0,1.0,50.0,0.0,0.0,0.0,0.0,1.0,1.0,0.9,0.525,0.0,0.55,0.5375,False,0,0
3068,202512240101,1.0,1.0,1.0,1.0,223,m1,0,0,1.0,1.0,1.0,1.0,1.0,50.0,0.0,0.0,0.0,0.0,1.0,1.0,0.95,0.525,0.0,0.55,0.5525,False,0,0
3069,202512240102,1.0,1.0,1.0,1.0,119,m1,0,0,1.0,1.0,1.0,1.0,1.0,50.0,0.0,0.0,0.0,0.0,1.0,1.0,0.8,0.525,0.0,0.55,0.5075,False,0,0
3070,202512240103,1.0,1.0,1.0,1.0,141,m1,0,0,1.0,1.0,1.0,1.0,1.0,50.0,0.0,0.0,0.0,0.0,1.0,1.0,0.85,0.525,0.0,0.55,0.5225,False,0,0
3071,202512240104,1.0,1.0,1.0,1.0,69,m1,0,0,1.0,1.0,1.0,1.0,1.0,50.0,0.0,0.0,0.0,0.0,1.0,1.0,0.55,0.525,0.0,0.55,0.4325,False,0,0
3072,202512240105,1.0,1.0,1.0,1.0,73,m1,0,0,1.0,1.0,1.0,1.0,1.0,50.0,0.0,0.0,0.0,0.0,1.0,1.0,0.575,0.525,0.0,0.55,0.43999999999999995,False,0,0
3073,202512240106,1.0,1.0,1.0,1.0,94,m1,0,0,1.0,1.0,1.0,1.0,1.0,50.0,0.0,0.0,0.0,0.0,1.0,1.0,0.65,0.525,0.0,0.55,0.4625,False,0,0
3074,202512240107,1.0,1.0,1.0,1.0,58,m1,0,0,1.0,1.0,1.0,1.0,1.0,50.0,0.0,0.0,0.0,0.0,1.0,1.0,0.3,0.525,0.0,0.55,0.35750000000000004,False,0,0
3075,202512240108,1.0,1.0,1.0,1.0,65,m1,0,0,1.0,1.0,1.0,1.0,1.0,50.0,0.0,0.0,0.0,0.0,1.0,1.0,0.35,0.525,0.0,0.55,0.37250000000000005,False,0,0
3076,202512240109,1.0,1.0,1.0,1.0,91,m1,0,0,1.0,1.0,1.0,1.0,1.0,50.0,0.0,0.0,0.0,0.0,1.0,1.0,0.6,0.525,0.0,0.55,0.4475,False,0,0
3077,202512240110,1.0,1.0,1.0,1.0,74,m1,0,0,1.0,1.0,1.0,1.0,1.0,50.0,0.0,0.0,0.0,0.0,1.0,1.0,0.525,0.525,0.0,0.55,0.42500000000000004,False,0,0
3078,202512240111,1.0,1.0,1.0,1.0,69,m1,0,0,1.0,1.0,1.0,1.0,1.0,50.0,0.0,0.0,0.0,0.0,1.0,1.0,0.325,0.525,0.0,0.55,0.365,False,0,0
3079,202512240112,1.0,1.0,1.0,1.0,27,m1,0,0,1.0,1.0,1.0,1.0,1.0,50.0,0.0,0.0,0.0,0.0,1.0,1.0,0.05,0.525,0.0,0.55,0.2825,False,0,0
3080,202512240113,1.0,1.0,1.0,1.0,51,m1,0,0,1.0,1.0,1.0,1.0,1.0,50.0,0.0,0.0,0.0,0.0,1.0,1.0,0.1,0.525,0.0,0.55,0.2975,False,0,0
3081,202512240114,1.0,1.0,1.0,1.0,41,m1,0,0,1.0,1.0,1.0,1.0,1.0,50.0,0.0,0.0,0.0,0.0,1.0,1.0,0.1,0.525,0.0,0.55,0.2975,False,0,0
3082,202512240115,1.0,1.0,1.0,1.0,93,m1,0,0,1.0,1.0,1.0,1.0,1.0,50.0,0.0,0.0,0.0,0.0,1.0,1.0,0.7,0.525,0.0,0.55,0.47750000000000004,False,0,0
3083,202512240116,1.0,1.0,1.0,1.0,69,m1,0,0,1.0,1.0,1.0,1.0,1.0,50.0,0.0,0.0,0.0,0.0,1.0,1.0,0.4,0.525,0.0,0.55,0.38749999999999996,False,0,0
3084,202512240117,1.0,1.0,1.0,1.0,29,m1,0,0,1.0,1.0,1.0,1.0,1.0,50.0,0.0,0.0,0.0,0.0,1.0,1.0,0.1,0.525,0.0,0.55,0.2975,False,0,0
3085,202512240118,1.0,1.0,1.0,1.0,48,m1,0,0,1.0,1.0,1.0,1.0,1.0,50.0,0.0,0.0,0.0,0.0,1.0,1.0,0.2,0.525,0.0,0.55,0.3275,False,0,0
3086,202512240119,1.0,1.0,1.0,1.0,63,m1,0,0,1.0,1.0,1.0,1.0,1.0,50.0,0.0,0.0,0.0,0.0,1.0,1.0,0.35,0.525,0.0,0.55,0.37250000000000005,False,0,0
3087,202512240120,1.0,1.0,1.0,1.0,73,m1,0,0,1.0,1.0,1.0,1.0,1.0,50.0,0.0,0.0,0.0,0.0,1.0,1.0,0.625,0.525,0.0,0.55,0.45499999999999996,False,0,0
3088,202512240121,1.0,1.0,1.0,1.0,82,m1,0,0,1.0,1.0,1.0,1.0,1.0,50.0,0.0,0.0,0.0,0.0,1.0,1.0,0.75,0.525,0.0,0.55,0.49249999999999994,False,0,0
3089,202512240122,1.0,1.0,1.0,1.0,59,m1,0,0,1.0,1.0,1.0,1.0,1.0,50.0,0.0,0.0,0.0,0.0,1.0,1.0,0.35,0.525,0.0,0.55,0.37250000000000005,False,0,0
3090,202512240123,1.0,1.0,1.0,1.0,46,m1,0,0,1.0,1.0,1.0,1.0,1.0,50.0,0.0,0.0,0.0,0.0,1.0,1.0,0.2,0.525,0.0,0.55,0.3275,False,0,0
3091,202512240124,1.0,1.0,1.0,1.0,117,m1,0,0,1.0,1.0,1.0,1.0,1.0,50.0,0.0,0.0,0.0,0.0,1.0,1.0,1.0,0.525,0.0,0.55,0.5675,False,0,0
3092,202512240125,1.0,1.0,1.0,1.0,74,m1,0,0,1.0,1.0,1.0,1.0,1.0,50.0,0.0,0.0,0.0,0.0,1.0,1.0,0.725,0.525,0.0,0.55,0.485,False,0,0
3093,202512240126,1.0,1.0,1.0,1.0,87,m1,0,0,1.0,1.0,1.0,1.0,1.0,50.0,0.0,0.0,0.0,0.0,1.0,1.0,0.85,0.525,0.0,0.55,0.5225,False,0,0
3094,202512240127,1.0,1.0,1.0,1.0,145,m1,0,0,1.0,1.0,1.0,1.0,1.0,50.0,0.0,0.0,0.0,0.0,1.0,1.0,1.0,0.525,0.0,0.55,0.5675,False,0,0
3095,202512240128,1.0,1.0,1.0,1.0,168,m1,0,0,1.0,1.0,1.0,1.0,1.0,50.0,0.0,0.0,0.0,0.0,1.0,1.0,1.0,0.525,0.0,0.55,0.5675,False,0,0
3096,202512240129,1.0,1.0,1.0,1.0,132,m1,0,0,1.0,1.0,1.0,1.0,1.0,50.0,0.0,0.0,0.0,0.0,1.0,1.0,0.9,0.525,0.0,0.55,0.5375,False,0,0
3097,202512240130,1.0,1.0,1.0,1.0,108,m1,0,0,1.0,1.0,1.0,1.0,1.0,50.0,0.0,0.0,0.0,0.0,1.0,1.0,0.8,0.525,0.0,0.55,0.5075,False,0,0
3098,202512240131,1.0,1.0,1.0,1.0,149,m1,0,0,1.0,1.0,1.0,1.0,1.0,50.0,0.0,0.0,0.0,0.0,1.0,1.0,0.95,0.525,0.0,0.55,0.5525,False,0,0
3099,202512240132,1.0,1.0,1.0,1.0,106,m1,0,0,1.0,1.0,1.0,1.0,1.0,50.0,0.0,0.0,0.0,0.0,1.0,1.0,0.7,0.525,0.0,0.55,0.47750000000000004,False,0,0
3100,202512240133,1.0,1.0,1.0,1.0,83,m1,0,0,1.0,1.0,1.0,1.0,1.0,50.0,0.0,0.0,0.0,0.0,1.0,1.0,0.55,0.525,0.0,0.55,0.4325,False,0,0
3101,202512240134,1.0,1.0,1.0,1.0,99,m1,0,0,1.0,1.0,1.0,1.0,1.0,50.0,0.0,0.0,0.0,0.0,1.0,1.0,0.65,0.525,0.0,0.55,0.4625,False,0,0
3102,202512240135,1.0,1.0,1.0,1.0,81,m1,0,0,1.0,1.0,1.0,1.0,1.0,50.0,0.0,0.0,0.0,0.0,1.0,1.0,0.45,0.525,0.0,0.55,0.40249999999999997,False,0,0
3103,202512240136,1.0,1.0,1.0,1.0,52,m1,0,0,1.0,1.0,1.0,1.0,1.0,50.0,0.0,0.0,0.0,0.0,1.0,1.0,0.2,0.525,0.0,0.55,0.3275,False,0,0
3104,202512240137,1.0,1.0,1.0,1.0,117,m1,0,0,1.0,1.0,1.0,1.0,1.0,50.0,0.0,0.0,0.0,0.0,1.0,1.0,0.775,0.525,0.0,0.55,0.5,False,0,0
3105,202512240138,1.0,1.0,1.0,1.0,60,m1,0,0,1.0,1.0,1.0,1.0,1.0,50.0,0.0,0.0,0.0,0.0,1.0,1.0,0.2,0.525,0.0,0.55,0.3275,False,0,0
3106,202512240139,1.0,1.0,1.0,1.0,77,m1,0,0,1.0,1.0,1.0,1.0,1.0,50.0,0.0,0.0,0.0,0.0,1.0,1.0,0.35,0.525,0.0,0.55,0.37250000000000005,False,0,0
3107,202512240140,1.0,1.0,1.0,1.0,131,m1,0,0,1.0,1.0,1.0,1.0,1.0,50.0,0.0,0.0,0.0,0.0,1.0,1.0,0.8,0.525,0.0,0.55,0.5075,False,0,0
3108,202512240141,1.0,1.0,1.0,1.0,89,m1,0,0,1.0,1.0,1.0,1.0,1.0,50.0,0.0,0.0,0.0,0.0,1.0,1.0,0.5,0.525,0.0,0.55,0.4175,False,0,0
3109,202512240142,1.0,1.0,1.0,1.0,87,m1,0,0,1.0,1.0,1.0,1.0,1.0,50.0,0.0,0.0,0.0,0.0,1.0,1.0,0.425,0.525,0.0,0.55,0.395,False,0,0
3110,202512240143,1.0,1.0,1.0,1.0,124,m1,0,0,1.0,1.0,1.0,1.0,1.0,50.0,0.0,0.0,0.0,0.0,1.0,1.0,0.75,0.525,0.0,0.55,0.49249999999999994,False,0,0
3111,202512240144,1.0,1.0,1.0,1.0,108,m1,0,0,1.0,1.0,1.0,1.0,1.0,50.0,0.0,0.0,0.0,0.0,1.0,1.0,0.625,0.525,0.0,0.55,0.45499999999999996,False,0,0
3112,202512240145,1.0,1.0,1.0,1.0,68,m1,0,0,1.0,1.0,1.0,1.0,1.0,50.0,0.0,0.0,0.0,0.0,1.0,1.0,0.15,0.525,0.0,0.55,0.3125,False,0,0
3113,202512240146,1.0,1.0,1.0,1.0,66,m1,0,0,1.0,1.0,1.0,1.0,1.0,50.0,0.0,0.0,0.0,0.0,1.0,1.0,0.15,0.525,0.0,0.55,0.3125,False,0,0
3114,202512240147,1.0,1.0,1.0,1.0,77,m1,0,0,1.0,1.0,1.0,1.0,1.0,50.0,0.0,0.0,0.0,0.0,1.0,1.0,0.275,0.525,0.0,0.55,0.35,False,0,0
3115,202512240148,1.0,1.0,1.0,1.0,108,m1,0,0,1.0,1.0,1.0,1.0,1.0,50.0,0.0,0.0,0.0,0.0,1.0,1.0,0.7,0.525,0.0,0.55,0.47750000000000004,False,0,0
3116,202512240149,1.0,1.0,1.0,1.0,76,m1,0,0,1.0,1.0,1.0,1.0,1.0,50.0,0.0,0.0,0.0,0.0,1.0,1.0,0.25,0.525,0.0,0.55,0.3425,False,0,0
3117,202512240150,1.0,1.0,1.0,1.0,64,m1,0,0,1.0,1.0,1.0,1.0,1.0,50.0,0.0,0.0,0.0,0.0,1.0,1.0,0.15,0.525,0.0,0.55,0.3125,False,0,0
3118,202512240151,1.0,1.0,1.0,1.0,103,m1,0,0,1.0,1.0,1.0,1.0,1.0,50.0,0.0,0.0,0.0,0.0,1.0,1.0,0.7,0.525,0.0,0.55,0.47750000000000004,False,0,0
3119,202512240152,1.0,1.0,1.0,1.0,63,m1,0,0,1.0,1.0,1.0,1.0,1.0,50.0,0.0,0.0,0.0,0.0,1.0,1.0,0.15,0.525,0.0,0.55,0.3125,False,0,0
3120,202512240153,1.0,1.0,1.0,1.0,79,m1,0,0,1.0,1.0,1.0,1.0,1.0,50.0,0.0,0.0,0.0,0.0,1.0,1.0,0.5,0.525,0.0,0.55,0.4175,False,0,0
3121,202512240154,1.0,1.0,1.0,1.0,39,m1,0,0,1.0,1.0,1.0,1.0,1.0,50.0,0.0,0.0,0.0,0.0,1.0,1.0,0.05,0.525,0.0,0.55,0.2825,False,0,0
3122,202512240155,1.0,1.0,1.0,1.0,63,m1,0,0,1.0,1.0,1.0,1.0,1.0,50.0,0.0,0.0,0.0,0.0,1.0,1.0,0.225,0.525,0.0,0.55,0.335,False,0,0
3123,202512240156,1.0,1.0,1.0,1.0,49,m1,0,0,1.0,1.0,1.0,1.0,1.0,50.0,0.0,0.0,0.0,0.0,1.0,1.0,0.1,0.525,0.0,0.55,0.2975,False,0,0
3124,202512240157,1.0,1.0,1.0,1.0,70,m1,0,0,1.0,1.0,1.0,1.0,1.0,50.0,0.0,0.0,0.0,0.0,1.0,1.0,0.45,0.525,0.0,0.55,0.40249999999999997,False,0,0
3125,202512240158,1.0,1.0,1.0,1.0,39,m1,0,0,1.0,1.0,1.0,1.0,1.0,50.0,0.0,0.0,0.0,0.0,1.0,1.0,0.075,0.525,0.0,0.55,0.29000000000000004,False,0,0
3126,202512240159,1.0,1.0,1.0,1.0,59,m1,0,0,1.0,1.0,1.0,1.0,1.0,50.0,0.0,0.0,0.0,0.0,1.0,1.0,0.2,0.525,0.0,0.55,0.3275,False,0,0
3127,202512240200,1.0,1.0,1.0,1.0,102,m1,0,0,1.0,1.0,1.0,1.0,1.0,50.0,0.0,0.0,0.0,0.0,1.0,1.0,0.8,0.525,0.0,0.55,0.5075,False,0,0
3128,202512240201,1.0,1.0,1.0,1.0,110,m1,0,0,1.0,1.0,1.0,1.0,1.0,50.0,0.0,0.0,0.0,0.0,1.0,1.0,0.95,0.525,0.0,0.55,0.5525,False,0,0
3129,202512240202,1.0,1.0,1.0,1.0,53,m1,0,0,1.0,1.0,1.0,1.0,1.0,50.0,0.0,0.0,0.0,0.0,1.0,1.0,0.2,0.525,0.0,0.55,0.3275,False,0,0
3130,202512240203,1.0,1.0,1.0,1.0,120,m1,0,0,1.0,1.0,1.0,1.0,1.0,50.0,0.0,0.0,0.0,0.0,1.0,1.0,1.0,0.525,0.0,0.55,0.5675,False,0,0
3131,202512240204,1.0,1.0,1.0,1.0,50,m1,0,0,1.0,1.0,1.0,1.0,1.0,50.0,0.0,0.0,0.0,0.0,1.0,1.0,0.2,0.525,0.0,0.55,0.3275,False,0,0
3132,202512240205,1.0,1.0,1.0,1.0,68,m1,0,0,1.0,1.0,1.0,1.0,1.0,50.0,0.0,0.0,0.0,0.0,1.0,1.0,0.55,0.525,0.0,0.55,0.4325,False,0,0
3133,202512240206,1.0,1.0,1.0,1.0,82,m1,0,0,1.0,1.0,1.0,1.0,1.0,50.0,0.0,0.0,0.0,0.0,1.0,1.0,0.75,0.525,0.0,0.55,0.49249999999999994,False,0,0
3134,202512240207,1.0,1.0,1.0,1.0,94,m1,0,0,1.0,1.0,1.0,1.0,1.0,50.0,0.0,0.0,0.0,0.0,1.0,1.0,0.75,0.525,0.0,0.55,0.49249999999999994,False,0,0
3135,202512240208,1.0,1.0,1.0,1.0,107,m1,0,0,1.0,1.0,1.0,1.0,1.0,50.0,0.0,0.0,0.0,0.0,1.0,1.0,0.9,0.525,0.0,0.55,0.5375,False,0,0
3136,202512240209,1.0,1.0,1.0,1.0,86,m1,0,0,1.0,1.0,1.0,1.0,1.0,50.0,0.0,0.0,0.0,0.0,1.0,1.0,0.7,0.525,0.0,0.55,0.47750000000000004,False,0,0
3137,202512240210,1.0,1.0,1.0,1.0,80,m1,0,0,1.0,1.0,1.0,1.0,1.0,50.0,0.0,0.0,0.0,0.0,1.0,1.0,0.6,0.525,0.0,0.55,0.4475,False,0,0
3138,202512240211,1.0,1.0,1.0,1.0,94,m1,0,0,1.0,1.0,1.0,1.0,1.0,50.0,0.0,0.0,0.0,0.0,1.0,1.0,0.775,0.525,0.0,0.55,0.5,False,0,0
3139,202512240212,1.0,1.0,1.0,1.0,85,m1,0,0,1.0,1.0,1.0,1.0,1.0,50.0,0.0,0.0,0.0,0.0,1.0,1.0,0.65,0.525,0.0,0.55,0.4625,False,0,0
3140,202512240213,1.0,1.0,1.0,1.0,77,m1,0,0,1.0,1.0,1.0,1.0,1.0,50.0,0.0,0.0,0.0,0.0,1.0,1.0,0.5,0.525,0.0,0.55,0.4175,False,0,0
3141,202512240214,1.0,1.0,1.0,1.0,81,m1,0,0,1.0,1.0,1.0,1.0,1.0,50.0,0.0,0.0,0.0,0.0,1.0,1.0,0.55,0.525,0.0,0.55,0.4325,False,0,0
3142,202512240215,1.0,1.0,1.0,1.0,56,m1,0,0,1.0,1.0,1.0,1.0,1.0,50.0,0.0,0.0,0.0,0.0,1.0,1.0,0.25,0.525,0.0,0.55,0.3425,False,0,0
3143,202512240216,1.0,1.0,1.0,1.0,34,m1,0,0,1.0,1.0,1.0,1.0,1.0,50.0,0.0,0.0,0.0,0.0,1.0,1.0,0.05,0.525,0.0,0.55,0.2825,False,0,0
3144,202512240217,1.0,1.0,1.0,1.0,89,m1,0,0,1.0,1.0,1.0,1.0,1.0,50.0,0.0,0.0,0.0,0.0,1.0,1.0,0.7,0.525,0.0,0.55,0.47750000000000004,False,0,0
3145,202512240218,1.0,1.0,1.0,1.0,61,m1,0,0,1.0,1.0,1.0,1.0,1.0,50.0,0.0,0.0,0.0,0.0,1.0,1.0,0.3,0.525,0.0,0.55,0.35750000000000004,False,0,0
3146,202512240219,1.0,1.0,1.0,1.0,69,m1,0,0,1.0,1.0,1.0,1.0,1.0,50.0,0.0,0.0,0.0,0.0,1.0,1.0,0.35,0.525,0.0,0.55,0.37250000000000005,False,0,0
3147,202512240220,1.0,1.0,1.0,1.0,45,m1,0,0,1.0,1.0,1.0,1.0,1.0,50.0,0.0,0.0,0.0,0.0,1.0,1.0,0.1,0.525,0.0,0.55,0.2975,False,0,0
3148,202512240221,1.0,1.0,1.0,1.0,98,m1,0,0,1.0,1.0,1.0,1.0,1.0,50.0,0.0,0.0,0.0,0.0,1.0,1.0,0.9,0.525,0.0,0.55,0.5375,False,0,0
3149,202512240222,1.0,1.0,1.0,1.0,80,m1,0,0,1.0,1.0,1.0,1.0,1.0,50.0,0.0,0.0,0.0,0.0,1.0,1.0,0.475,0.525,0.0,0.55,0.41000000000000003,False,0,0
3150,202512240223,1.0,1.0,1.0,1.0,39,m1,0,0,1.0,1.0,1.0,1.0,1.0,50.0,0.0,0.0,0.0,0.0,1.0,1.0,0.1,0.525,0.0,0.55,0.2975,False,0,0
3151,202512240224,1.0,1.0,1.0,1.0,66,m1,0,0,1.0,1.0,1.0,1.0,1.0,50.0,0.0,0.0,0.0,0.0,1.0,1.0,0.3,0.525,0.0,0.55,0.35750000000000004,False,0,0
3152,202512240225,1.0,1.0,1.0,1.0,59,m1,0,0,1.0,1.0,1.0,1.0,1.0,50.0,0.0,0.0,0.0,0.0,1.0,1.0,0.25,0.525,0.0,0.55,0.3425,False,0,0
3153,202512240226,1.0,1.0,1.0,1.0,52,m1,0,0,1.0,1.0,1.0,1.0,1.0,50.0,0.0,0.0,0.0,0.0,1.0,1.0,0.2,0.525,0.0,0.55,0.3275,False,0,0
3154,202512240227,1.0,1.0,1.0,1.0,131,m1,0,0,1.0,1.0,1.0,1.0,1.0,50.0,0.0,0.0,0.0,0.0,1.0,1.0,1.0,0.525,0.0,0.55,0.5675,False,0,0
3155,202512240228,1.0,1.0,1.0,1.0,115,m1,0,0,1.0,1.0,1.0,1.0,1.0,50.0,0.0,0.0,0.0,0.0,1.0,1.0,0.95,0.525,0.0,0.55,0.5525,False,0,0
3156,202512240229,1.0,1.0,1.0,1.0,134,m1,0,0,1.0,1.0,1.0,1.0,1.0,50.0,0.0,0.0,0.0,0.0,1.0,1.0,1.0,0.525,0.0,0.55,0.5675,False,0,0
3157,202512240230,1.0,1.0,1.0,1.0,108,m1,0,0,1.0,1.0,1.0,1.0,1.0,50.0,0.0,0.0,0.0,0.0,1.0,1.0,0.85,0.525,0.0,0.55,0.5225,False,0,0
3158,202512240231,1.0,1.0,1.0,1.0,43,m1,0,0,1.0,1.0,1.0,1.0,1.0,50.0,0.0,0.0,0.0,0.0,1.0,1.0,0.15,0.525,0.0,0.55,0.3125,False,0,0
3159,202512240232,1.0,1.0,1.0,1.0,80,m1,0,0,1.0,1.0,1.0,1.0,1.0,50.0,0.0,0.0,0.0,0.0,1.0,1.0,0.625,0.525,0.0,0.55,0.45499999999999996,False,0,0
3160,202512240233,1.0,1.0,1.0,1.0,78,m1,0,0,1.0,1.0,1.0,1.0,1.0,50.0,0.0,0.0,0.0,0.0,1.0,1.0,0.55,0.525,0.0,0.55,0.4325,False,0,0
3161,202512240234,1.0,1.0,1.0,1.0,110,m1,0,0,1.0,1.0,1.0,1.0,1.0,50.0,0.0,0.0,0.0,0.0,1.0,1.0,0.85,0.525,0.0,0.55,0.5225,False,0,0
3162,202512240235,1.0,1.0,1.0,1.0,119,m1,0,0,1.0,1.0,1.0,1.0,1.0,50.0,0.0,0.0,0.0,0.0,1.0,1.0,0.9,0.525,0.0,0.55,0.5375,False,0,0
3163,202512240236,1.0,1.0,1.0,1.0,96,m1,0,0,1.0,1.0,1.0,1.0,1.0,50.0,0.0,0.0,0.0,0.0,1.0,1.0,0.65,0.525,0.0,0.55,0.4625,False,0,0
3164,202512240237,1.0,1.0,1.0,1.0,53,m1,0,0,1.0,1.0,1.0,1.0,1.0,50.0,0.0,0.0,0.0,0.0,1.0,1.0,0.25,0.525,0.0,0.55,0.3425,False,0,0
3165,202512240238,1.0,1.0,1.0,1.0,59,m1,0,0,1.0,1.0,1.0,1.0,1.0,50.0,0.0,0.0,0.0,0.0,1.0,1.0,0.325,0.525,0.0,0.55,0.365,False,0,0
3166,202512240239,1.0,1.0,1.0,1.0,50,m1,0,0,1.0,1.0,1.0,1.0,1.0,50.0,0.0,0.0,0.0,0.0,1.0,1.0,0.2,0.525,0.0,0.55,0.3275,False,0,0
3167,202512240240,1.0,1.0,1.0,1.0,68,m1,0,0,1.0,1.0,1.0,1.0,1.0,50.0,0.0,0.0,0.0,0.0,1.0,1.0,0.45,0.525,0.0,0.55,0.40249999999999997,False,0,0
3168,202512240241,1.0,1.0,1.0,1.0,54,m1,0,0,1.0,1.0,1.0,1.0,1.0,50.0,0.0,0.0,0.0,0.0,1.0,1.0,0.3,0.525,0.0,0.55,0.35750000000000004,False,0,0
3169,202512240242,1.0,1.0,1.0,1.0,40,m1,0,0,1.0,1.0,1.0,1.0,1.0,50.0,0.0,0.0,0.0,0.0,1.0,1.0,0.1,0.525,0.0,0.55,0.2975,False,0,0
3170,202512240243,1.0,1.0,1.0,1.0,88,m1,0,0,1.0,1.0,1.0,1.0,1.0,50.0,0.0,0.0,0.0,0.0,1.0,1.0,0.65,0.525,0.0,0.55,0.4625,False,0,0
3171,202512240244,1.0,1.0,1.0,1.0,35,m1,0,0,1.0,1.0,1.0,1.0,1.0,50.0,0.0,0.0,0.0,0.0,1.0,1.0,0.05,0.525,0.0,0.55,0.2825,False,0,0
3172,202512240245,1.0,1.0,1.0,1.0,42,m1,0,0,1.0,1.0,1.0,1.0,1.0,50.0,0.0,0.0,0.0,0.0,1.0,1.0,0.15,0.525,0.0,0.55,0.3125,False,0,0
3173,202512240246,1.0,1.0,1.0,1.0,38,m1,0,0,1.0,1.0,1.0,1.0,1.0,50.0,0.0,0.0,0.0,0.0,1.0,1.0,0.1,0.525,0.0,0.55,0.2975,False,0,0
3174,202512240247,1.0,1.0,1.0,1.0,44,m1,0,0,1.0,1.0,1.0,1.0,1.0,50.0,0.0,0.0,0.0,0.0,1.0,1.0,0.3,0.525,0.0,0.55,0.35750000000000004,False,0,0
3175,202512240248,1.0,1.0,1.0,1.0,55,m1,0,0,1.0,1.0,1.0,1.0,1.0,50.0,0.0,0.0,0.0,0.0,1.0,1.0,0.5,0.525,0.0,0.55,0.4175,False,0,0
3176,202512240249,1.0,1.0,1.0,1.0,19,m1,0,0,1.0,1.0,1.0,1.0,1.0,50.0,0.0,0.0,0.0,0.0,1.0,1.0,0.05,0.525,0.0,0.55,0.2825,False,0,0
3177,202512240250,1.0,1.0,1.0,1.0,68,m1,0,0,1.0,1.0,1.0,1.0,1.0,50.0,0.0,0.0,0.0,0.0,1.0,1.0,0.675,0.525,0.0,0.55,0.47,False,0,0
3178,202512240251,1.0,1.0,1.0,1.0,43,m1,0,0,1.0,1.0,1.0,1.0,1.0,50.0,0.0,0.0,0.0,0.0,1.0,1.0,0.3,0.525,0.0,0.55,0.35750000000000004,False,0,0
3179,202512240252,1.0,1.0,1.0,1.0,49,m1,0,0,1.0,1.0,1.0,1.0,1.0,50.0,0.0,0.0,0.0,0.0,1.0,1.0,0.4,0.525,0.0,0.55,0.38749999999999996,False,0,0
3180,202512240253,1.0,1.0,1.0,1.0,42,m1,0,0,1.0,1.0,1.0,1.0,1.0,50.0,0.0,0.0,0.0,0.0,1.0,1.0,0.275,0.525,0.0,0.55,0.35,False,0,0
3181,202512240254,1.0,1.0,1.0,1.0,31,m1,0,0,1.0,1.0,1.0,1.0,1.0,50.0,0.0,0.0,0.0,0.0,1.0,1.0,0.1,0.525,0.0,0.55,0.2975,False,0,0
3182,202512240255,1.0,1.0,1.0,1.0,37,m1,0,0,1.0,1.0,1.0,1.0,1.0,50.0,0.0,0.0,0.0,0.0,1.0,1.0,0.2,0.525,0.0,0.55,0.3275,False,0,0
3183,202512240256,1.0,1.0,1.0,1.0,80,m1,0,0,1.0,1.0,1.0,1.0,1.0,50.0,0.0,0.0,0.0,0.0,1.0,1.0,0.95,0.525,0.0,0.55,0.5525,False,0,0
3184,202512240257,1.0,1.0,1.0,1.0,59,m1,0,0,1.0,1.0,1.0,1.0,1.0,50.0,0.0,0.0,0.0,0.0,1.0,1.0,0.775,0.525,0.0,0.55,0.5,False,0,0
3185,202512240258,1.0,1.0,1.0,1.0,72,m1,0,0,1.0,1.0,1.0,1.0,1.0,50.0,0.0,0.0,0.0,0.0,1.0,1.0,0.9,0.525,0.0,0.55,0.5375,False,0,0
3186,202512240259,1.0,1.0,1.0,1.0,116,m1,0,0,1.0,1.0,1.0,1.0,1.0,50.0,0.0,0.0,0.0,0.0,1.0,1.0,1.0,0.525,0.0,0.55,0.5675,False,0,0
3187,202512240300,1.0,1.0,1.0,1.0,112,m1,0,0,1.0,1.0,1.0,1.0,1.0,50.0,0.0,0.0,0.0,0.0,1.0,1.0,0.95,0.525,0.0,0.55,0.5525,False,0,0
3188,202512240301,1.0,1.0,1.0,1.0,126,m1,0,0,1.0,1.0,1.0,1.0,1.0,50.0,0.0,0.0,0.0,0.0,1.0,1.0,1.0,0.525,0.0,0.55,0.5675,False,0,0
3189,202512240302,1.0,1.0,1.0,1.0,121,m1,0,0,1.0,1.0,1.0,1.0,1.0,50.0,0.0,0.0,0.0,0.0,1.0,1.0,0.95,0.525,0.0,0.55,0.5525,False,0,0
3190,202512240303,1.0,1.0,1.0,1.0,88,m1,0,0,1.0,1.0,1.0,1.0,1.0,50.0,0.0,0.0,0.0,0.0,1.0,1.0,0.8,0.525,0.0,0.55,0.5075,False,0,0
3191,202512240304,1.0,1.0,1.0,1.0,131,m1,0,0,1.0,1.0,1.0,1.0,1.0,50.0,0.0,0.0,0.0,0.0,1.0,1.0,1.0,0.525,0.0,0.55,0.5675,False,0,0
3192,202512240305,1.0,1.0,1.0,1.0,114,m1,0,0,1.0,1.0,1.0,1.0,1.0,50.0,0.0,0.0,0.0,0.0,1.0,1.0,0.8,0.525,0.0,0.55,0.5075,False,0,0
3193,202512240306,1.0,1.0,1.0,1.0,55,m1,0,0,1.0,1.0,1.0,1.0,1.0,50.0,0.0,0.0,0.0,0.0,1.0,1.0,0.425,0.525,0.0,0.55,0.395,False,0,0
3194,202512240307,1.0,1.0,1.0,1.0,64,m1,0,0,1.0,1.0,1.0,1.0,1.0,50.0,0.0,0.0,0.0,0.0,1.0,1.0,0.5,0.525,0.0,0.55,0.4175,False,0,0
3195,202512240308,1.0,1.0,1.0,1.0,119,m1,0,0,1.0,1.0,1.0,1.0,1.0,50.0,0.0,0.0,0.0,0.0,1.0,1.0,0.85,0.525,0.0,0.55,0.5225,False,0,0
3196,202512240309,1.0,1.0,1.0,1.0,94,m1,0,0,1.0,1.0,1.0,1.0,1.0,50.0,0.0,0.0,0.0,0.0,1.0,1.0,0.65,0.525,0.0,0.55,0.4625,False,0,0
3197,202512240310,1.0,1.0,1.0,1.0,92,m1,0,0,1.0,1.0,1.0,1.0,1.0,50.0,0.0,0.0,0.0,0.0,1.0,1.0,0.6,0.525,0.0,0.55,0.4475,False,0,0
3198,202512240311,1.0,1.0,1.0,1.0,72,m1,0,0,1.0,1.0,1.0,1.0,1.0,50.0,0.0,0.0,0.0,0.0,1.0,1.0,0.425,0.525,0.0,0.55,0.395,False,0,0
3199,202512240312,1.0,1.0,1.0,1.0,49,m1,0,0,1.0,1.0,1.0,1.0,1.0,50.0,0.0,0.0,0.0,0.0,1.0,1.0,0.2,0.525,0.0,0.55,0.3275,False,0,0
3200,202512240313,1.0,1.0,1.0,1.0,102,m1,0,0,1.0,1.0,1.0,1.0,1.0,50.0,0.0,0.0,0.0,0.0,1.0,1.0,0.65,0.525,0.0,0.55,0.4625,False,0,0
3201,202512240314,1.0,1.0,1.0,1.0,35,m1,0,0,1.0,1.0,1.0,1.0,1.0,50.0,0.0,0.0,0.0,0.0,1.0,1.0,0.05,0.525,0.0,0.55,0.2825,False,0,0
3202,202512240315,1.0,1.0,1.0,1.0,75,m1,0,0,1.0,1.0,1.0,1.0,1.0,50.0,0.0,0.0,0.0,0.0,1.0,1.0,0.4,0.525,0.0,0.55,0.38749999999999996,False,0,0
3203,202512240316,1.0,1.0,1.0,1.0,78,m1,0,0,1.0,1.0,1.0,1.0,1.0,50.0,0.0,0.0,0.0,0.0,1.0,1.0,0.45,0.525,0.0,0.55,0.40249999999999997,False,0,0
3204,202512240317,1.0,1.0,1.0,1.0,71,m1,0,0,1.0,1.0,1.0,1.0,1.0,50.0,0.0,0.0,0.0,0.0,1.0,1.0,0.25,0.525,0.0,0.55,0.3425,False,0,0
3205,202512240318,1.0,1.0,1.0,1.0,54,m1,0,0,1.0,1.0,1.0,1.0,1.0,50.0,0.0,0.0,0.0,0.0,1.0,1.0,0.15,0.525,0.0,0.55,0.3125,False,0,0
3206,202512240319,1.0,1.0,1.0,1.0,96,m1,0,0,1.0,1.0,1.0,1.0,1.0,50.0,0.0,0.0,0.0,0.0,1.0,1.0,0.65,0.525,0.0,0.55,0.4625,False,0,0
3207,202512240320,1.0,1.0,1.0,1.0,89,m1,0,0,1.0,1.0,1.0,1.0,1.0,50.0,0.0,0.0,0.0,0.0,1.0,1.0,0.55,0.525,0.0,0.55,0.4325,False,0,0
3208,202512240321,1.0,1.0,1.0,1.0,63,m1,0,0,1.0,1.0,1.0,1.0,1.0,50.0,0.0,0.0,0.0,0.0,1.0,1.0,0.25,0.525,0.0,0.55,0.3425,False,0,0
3209,202512240322,1.0,1.0,1.0,1.0,55,m1,0,0,1.0,1.0,1.0,1.0,1.0,50.0,0.0,0.0,0.0,0.0,1.0,1.0,0.225,0.525,0.0,0.55,0.335,False,0,0
3210,202512240323,1.0,1.0,1.0,1.0,62,m1,0,0,1.0,1.0,1.0,1.0,1.0,50.0,0.0,0.0,0.0,0.0,1.0,1.0,0.3,0.525,0.0,0.55,0.35750000000000004,False,0,0
3211,202512240324,1.0,1.0,1.0,1.0,42,m1,0,0,1.0,1.0,1.0,1.0,1.0,50.0,0.0,0.0,0.0,0.0,1.0,1.0,0.1,0.525,0.0,0.55,0.2975,False,0,0
3212,202512240325,1.0,1.0,1.0,1.0,77,m1,0,0,1.0,1.0,1.0,1.0,1.0,50.0,0.0,0.0,0.0,0.0,1.0,1.0,0.65,0.525,0.0,0.55,0.4625,False,0,0
3213,202512240326,1.0,1.0,1.0,1.0,73,m1,0,0,1.0,1.0,1.0,1.0,1.0,50.0,0.0,0.0,0.0,0.0,1.0,1.0,0.55,0.525,0.0,0.55,0.4325,False,0,0
3214,202512240327,1.0,1.0,1.0,1.0,43,m1,0,0,1.0,1.0,1.0,1.0,1.0,50.0,0.0,0.0,0.0,0.0,1.0,1.0,0.15,0.525,0.0,0.55,0.3125,False,0,0
3215,202512240328,1.0,1.0,1.0,1.0,24,m1,0,0,1.0,1.0,1.0,1.0,1.0,50.0,0.0,0.0,0.0,0.0,1.0,1.0,0.05,0.525,0.0,0.55,0.2825,False,0,0
3216,202512240329,1.0,1.0,1.0,1.0,68,m1,0,0,1.0,1.0,1.0,1.0,1.0,50.0,0.0,0.0,0.0,0.0,1.0,1.0,0.5,0.525,0.0,0.55,0.4175,False,0,0
3217,202512240330,1.0,1.0,1.0,1.0,72,m1,0,0,1.0,1.0,1.0,1.0,1.0,50.0,0.0,0.0,0.0,0.0,1.0,1.0,0.625,0.525,0.0,0.55,0.45499999999999996,False,0,0
3218,202512240331,1.0,1.0,1.0,1.0,47,m1,0,0,1.0,1.0,1.0,1.0,1.0,50.0,0.0,0.0,0.0,0.0,1.0,1.0,0.25,0.525,0.0,0.55,0.3425,False,0,0
3219,202512240332,1.0,1.0,1.0,1.0,45,m1,0,0,1.0,1.0,1.0,1.0,1.0,50.0,0.0,0.0,0.0,0.0,1.0,1.0,0.25,0.525,0.0,0.55,0.3425,False,0,0
3220,202512240333,1.0,1.0,1.0,1.0,99,m1,0,0,1.0,1.0,1.0,1.0,1.0,50.0,0.0,0.0,0.0,0.0,1.0,1.0,1.0,0.525,0.0,0.55,0.5675,False,0,0
3221,202512240334,1.0,1.0,1.0,1.0,90,m1,0,0,1.0,1.0,1.0,1.0,1.0,50.0,0.0,0.0,0.0,0.0,1.0,1.0,0.9,0.525,0.0,0.55,0.5375,False,0,0
3222,202512240335,1.0,1.0,1.0,1.0,26,m1,0,0,1.0,1.0,1.0,1.0,1.0,50.0,0.0,0.0,0.0,0.0,1.0,1.0,0.1,0.525,0.0,0.55,0.2975,False,0,0
3223,202512240336,1.0,1.0,1.0,1.0,61,m1,0,0,1.0,1.0,1.0,1.0,1.0,50.0,0.0,0.0,0.0,0.0,1.0,1.0,0.45,0.525,0.0,0.55,0.40249999999999997,False,0,0
3224,202512240337,1.0,1.0,1.0,1.0,58,m1,0,0,1.0,1.0,1.0,1.0,1.0,50.0,0.0,0.0,0.0,0.0,1.0,1.0,0.45,0.525,0.0,0.55,0.40249999999999997,False,0,0
3225,202512240338,1.0,1.0,1.0,1.0,72,m1,0,0,1.0,1.0,1.0,1.0,1.0,50.0,0.0,0.0,0.0,0.0,1.0,1.0,0.675,0.525,0.0,0.55,0.47,False,0,0
3226,202512240339,1.0,1.0,1.0,1.0,32,m1,0,0,1.0,1.0,1.0,1.0,1.0,50.0,0.0,0.0,0.0,0.0,1.0,1.0,0.15,0.525,0.0,0.55,0.3125,False,0,0
3227,202512240340,1.0,1.0,1.0,1.0,56,m1,0,0,1.0,1.0,1.0,1.0,1.0,50.0,0.0,0.0,0.0,0.0,1.0,1.0,0.45,0.525,0.0,0.55,0.40249999999999997,False,0,0
3228,202512240341,1.0,1.0,1.0,1.0,43,m1,0,0,1.0,1.0,1.0,1.0,1.0,50.0,0.0,0.0,0.0,0.0,1.0,1.0,0.275,0.525,0.0,0.55,0.35,False,0,0
3229,202512240342,1.0,1.0,1.0,1.0,53,m1,0,0,1.0,1.0,1.0,1.0,1.0,50.0,0.0,0.0,0.0,0.0,1.0,1.0,0.45,0.525,0.0,0.55,0.40249999999999997,False,0,0
3230,202512240343,1.0,1.0,1.0,1.0,86,m1,0,0,1.0,1.0,1.0,1.0,1.0,50.0,0.0,0.0,0.0,0.0,1.0,1.0,0.9,0.525,0.0,0.55,0.5375,False,0,0
3231,202512240344,1.0,1.0,1.0,1.0,45,m1,0,0,1.0,1.0,1.0,1.0,1.0,50.0,0.0,0.0,0.0,0.0,1.0,1.0,0.325,0.525,0.0,0.55,0.365,False,0,0
3232,202512240345,1.0,1.0,1.0,1.0,43,m1,0,0,1.0,1.0,1.0,1.0,1.0,50.0,0.0,0.0,0.0,0.0,1.0,1.0,0.25,0.525,0.0,0.55,0.3425,False,0,0
3233,202512240346,1.0,1.0,1.0,1.0,25,m1,0,0,1.0,1.0,1.0,1.0,1.0,50.0,0.0,0.0,0.0,0.0,1.0,1.0,0.1,0.525,0.0,0.55,0.2975,False,0,0
3234,202512240347,1.0,1.0,1.0,1.0,13,m1,0,0,1.0,1.0,1.0,1.0,1.0,50.0,0.0,0.0,0.0,0.0,1.0,1.0,0.05,0.525,0.0,0.55,0.2825,False,0,0
3235,202512240348,1.0,1.0,1.0,1.0,67,m1,0,0,1.0,1.0,1.0,1.0,1.0,50.0,0.0,0.0,0.0,0.0,1.0,1.0,0.7,0.525,0.0,0.55,0.47750000000000004,False,0,0
3236,202512240349,1.0,1.0,1.0,1.0,48,m1,0,0,1.0,1.0,1.0,1.0,1.0,50.0,0.0,0.0,0.0,0.0,1.0,1.0,0.5,0.525,0.0,0.55,0.4175,False,0,0
3237,202512240350,1.0,1.0,1.0,1.0,43,m1,0,0,1.0,1.0,1.0,1.0,1.0,50.0,0.0,0.0,0.0,0.0,1.0,1.0,0.3,0.525,0.0,0.55,0.35750000000000004,False,0,0
3238,202512240351,1.0,1.0,1.0,1.0,38,m1,0,0,1.0,1.0,1.0,1.0,1.0,50.0,0.0,0.0,0.0,0.0,1.0,1.0,0.25,0.525,0.0,0.55,0.3425,False,0,0
3239,202512240352,1.0,1.0,1.0,1.0,58,m1,0,0,1.0,1.0,1.0,1.0,1.0,50.0,0.0,0.0,0.0,0.0,1.0,1.0,0.675,0.525,0.0,0.55,0.47,False,0,0
3240,202512240353,1.0,1.0,1.0,1.0,55,m1,0,0,1.0,1.0,1.0,1.0,1.0,50.0,0.0,0.0,0.0,0.0,1.0,1.0,0.6,0.525,0.0,0.55,0.4475,False,0,0
3241,202512240354,1.0,1.0,1.0,1.0,44,m1,0,0,1.0,1.0,1.0,1.0,1.0,50.0,0.0,0.0,0.0,0.0,1.0,1.0,0.45,0.525,0.0,0.55,0.40249999999999997,False,0,0
3242,202512240355,1.0,1.0,1.0,1.0,59,m1,0,0,1.0,1.0,1.0,1.0,1.0,50.0,0.0,0.0,0.0,0.0,1.0,1.0,0.8,0.525,0.0,0.55,0.5075,False,0,0
3243,202512240356,1.0,1.0,1.0,1.0,63,m1,0,0,1.0,1.0,1.0,1.0,1.0,50.0,0.0,0.0,0.0,0.0,1.0,1.0,0.85,0.525,0.0,0.55,0.5225,False,0,0
3244,202512240357,1.0,1.0,1.0,1.0,82,m1,0,0,1.0,1.0,1.0,1.0,1.0,50.0,0.0,0.0,0.0,0.0,1.0,1.0,0.95,0.525,0.0,0.55,0.5525,False,0,0
3245,202512240358,1.0,1.0,1.0,1.0,61,m1,0,0,1.0,1.0,1.0,1.0,1.0,50.0,0.0,0.0,0.0,0.0,1.0,1.0,0.8,0.525,0.0,0.55,0.5075,False,0,0
3246,202512240359,1.0,1.0,1.0,1.0,99,m1,0,0,1.0,1.0,1.0,1.0,1.0,50.0,0.0,0.0,0.0,0.0,1.0,1.0,1.0,0.525,0.0,0.55,0.5675,False,0,0
3247,202512240400,1.0,1.0,1.0,1.0,60,m1,0,0,1.0,1.0,1.0,1.0,1.0,50.0,0.0,0.0,0.0,0.0,1.0,1.0,0.7,0.525,0.0,0.55,0.47750000000000004,False,0,0
3248,202512240401,1.0,1.0,1.0,1.0,44,m1,0,0,1.0,1.0,1.0,1.0,1.0,50.0,0.0,0.0,0.0,0.0,1.0,1.0,0.325,0.525,0.0,0.55,0.365,False,0,0
3249,202512240402,1.0,1.0,1.0,1.0,59,m1,0,0,1.0,1.0,1.0,1.0,1.0,50.0,0.0,0.0,0.0,0.0,1.0,1.0,0.625,0.525,0.0,0.55,0.45499999999999996,False,0,0
3250,202512240403,1.0,1.0,1.0,1.0,17,m1,0,0,1.0,1.0,1.0,1.0,1.0,50.0,0.0,0.0,0.0,0.0,1.0,1.0,0.1,0.525,0.0,0.55,0.2975,False,0,0
3251,202512240404,1.0,1.0,1.0,1.0,56,m1,0,0,1.0,1.0,1.0,1.0,1.0,50.0,0.0,0.0,0.0,0.0,1.0,1.0,0.55,0.525,0.0,0.55,0.4325,False,0,0
3252,202512240405,1.0,1.0,1.0,1.0,42,m1,0,0,1.0,1.0,1.0,1.0,1.0,50.0,0.0,0.0,0.0,0.0,1.0,1.0,0.25,0.525,0.0,0.55,0.3425,False,0,0
3253,202512240406,1.0,1.0,1.0,1.0,34,m1,0,0,1.0,1.0,1.0,1.0,1.0,50.0,0.0,0.0,0.0,0.0,1.0,1.0,0.15,0.525,0.0,0.55,0.3125,False,0,0
3254,202512240407,1.0,1.0,1.0,1.0,26,m1,0,0,1.0,1.0,1.0,1.0,1.0,50.0,0.0,0.0,0.0,0.0,1.0,1.0,0.1,0.525,0.0,0.55,0.2975,False,0,0
3255,202512240408,1.0,1.0,1.0,1.0,25,m1,0,0,1.0,1.0,1.0,1.0,1.0,50.0,0.0,0.0,0.0,0.0,1.0,1.0,0.1,0.525,0.0,0.55,0.2975,False,0,0
3256,202512240409,1.0,1.0,1.0,1.0,66,m1,0,0,1.0,1.0,1.0,1.0,1.0,50.0,0.0,0.0,0.0,0.0,1.0,1.0,0.9,0.525,0.0,0.55,0.5375,False,0,0
3257,202512240410,1.0,1.0,1.0,1.0,51,m1,0,0,1.0,1.0,1.0,1.0,1.0,50.0,0.0,0.0,0.0,0.0,1.0,1.0,0.45,0.525,0.0,0.55,0.40249999999999997,False,0,0
3258,202512240411,1.0,1.0,1.0,1.0,41,m1,0,0,1.0,1.0,1.0,1.0,1.0,50.0,0.0,0.0,0.0,0.0,1.0,1.0,0.25,0.525,0.0,0.55,0.3425,False,0,0
3259,202512240412,1.0,1.0,1.0,1.0,43,m1,0,0,1.0,1.0,1.0,1.0,1.0,50.0,0.0,0.0,0.0,0.0,1.0,1.0,0.35,0.525,0.0,0.55,0.37250000000000005,False,0,0
3260,202512240413,1.0,1.0,1.0,1.0,38,m1,0,0,1.0,1.0,1.0,1.0,1.0,50.0,0.0,0.0,0.0,0.0,1.0,1.0,0.25,0.525,0.0,0.55,0.3425,False,0,0
3261,202512240414,1.0,1.0,1.0,1.0,63,m1,0,0,1.0,1.0,1.0,1.0,1.0,50.0,0.0,0.0,0.0,0.0,1.0,1.0,0.825,0.525,0.0,0.55,0.515,False,0,0
3262,202512240415,1.0,1.0,1.0,1.0,39,m1,0,0,1.0,1.0,1.0,1.0,1.0,50.0,0.0,0.0,0.0,0.0,1.0,1.0,0.3,0.525,0.0,0.55,0.35750000000000004,False,0,0
3263,202512240416,1.0,1.0,1.0,1.0,56,m1,0,0,1.0,1.0,1.0,1.0,1.0,50.0,0.0,0.0,0.0,0.0,1.0,1.0,0.625,0.525,0.0,0.55,0.45499999999999996,False,0,0
3264,202512240417,1.0,1.0,1.0,1.0,35,m1,0,0,1.0,1.0,1.0,1.0,1.0,50.0,0.0,0.0,0.0,0.0,1.0,1.0,0.25,0.525,0.0,0.55,0.3425,False,0,0
3265,202512240418,1.0,1.0,1.0,1.0,48,m1,0,0,1.0,1.0,1.0,1.0,1.0,50.0,0.0,0.0,0.0,0.0,1.0,1.0,0.6,0.525,0.0,0.55,0.4475,False,0,0
3266,202512240419,1.0,1.0,1.0,1.0,34,m1,0,0,1.0,1.0,1.0,1.0,1.0,50.0,0.0,0.0,0.0,0.0,1.0,1.0,0.225,0.525,0.0,0.55,0.335,False,0,0
3267,202512240420,1.0,1.0,1.0,1.0,77,m1,0,0,1.0,1.0,1.0,1.0,1.0,50.0,0.0,0.0,0.0,0.0,1.0,1.0,1.0,0.525,0.0,0.55,0.5675,False,0,0
3268,202512240421,1.0,1.0,1.0,1.0,54,m1,0,0,1.0,1.0,1.0,1.0,1.0,50.0,0.0,0.0,0.0,0.0,1.0,1.0,0.7,0.525,0.0,0.55,0.47750000000000004,False,0,0
3269,202512240422,1.0,1.0,1.0,1.0,44,m1,0,0,1.0,1.0,1.0,1.0,1.0,50.0,0.0,0.0,0.0,0.0,1.0,1.0,0.6,0.525,0.0,0.55,0.4475,False,0,0
3270,202512240423,1.0,1.0,1.0,1.0,59,m1,0,0,1.0,1.0,1.0,1.0,1.0,50.0,0.0,0.0,0.0,0.0,1.0,1.0,0.85,0.525,0.0,0.55,0.5225,False,0,0
3271,202512240424,1.0,1.0,1.0,1.0,63,m1,0,0,1.0,1.0,1.0,1.0,1.0,50.0,0.0,0.0,0.0,0.0,1.0,1.0,0.875,0.525,0.0,0.55,0.53,False,0,0
3272,202512240425,1.0,1.0,1.0,1.0,61,m1,0,0,1.0,1.0,1.0,1.0,1.0,50.0,0.0,0.0,0.0,0.0,1.0,1.0,0.8,0.525,0.0,0.55,0.5075,False,0,0
3273,202512240426,1.0,1.0,1.0,1.0,92,m1,0,0,1.0,1.0,1.0,1.0,1.0,50.0,0.0,0.0,0.0,0.0,1.0,1.0,1.0,0.525,0.0,0.55,0.5675,False,0,0
3274,202512240427,1.0,1.0,1.0,1.0,131,m1,0,0,1.0,1.0,1.0,1.0,1.0,50.0,0.0,0.0,0.0,0.0,1.0,1.0,1.0,0.525,0.0,0.55,0.5675,False,0,0
3275,202512240428,1.0,1.0,1.0,1.0,58,m1,0,0,1.0,1.0,1.0,1.0,1.0,50.0,0.0,0.0,0.0,0.0,1.0,1.0,0.6,0.525,0.0,0.55,0.4475,False,0,0
3276,202512240429,1.0,1.0,1.0,1.0,80,m1,0,0,1.0,1.0,1.0,1.0,1.0,50.0,0.0,0.0,0.0,0.0,1.0,1.0,0.9,0.525,0.0,0.55,0.5375,False,0,0
3277,202512240430,1.0,1.0,1.0,1.0,36,m1,0,0,1.0,1.0,1.0,1.0,1.0,50.0,0.0,0.0,0.0,0.0,1.0,1.0,0.15,0.525,0.0,0.55,0.3125,False,0,0
3278,202512240431,1.0,1.0,1.0,1.0,64,m1,0,0,1.0,1.0,1.0,1.0,1.0,50.0,0.0,0.0,0.0,0.0,1.0,1.0,0.8,0.525,0.0,0.55,0.5075,False,0,0
3279,202512240432,1.0,1.0,1.0,1.0,53,m1,0,0,1.0,1.0,1.0,1.0,1.0,50.0,0.0,0.0,0.0,0.0,1.0,1.0,0.4,0.525,0.0,0.55,0.38749999999999996,False,0,0
3280,202512240433,1.0,1.0,1.0,1.0,72,m1,0,0,1.0,1.0,1.0,1.0,1.0,50.0,0.0,0.0,0.0,0.0,1.0,1.0,0.8,0.525,0.0,0.55,0.5075,False,0,0
3281,202512240434,1.0,1.0,1.0,1.0,63,m1,0,0,1.0,1.0,1.0,1.0,1.0,50.0,0.0,0.0,0.0,0.0,1.0,1.0,0.675,0.525,0.0,0.55,0.47,False,0,0
3282,202512240435,1.0,1.0,1.0,1.0,30,m1,0,0,1.0,1.0,1.0,1.0,1.0,50.0,0.0,0.0,0.0,0.0,1.0,1.0,0.05,0.525,0.0,0.55,0.2825,False,0,0
3283,202512240436,1.0,1.0,1.0,1.0,28,m1,0,0,1.0,1.0,1.0,1.0,1.0,50.0,0.0,0.0,0.0,0.0,1.0,1.0,0.05,0.525,0.0,0.55,0.2825,False,0,0
3284,202512240437,1.0,1.0,1.0,1.0,72,m1,0,0,1.0,1.0,1.0,1.0,1.0,50.0,0.0,0.0,0.0,0.0,1.0,1.0,0.775,0.525,0.0,0.55,0.5,False,0,0
3285,202512240438,1.0,1.0,1.0,1.0,54,m1,0,0,1.0,1.0,1.0,1.0,1.0,50.0,0.0,0.0,0.0,0.0,1.0,1.0,0.375,0.525,0.0,0.55,0.38,False,0,0
3286,202512240439,1.0,1.0,1.0,1.0,102,m1,0,0,1.0,1.0,1.0,1.0,1.0,50.0,0.0,0.0,0.0,0.0,1.0,1.0,0.95,0.525,0.0,0.55,0.5525,False,0,0
3287,202512240440,1.0,1.0,1.0,1.0,81,m1,0,0,1.0,1.0,1.0,1.0,1.0,50.0,0.0,0.0,0.0,0.0,1.0,1.0,0.85,0.525,0.0,0.55,0.5225,False,0,0
3288,202512240441,1.0,1.0,1.0,1.0,43,m1,0,0,1.0,1.0,1.0,1.0,1.0,50.0,0.0,0.0,0.0,0.0,1.0,1.0,0.2,0.525,0.0,0.55,0.3275,False,0,0
3289,202512240442,1.0,1.0,1.0,1.0,31,m1,0,0,1.0,1.0,1.0,1.0,1.0,50.0,0.0,0.0,0.0,0.0,1.0,1.0,0.15,0.525,0.0,0.55,0.3125,False,0,0
3290,202512240443,1.0,1.0,1.0,1.0,66,m1,0,0,1.0,1.0,1.0,1.0,1.0,50.0,0.0,0.0,0.0,0.0,1.0,1.0,0.65,0.525,0.0,0.55,0.4625,False,0,0
3291,202512240444,1.0,1.0,1.0,1.0,69,m1,0,0,1.0,1.0,1.0,1.0,1.0,50.0,0.0,0.0,0.0,0.0,1.0,1.0,0.65,0.525,0.0,0.55,0.4625,False,0,0
3292,202512240445,1.0,1.0,1.0,1.0,83,m1,0,0,1.0,1.0,1.0,1.0,1.0,50.0,0.0,0.0,0.0,0.0,1.0,1.0,0.85,0.525,0.0,0.55,0.5225,False,0,0
3293,202512240446,1.0,1.0,1.0,1.0,85,m1,0,0,1.0,1.0,1.0,1.0,1.0,50.0,0.0,0.0,0.0,0.0,1.0,1.0,0.9,0.525,0.0,0.55,0.5375,False,0,0
3294,202512240447,1.0,1.0,1.0,1.0,84,m1,0,0,1.0,1.0,1.0,1.0,1.0,50.0,0.0,0.0,0.0,0.0,1.0,1.0,0.9,0.525,0.0,0.55,0.5375,False,0,0
3295,202512240448,1.0,1.0,1.0,1.0,84,m1,0,0,1.0,1.0,1.0,1.0,1.0,50.0,0.0,0.0,0.0,0.0,1.0,1.0,0.875,0.525,0.0,0.55,0.53,False,0,0
3296,202512240449,1.0,1.0,1.0,1.0,95,m1,0,0,1.0,1.0,1.0,1.0,1.0,50.0,0.0,0.0,0.0,0.0,1.0,1.0,0.95,0.525,0.0,0.55,0.5525,False,0,0
3297,202512240450,1.0,1.0,1.0,1.0,63,m1,0,0,1.0,1.0,1.0,1.0,1.0,50.0,0.0,0.0,0.0,0.0,1.0,1.0,0.375,0.525,0.0,0.55,0.38,False,0,0
3298,202512240451,1.0,1.0,1.0,1.0,25,m1,0,0,1.0,1.0,1.0,1.0,1.0,50.0,0.0,0.0,0.0,0.0,1.0,1.0,0.05,0.525,0.0,0.55,0.2825,False,0,0
3299,202512240452,1.0,1.0,1.0,1.0,83,m1,0,0,1.0,1.0,1.0,1.0,1.0,50.0,0.0,0.0,0.0,0.0,1.0,1.0,0.725,0.525,0.0,0.55,0.485,False,0,0
3300,202512240453,1.0,1.0,1.0,1.0,22,m1,0,0,1.0,1.0,1.0,1.0,1.0,50.0,0.0,0.0,0.0,0.0,1.0,1.0,0.05,0.525,0.0,0.55,0.2825,False,0,0
3301,202512240454,1.0,1.0,1.0,1.0,59,m1,0,0,1.0,1.0,1.0,1.0,1.0,50.0,0.0,0.0,0.0,0.0,1.0,1.0,0.4,0.525,0.0,0.55,0.38749999999999996,False,0,0
3302,202512240455,1.0,1.0,1.0,1.0,50,m1,0,0,1.0,1.0,1.0,1.0,1.0,50.0,0.0,0.0,0.0,0.0,1.0,1.0,0.3,0.525,0.0,0.55,0.35750000000000004,False,0,0
3303,202512240456,1.0,1.0,1.0,1.0,43,m1,0,0,1.0,1.0,1.0,1.0,1.0,50.0,0.0,0.0,0.0,0.0,1.0,1.0,0.225,0.525,0.0,0.55,0.335,False,0,0
3304,202512240457,1.0,1.0,1.0,1.0,54,m1,0,0,1.0,1.0,1.0,1.0,1.0,50.0,0.0,0.0,0.0,0.0,1.0,1.0,0.375,0.525,0.0,0.55,0.38,False,0,0
3305,202512240458,1.0,1.0,1.0,1.0,43,m1,0,0,1.0,1.0,1.0,1.0,1.0,50.0,0.0,0.0,0.0,0.0,1.0,1.0,0.25,0.525,0.0,0.55,0.3425,False,0,0
3306,202512240459,1.0,1.0,1.0,1.0,37,m1,0,0,1.0,1.0,1.0,1.0,1.0,50.0,0.0,0.0,0.0,0.0,1.0,1.0,0.2,0.525,0.0,0.55,0.3275,False,0,0
3307,202512240500,1.0,1.0,1.0,1.0,48,m1,0,0,1.0,1.0,1.0,1.0,1.0,50.0,0.0,0.0,0.0,0.0,1.0,1.0,0.4,0.525,0.0,0.55,0.38749999999999996,False,0,0
3308,202512240501,1.0,1.0,1.0,1.0,49,m1,0,0,1.0,1.0,1.0,1.0,1.0,50.0,0.0,0.0,0.0,0.0,1.0,1.0,0.4,0.525,0.0,0.55,0.38749999999999996,False,0,0
3309,202512240502,1.0,1.0,1.0,1.0,50,m1,0,0,1.0,1.0,1.0,1.0,1.0,50.0,0.0,0.0,0.0,0.0,1.0,1.0,0.425,0.525,0.0,0.55,0.395,False,0,0
3310,202512240503,1.0,1.0,1.0,1.0,48,m1,0,0,1.0,1.0,1.0,1.0,1.0,50.0,0.0,0.0,0.0,0.0,1.0,1.0,0.325,0.525,0.0,0.55,0.365,False,0,0
3311,202512240504,1.0,1.0,1.0,1.0,56,m1,0,0,1.0,1.0,1.0,1.0,1.0,50.0,0.0,0.0,0.0,0.0,1.0,1.0,0.6,0.525,0.0,0.55,0.4475,False,0,0
3312,202512240505,1.0,1.0,1.0,1.0,80,m1,0,0,1.0,1.0,1.0,1.0,1.0,50.0,0.0,0.0,0.0,0.0,1.0,1.0,0.75,0.525,0.0,0.55,0.49249999999999994,False,0,0
3313,202512240506,1.0,1.0,1.0,1.0,56,m1,0,0,1.0,1.0,1.0,1.0,1.0,50.0,0.0,0.0,0.0,0.0,1.0,1.0,0.625,0.525,0.0,0.55,0.45499999999999996,False,0,0
3314,202512240507,1.0,1.0,1.0,1.0,33,m1,0,0,1.0,1.0,1.0,1.0,1.0,50.0,0.0,0.0,0.0,0.0,1.0,1.0,0.15,0.525,0.0,0.55,0.3125,False,0,0
3315,202512240508,1.0,1.0,1.0,1.0,50,m1,0,0,1.0,1.0,1.0,1.0,1.0,50.0,0.0,0.0,0.0,0.0,1.0,1.0,0.55,0.525,0.0,0.55,0.4325,False,0,0
3316,202512240509,1.0,1.0,1.0,1.0,34,m1,0,0,1.0,1.0,1.0,1.0,1.0,50.0,0.0,0.0,0.0,0.0,1.0,1.0,0.2,0.525,0.0,0.55,0.3275,False,0,0
3317,202512240510,1.0,1.0,1.0,1.0,44,m1,0,0,1.0,1.0,1.0,1.0,1.0,50.0,0.0,0.0,0.0,0.0,1.0,1.0,0.4,0.525,0.0,0.55,0.38749999999999996,False,0,0
3318,202512240511,1.0,1.0,1.0,1.0,21,m1,0,0,1.0,1.0,1.0,1.0,1.0,50.0,0.0,0.0,0.0,0.0,1.0,1.0,0.05,0.525,0.0,0.55,0.2825,False,0,0
3319,202512240512,1.0,1.0,1.0,1.0,17,m1,0,0,1.0,1.0,1.0,1.0,1.0,50.0,0.0,0.0,0.0,0.0,1.0,1.0,0.05,0.525,0.0,0.55,0.2825,False,0,0
3320,202512240513,1.0,1.0,1.0,1.0,58,m1,0,0,1.0,1.0,1.0,1.0,1.0,50.0,0.0,0.0,0.0,0.0,1.0,1.0,0.9,0.525,0.0,0.55,0.5375,False,0,0
3321,202512240514,1.0,1.0,1.0,1.0,22,m1,0,0,1.0,1.0,1.0,1.0,1.0,50.0,0.0,0.0,0.0,0.0,1.0,1.0,0.15,0.525,0.0,0.55,0.3125,False,0,0
3322,202512240515,1.0,1.0,1.0,1.0,51,m1,0,0,1.0,1.0,1.0,1.0,1.0,50.0,0.0,0.0,0.0,0.0,1.0,1.0,0.75,0.525,0.0,0.55,0.49249999999999994,False,0,0
3323,202512240516,1.0,1.0,1.0,1.0,27,m1,0,0,1.0,1.0,1.0,1.0,1.0,50.0,0.0,0.0,0.0,0.0,1.0,1.0,0.2,0.525,0.0,0.55,0.3275,False,0,0
3324,202512240517,1.0,1.0,1.0,1.0,44,m1,0,0,1.0,1.0,1.0,1.0,1.0,50.0,0.0,0.0,0.0,0.0,1.0,1.0,0.475,0.525,0.0,0.55,0.41000000000000003,False,0,0
3325,202512240518,1.0,1.0,1.0,1.0,41,m1,0,0,1.0,1.0,1.0,1.0,1.0,50.0,0.0,0.0,0.0,0.0,1.0,1.0,0.4,0.525,0.0,0.55,0.38749999999999996,False,0,0
3326,202512240519,1.0,1.0,1.0,1.0,79,m1,0,0,1.0,1.0,1.0,1.0,1.0,50.0,0.0,0.0,0.0,0.0,1.0,1.0,0.95,0.525,0.0,0.55,0.5525,False,0,0
3327,202512240520,1.0,1.0,1.0,1.0,59,m1,0,0,1.0,1.0,1.0,1.0,1.0,50.0,0.0,0.0,0.0,0.0,1.0,1.0,0.9,0.525,0.0,0.55,0.5375,False,0,0
3328,202512240521,1.0,1.0,1.0,1.0,51,m1,0,0,1.0,1.0,1.0,1.0,1.0,50.0,0.0,0.0,0.0,0.0,1.0,1.0,0.675,0.525,0.0,0.55,0.47,False,0,0
3329,202512240522,1.0,1.0,1.0,1.0,56,m1,0,0,1.0,1.0,1.0,1.0,1.0,50.0,0.0,0.0,0.0,0.0,1.0,1.0,0.75,0.525,0.0,0.55,0.49249999999999994,False,0,0
3330,202512240523,1.0,1.0,1.0,1.0,41,m1,0,0,1.0,1.0,1.0,1.0,1.0,50.0,0.0,0.0,0.0,0.0,1.0,1.0,0.375,0.525,0.0,0.55,0.38,False,0,0
3331,202512240524,1.0,1.0,1.0,1.0,38,m1,0,0,1.0,1.0,1.0,1.0,1.0,50.0,0.0,0.0,0.0,0.0,1.0,1.0,0.35,0.525,0.0,0.55,0.37250000000000005,False,0,0
3332,202512240525,1.0,1.0,1.0,1.0,39,m1,0,0,1.0,1.0,1.0,1.0,1.0,50.0,0.0,0.0,0.0,0.0,1.0,1.0,0.4,0.525,0.0,0.55,0.38749999999999996,False,0,0
3333,202512240526,1.0,1.0,1.0,1.0,41,m1,0,0,1.0,1.0,1.0,1.0,1.0,50.0,0.0,0.0,0.0,0.0,1.0,1.0,0.5,0.525,0.0,0.55,0.4175,False,0,0
3334,202512240527,1.0,1.0,1.0,1.0,18,m1,0,0,1.0,1.0,1.0,1.0,1.0,50.0,0.0,0.0,0.0,0.0,1.0,1.0,0.1,0.525,0.0,0.55,0.2975,False,0,0
3335,202512240528,1.0,1.0,1.0,1.0,47,m1,0,0,1.0,1.0,1.0,1.0,1.0,50.0,0.0,0.0,0.0,0.0,1.0,1.0,0.7,0.525,0.0,0.55,0.47750000000000004,False,0,0
3336,202512240529,1.0,1.0,1.0,1.0,50,m1,0,0,1.0,1.0,1.0,1.0,1.0,50.0,0.0,0.0,0.0,0.0,1.0,1.0,0.7,0.525,0.0,0.55,0.47750000000000004,False,0,0
3337,202512240530,1.0,1.0,1.0,1.0,40,m1,0,0,1.0,1.0,1.0,1.0,1.0,50.0,0.0,0.0,0.0,0.0,1.0,1.0,0.4,0.525,0.0,0.55,0.38749999999999996,False,0,0
3338,202512240531,1.0,1.0,1.0,1.0,43,m1,0,0,1.0,1.0,1.0,1.0,1.0,50.0,0.0,0.0,0.0,0.0,1.0,1.0,0.55,0.525,0.0,0.55,0.4325,False,0,0
3339,202512240532,1.0,1.0,1.0,1.0,30,m1,0,0,1.0,1.0,1.0,1.0,1.0,50.0,0.0,0.0,0.0,0.0,1.0,1.0,0.2,0.525,0.0,0.55,0.3275,False,0,0
3340,202512240533,1.0,1.0,1.0,1.0,30,m1,0,0,1.0,1.0,1.0,1.0,1.0,50.0,0.0,0.0,0.0,0.0,1.0,1.0,0.225,0.525,0.0,0.55,0.335,False,0,0
3341,202512240534,1.0,1.0,1.0,1.0,33,m1,0,0,1.0,1.0,1.0,1.0,1.0,50.0,0.0,0.0,0.0,0.0,1.0,1.0,0.25,0.525,0.0,0.55,0.3425,False,0,0
3342,202512240535,1.0,1.0,1.0,1.0,34,m1,0,0,1.0,1.0,1.0,1.0,1.0,50.0,0.0,0.0,0.0,0.0,1.0,1.0,0.3,0.525,0.0,0.55,0.35750000000000004,False,0,0
3343,202512240536,1.0,1.0,1.0,1.0,56,m1,0,0,1.0,1.0,1.0,1.0,1.0,50.0,0.0,0.0,0.0,0.0,1.0,1.0,0.875,0.525,0.0,0.55,0.53,False,0,0
3344,202512240537,1.0,1.0,1.0,1.0,72,m1,0,0,1.0,1.0,1.0,1.0,1.0,50.0,0.0,0.0,0.0,0.0,1.0,1.0,0.95,0.525,0.0,0.55,0.5525,False,0,0
3345,202512240538,1.0,1.0,1.0,1.0,22,m1,0,0,1.0,1.0,1.0,1.0,1.0,50.0,0.0,0.0,0.0,0.0,1.0,1.0,0.1,0.525,0.0,0.55,0.2975,False,0,0
3346,202512240539,1.0,1.0,1.0,1.0,36,m1,0,0,1.0,1.0,1.0,1.0,1.0,50.0,0.0,0.0,0.0,0.0,1.0,1.0,0.35,0.525,0.0,0.55,0.37250000000000005,False,0,0
3347,202512240540,1.0,1.0,1.0,1.0,48,m1,0,0,1.0,1.0,1.0,1.0,1.0,50.0,0.0,0.0,0.0,0.0,1.0,1.0,0.75,0.525,0.0,0.55,0.49249999999999994,False,0,0
3348,202512240541,1.0,1.0,1.0,1.0,83,m1,0,0,1.0,1.0,1.0,1.0,1.0,50.0,0.0,0.0,0.0,0.0,1.0,1.0,1.0,0.525,0.0,0.55,0.5675,False,0,0
3349,202512240542,1.0,1.0,1.0,1.0,117,m1,0,0,1.0,1.0,1.0,1.0,1.0,50.0,0.0,0.0,0.0,0.0,1.0,1.0,1.0,0.525,0.0,0.55,0.5675,False,0,0
3350,202512240543,1.0,1.0,1.0,1.0,82,m1,0,0,1.0,1.0,1.0,1.0,1.0,50.0,0.0,0.0,0.0,0.0,1.0,1.0,0.9,0.525,0.0,0.55,0.5375,False,0,0
3351,202512240544,1.0,1.0,1.0,1.0,81,m1,0,0,1.0,1.0,1.0,1.0,1.0,50.0,0.0,0.0,0.0,0.0,1.0,1.0,0.85,0.525,0.0,0.55,0.5225,False,0,0
3352,202512240545,1.0,1.0,1.0,1.0,143,m1,0,0,1.0,1.0,1.0,1.0,1.0,50.0,0.0,0.0,0.0,0.0,1.0,1.0,1.0,0.525,0.0,0.55,0.5675,False,0,0
3353,202512240546,1.0,1.0,1.0,1.0,67,m1,0,0,1.0,1.0,1.0,1.0,1.0,50.0,0.0,0.0,0.0,0.0,1.0,1.0,0.7,0.525,0.0,0.55,0.47750000000000004,False,0,0
3354,202512240547,1.0,1.0,1.0,1.0,54,m1,0,0,1.0,1.0,1.0,1.0,1.0,50.0,0.0,0.0,0.0,0.0,1.0,1.0,0.6,0.525,0.0,0.55,0.4475,False,0,0
3355,202512240548,1.0,1.0,1.0,1.0,136,m1,0,0,1.0,1.0,1.0,1.0,1.0,50.0,0.0,0.0,0.0,0.0,1.0,1.0,0.95,0.525,0.0,0.55,0.5525,False,0,0
3356,202512240549,1.0,1.0,1.0,1.0,87,m1,0,0,1.0,1.0,1.0,1.0,1.0,50.0,0.0,0.0,0.0,0.0,1.0,1.0,0.85,0.525,0.0,0.55,0.5225,False,0,0
3357,202512240550,1.0,1.0,1.0,1.0,76,m1,0,0,1.0,1.0,1.0,1.0,1.0,50.0,0.0,0.0,0.0,0.0,1.0,1.0,0.65,0.525,0.0,0.55,0.4625,False,0,0
3358,202512240551,1.0,1.0,1.0,1.0,95,m1,0,0,1.0,1.0,1.0,1.0,1.0,50.0,0.0,0.0,0.0,0.0,1.0,1.0,0.85,0.525,0.0,0.55,0.5225,False,0,0
3359,202512240552,1.0,1.0,1.0,1.0,91,m1,0,0,1.0,1.0,1.0,1.0,1.0,50.0,0.0,0.0,0.0,0.0,1.0,1.0,0.8,0.525,0.0,0.55,0.5075,False,0,0
3360,202512240553,1.0,1.0,1.0,1.0,85,m1,0,0,1.0,1.0,1.0,1.0,1.0,50.0,0.0,0.0,0.0,0.0,1.0,1.0,0.7,0.525,0.0,0.55,0.47750000000000004,False,0,0
3361,202512240554,1.0,1.0,1.0,1.0,65,m1,0,0,1.0,1.0,1.0,1.0,1.0,50.0,0.0,0.0,0.0,0.0,1.0,1.0,0.35,0.525,0.0,0.55,0.37250000000000005,False,0,0
3362,202512240555,1.0,1.0,1.0,1.0,85,m1,0,0,1.0,1.0,1.0,1.0,1.0,50.0,0.0,0.0,0.0,0.0,1.0,1.0,0.675,0.525,0.0,0.55,0.47,False,0,0
3363,202512240556,1.0,1.0,1.0,1.0,40,m1,0,0,1.0,1.0,1.0,1.0,1.0,50.0,0.0,0.0,0.0,0.0,1.0,1.0,0.15,0.525,0.0,0.55,0.3125,False,0,0
3364,202512240557,1.0,1.0,1.0,1.0,83,m1,0,0,1.0,1.0,1.0,1.0,1.0,50.0,0.0,0.0,0.0,0.0,1.0,1.0,0.575,0.525,0.0,0.55,0.43999999999999995,False,0,0
3365,202512240558,1.0,1.0,1.0,1.0,161,m1,0,0,1.0,1.0,1.0,1.0,1.0,50.0,0.0,0.0,0.0,0.0,1.0,1.0,1.0,0.525,0.0,0.55,0.5675,False,0,0
3366,202512240559,1.0,1.0,1.0,1.0,120,m1,0,0,1.0,1.0,1.0,1.0,1.0,50.0,0.0,0.0,0.0,0.0,1.0,1.0,0.85,0.525,0.0,0.55,0.5225,False,0,0
3367,202512240600,1.0,1.0,1.0,1.0,133,m1,0,0,1.0,1.0,1.0,1.0,1.0,50.0,0.0,0.0,0.0,0.0,1.0,1.0,0.85,0.525,0.0,0.55,0.5225,False,0,0
3368,202512240601,1.0,1.0,1.0,1.0,147,m1,0,0,1.0,1.0,1.0,1.0,1.0,50.0,0.0,0.0,0.0,0.0,1.0,1.0,0.95,0.525,0.0,0.55,0.5525,False,0,0
3369,202512240602,1.0,1.0,1.0,1.0,97,m1,0,0,1.0,1.0,1.0,1.0,1.0,50.0,0.0,0.0,0.0,0.0,1.0,1.0,0.7,0.525,0.0,0.55,0.47750000000000004,False,0,0
3370,202512240603,1.0,1.0,1.0,1.0,65,m1,0,0,1.0,1.0,1.0,1.0,1.0,50.0,0.0,0.0,0.0,0.0,1.0,1.0,0.175,0.525,0.0,0.55,0.32,False,0,0
3371,202512240604,1.0,1.0,1.0,1.0,71,m1,0,0,1.0,1.0,1.0,1.0,1.0,50.0,0.0,0.0,0.0,0.0,1.0,1.0,0.3,0.525,0.0,0.55,0.35750000000000004,False,0,0
3372,202512240605,1.0,1.0,1.0,1.0,56,m1,0,0,1.0,1.0,1.0,1.0,1.0,50.0,0.0,0.0,0.0,0.0,1.0,1.0,0.15,0.525,0.0,0.55,0.3125,False,0,0
3373,202512240606,1.0,1.0,1.0,1.0,70,m1,0,0,1.0,1.0,1.0,1.0,1.0,50.0,0.0,0.0,0.0,0.0,1.0,1.0,0.3,0.525,0.0,0.55,0.35750000000000004,False,0,0
3374,202512240607,1.0,1.0,1.0,1.0,54,m1,0,0,1.0,1.0,1.0,1.0,1.0,50.0,0.0,0.0,0.0,0.0,1.0,1.0,0.1,0.525,0.0,0.55,0.2975,False,0,0
3375,202512240608,1.0,1.0,1.0,1.0,95,m1,0,0,1.0,1.0,1.0,1.0,1.0,50.0,0.0,0.0,0.0,0.0,1.0,1.0,0.725,0.525,0.0,0.55,0.485,False,0,0
3376,202512240609,1.0,1.0,1.0,1.0,87,m1,0,0,1.0,1.0,1.0,1.0,1.0,50.0,0.0,0.0,0.0,0.0,1.0,1.0,0.6,0.525,0.0,0.55,0.4475,False,0,0
3377,202512240610,1.0,1.0,1.0,1.0,84,m1,0,0,1.0,1.0,1.0,1.0,1.0,50.0,0.0,0.0,0.0,0.0,1.0,1.0,0.45,0.525,0.0,0.55,0.40249999999999997,False,0,0
3378,202512240611,1.0,1.0,1.0,1.0,66,m1,0,0,1.0,1.0,1.0,1.0,1.0,50.0,0.0,0.0,0.0,0.0,1.0,1.0,0.3,0.525,0.0,0.55,0.35750000000000004,False,0,0
3379,202512240612,1.0,1.0,1.0,1.0,72,m1,0,0,1.0,1.0,1.0,1.0,1.0,50.0,0.0,0.0,0.0,0.0,1.0,1.0,0.45,0.525,0.0,0.55,0.40249999999999997,False,0,0
3380,202512240613,1.0,1.0,1.0,1.0,58,m1,0,0,1.0,1.0,1.0,1.0,1.0,50.0,0.0,0.0,0.0,0.0,1.0,1.0,0.2,0.525,0.0,0.55,0.3275,False,0,0
3381,202512240614,1.0,1.0,1.0,1.0,72,m1,0,0,1.0,1.0,1.0,1.0,1.0,50.0,0.0,0.0,0.0,0.0,1.0,1.0,0.475,0.525,0.0,0.55,0.41000000000000003,False,0,0
3382,202512240615,1.0,1.0,1.0,1.0,149,m1,0,0,1.0,1.0,1.0,1.0,1.0,50.0,0.0,0.0,0.0,0.0,1.0,1.0,0.95,0.525,0.0,0.55,0.5525,False,0,0
3383,202512240616,1.0,1.0,1.0,1.0,92,m1,0,0,1.0,1.0,1.0,1.0,1.0,50.0,0.0,0.0,0.0,0.0,1.0,1.0,0.65,0.525,0.0,0.55,0.4625,False,0,0
3384,202512240617,1.0,1.0,1.0,1.0,40,m1,0,0,1.0,1.0,1.0,1.0,1.0,50.0,0.0,0.0,0.0,0.0,1.0,1.0,0.05,0.525,0.0,0.55,0.2825,False,0,0
3385,202512240618,1.0,1.0,1.0,1.0,40,m1,0,0,1.0,1.0,1.0,1.0,1.0,50.0,0.0,0.0,0.0,0.0,1.0,1.0,0.075,0.525,0.0,0.55,0.29000000000000004,False,0,0
3386,202512240619,1.0,1.0,1.0,1.0,59,m1,0,0,1.0,1.0,1.0,1.0,1.0,50.0,0.0,0.0,0.0,0.0,1.0,1.0,0.3,0.525,0.0,0.55,0.35750000000000004,False,0,0
3387,202512240620,1.0,1.0,1.0,1.0,52,m1,0,0,1.0,1.0,1.0,1.0,1.0,50.0,0.0,0.0,0.0,0.0,1.0,1.0,0.15,0.525,0.0,0.55,0.3125,False,0,0
3388,202512240621,1.0,1.0,1.0,1.0,65,m1,0,0,1.0,1.0,1.0,1.0,1.0,50.0,0.0,0.0,0.0,0.0,1.0,1.0,0.425,0.525,0.0,0.55,0.395,False,0,0
3389,202512240622,1.0,1.0,1.0,1.0,90,m1,0,0,1.0,1.0,1.0,1.0,1.0,50.0,0.0,0.0,0.0,0.0,1.0,1.0,0.85,0.525,0.0,0.55,0.5225,False,0,0
3390,202512240623,1.0,1.0,1.0,1.0,94,m1,0,0,1.0,1.0,1.0,1.0,1.0,50.0,0.0,0.0,0.0,0.0,1.0,1.0,0.9,0.525,0.0,0.55,0.5375,False,0,0
3391,202512240624,1.0,1.0,1.0,1.0,108,m1,0,0,1.0,1.0,1.0,1.0,1.0,50.0,0.0,0.0,0.0,0.0,1.0,1.0,0.95,0.525,0.0,0.55,0.5525,False,0,0
3392,202512240625,1.0,1.0,1.0,1.0,58,m1,0,0,1.0,1.0,1.0,1.0,1.0,50.0,0.0,0.0,0.0,0.0,1.0,1.0,0.275,0.525,0.0,0.55,0.35,False,0,0
3393,202512240626,1.0,1.0,1.0,1.0,90,m1,0,0,1.0,1.0,1.0,1.0,1.0,50.0,0.0,0.0,0.0,0.0,1.0,1.0,0.725,0.525,0.0,0.55,0.485,False,0,0
3394,202512240627,1.0,1.0,1.0,1.0,141,m1,0,0,1.0,1.0,1.0,1.0,1.0,50.0,0.0,0.0,0.0,0.0,1.0,1.0,0.95,0.525,0.0,0.55,0.5525,False,0,0
3395,202512240628,1.0,1.0,1.0,1.0,173,m1,0,0,1.0,1.0,1.0,1.0,1.0,50.0,0.0,0.0,0.0,0.0,1.0,1.0,1.0,0.525,0.0,0.55,0.5675,False,0,0
3396,202512240629,1.0,1.0,1.0,1.0,82,m1,0,0,1.0,1.0,1.0,1.0,1.0,50.0,0.0,0.0,0.0,0.0,1.0,1.0,0.55,0.525,0.0,0.55,0.4325,False,0,0
3397,202512240630,1.0,1.0,1.0,1.0,87,m1,0,0,1.0,1.0,1.0,1.0,1.0,50.0,0.0,0.0,0.0,0.0,1.0,1.0,0.6,0.525,0.0,0.55,0.4475,False,0,0
3398,202512240631,1.0,1.0,1.0,1.0,29,m1,0,0,1.0,1.0,1.0,1.0,1.0,50.0,0.0,0.0,0.0,0.0,1.0,1.0,0.05,0.525,0.0,0.55,0.2825,False,0,0
3399,202512240632,1.0,1.0,1.0,1.0,43,m1,0,0,1.0,1.0,1.0,1.0,1.0,50.0,0.0,0.0,0.0,0.0,1.0,1.0,0.2,0.525,0.0,0.55,0.3275,False,0,0
3400,202512240633,1.0,1.0,1.0,1.0,44,m1,0,0,1.0,1.0,1.0,1.0,1.0,50.0,0.0,0.0,0.0,0.0,1.0,1.0,0.25,0.525,0.0,0.55,0.3425,False,0,0
3401,202512240634,1.0,1.0,1.0,1.0,18,m1,0,0,1.0,1.0,1.0,1.0,1.0,50.0,0.0,0.0,0.0,0.0,1.0,1.0,0.05,0.525,0.0,0.55,0.2825,False,0,0
3402,202512240635,1.0,1.0,1.0,1.0,35,m1,0,0,1.0,1.0,1.0,1.0,1.0,50.0,0.0,0.0,0.0,0.0,1.0,1.0,0.15,0.525,0.0,0.55,0.3125,False,0,0
3403,202512240636,1.0,1.0,1.0,1.0,40,m1,0,0,1.0,1.0,1.0,1.0,1.0,50.0,0.0,0.0,0.0,0.0,1.0,1.0,0.25,0.525,0.0,0.55,0.3425,False,0,0
3404,202512240637,1.0,1.0,1.0,1.0,30,m1,0,0,1.0,1.0,1.0,1.0,1.0,50.0,0.0,0.0,0.0,0.0,1.0,1.0,0.15,0.525,0.0,0.55,0.3125,False,0,0
3405,202512240638,1.0,1.0,1.0,1.0,34,m1,0,0,1.0,1.0,1.0,1.0,1.0,50.0,0.0,0.0,0.0,0.0,1.0,1.0,0.2,0.525,0.0,0.55,0.3275,False,0,0
3406,202512240639,1.0,1.0,1.0,1.0,29,m1,0,0,1.0,1.0,1.0,1.0,1.0,50.0,0.0,0.0,0.0,0.0,1.0,1.0,0.125,0.525,0.0,0.55,0.30500000000000005,False,0,0
3407,202512240640,1.0,1.0,1.0,1.0,72,m1,0,0,1.0,1.0,1.0,1.0,1.0,50.0,0.0,0.0,0.0,0.0,1.0,1.0,0.6,0.525,0.0,0.55,0.4475,False,0,0
3408,202512240641,1.0,1.0,1.0,1.0,54,m1,0,0,1.0,1.0,1.0,1.0,1.0,50.0,0.0,0.0,0.0,0.0,1.0,1.0,0.5,0.525,0.0,0.55,0.4175,False,0,0
3409,202512240642,1.0,1.0,1.0,1.0,63,m1,0,0,1.0,1.0,1.0,1.0,1.0,50.0,0.0,0.0,0.0,0.0,1.0,1.0,0.6,0.525,0.0,0.55,0.4475,False,0,0
3410,202512240643,1.0,1.0,1.0,1.0,45,m1,0,0,1.0,1.0,1.0,1.0,1.0,50.0,0.0,0.0,0.0,0.0,1.0,1.0,0.5,0.525,0.0,0.55,0.4175,False,0,0
3411,202512240644,1.0,1.0,1.0,1.0,88,m1,0,0,1.0,1.0,1.0,1.0,1.0,50.0,0.0,0.0,0.0,0.0,1.0,1.0,0.85,0.525,0.0,0.55,0.5225,False,0,0
3412,202512240645,1.0,1.0,1.0,1.0,133,m1,0,0,1.0,1.0,1.0,1.0,1.0,50.0,0.0,0.0,0.0,0.0,1.0,1.0,0.9,0.525,0.0,0.55,0.5375,False,0,0
3413,202512240646,1.0,1.0,1.0,1.0,95,m1,0,0,1.0,1.0,1.0,1.0,1.0,50.0,0.0,0.0,0.0,0.0,1.0,1.0,0.85,0.525,0.0,0.55,0.5225,False,0,0
3414,202512240647,1.0,1.0,1.0,1.0,99,m1,0,0,1.0,1.0,1.0,1.0,1.0,50.0,0.0,0.0,0.0,0.0,1.0,1.0,0.9,0.525,0.0,0.55,0.5375,False,0,0
3415,202512240648,1.0,1.0,1.0,1.0,85,m1,0,0,1.0,1.0,1.0,1.0,1.0,50.0,0.0,0.0,0.0,0.0,1.0,1.0,0.75,0.525,0.0,0.55,0.49249999999999994,False,0,0
3416,202512240649,1.0,1.0,1.0,1.0,76,m1,0,0,1.0,1.0,1.0,1.0,1.0,50.0,0.0,0.0,0.0,0.0,1.0,1.0,0.7,0.525,0.0,0.55,0.47750000000000004,False,0,0
3417,202512240650,1.0,1.0,1.0,1.0,55,m1,0,0,1.0,1.0,1.0,1.0,1.0,50.0,0.0,0.0,0.0,0.0,1.0,1.0,0.6,0.525,0.0,0.55,0.4475,False,0,0
3418,202512240651,1.0,1.0,1.0,1.0,41,m1,0,0,1.0,1.0,1.0,1.0,1.0,50.0,0.0,0.0,0.0,0.0,1.0,1.0,0.35,0.525,0.0,0.55,0.37250000000000005,False,0,0
3419,202512240652,1.0,1.0,1.0,1.0,55,m1,0,0,1.0,1.0,1.0,1.0,1.0,50.0,0.0,0.0,0.0,0.0,1.0,1.0,0.575,0.525,0.0,0.55,0.43999999999999995,False,0,0
3420,202512240653,1.0,1.0,1.0,1.0,114,m1,0,0,1.0,1.0,1.0,1.0,1.0,50.0,0.0,0.0,0.0,0.0,1.0,1.0,0.95,0.525,0.0,0.55,0.5525,False,0,0
3421,202512240654,1.0,1.0,1.0,1.0,76,m1,0,0,1.0,1.0,1.0,1.0,1.0,50.0,0.0,0.0,0.0,0.0,1.0,1.0,0.675,0.525,0.0,0.55,0.47,False,0,0
3422,202512240655,1.0,1.0,1.0,1.0,69,m1,0,0,1.0,1.0,1.0,1.0,1.0,50.0,0.0,0.0,0.0,0.0,1.0,1.0,0.55,0.525,0.0,0.55,0.4325,False,0,0
3423,202512240656,1.0,1.0,1.0,1.0,112,m1,0,0,1.0,1.0,1.0,1.0,1.0,50.0,0.0,0.0,0.0,0.0,1.0,1.0,0.9,0.525,0.0,0.55,0.5375,False,0,0
3424,202512240657,1.0,1.0,1.0,1.0,82,m1,0,0,1.0,1.0,1.0,1.0,1.0,50.0,0.0,0.0,0.0,0.0,1.0,1.0,0.65,0.525,0.0,0.55,0.4625,False,0,0
3425,202512240658,1.0,1.0,1.0,1.0,122,m1,0,0,1.0,1.0,1.0,1.0,1.0,50.0,0.0,0.0,0.0,0.0,1.0,1.0,0.95,0.525,0.0,0.55,0.5525,False,0,0
3426,202512240659,1.0,1.0,1.0,1.0,109,m1,0,0,1.0,1.0,1.0,1.0,1.0,50.0,0.0,0.0,0.0,0.0,1.0,1.0,0.8,0.525,0.0,0.55,0.5075,False,0,0
3427,202512240700,1.0,1.0,1.0,1.0,234,m1,0,0,1.0,1.0,1.0,1.0,1.0,50.0,0.0,0.0,0.0,0.0,1.0,1.0,1.0,0.525,0.0,0.55,0.5675,False,0,0
3428,202512240701,1.0,1.0,1.0,1.0,185,m1,0,0,1.0,1.0,1.0,1.0,1.0,50.0,0.0,0.0,0.0,0.0,1.0,1.0,0.95,0.525,0.0,0.55,0.5525,False,0,0
3429,202512240702,1.0,1.0,1.0,1.0,168,m1,0,0,1.0,1.0,1.0,1.0,1.0,50.0,0.0,0.0,0.0,0.0,1.0,1.0,0.9,0.525,0.0,0.55,0.5375,False,0,0
3430,202512240703,1.0,1.0,1.0,1.0,138,m1,0,0,1.0,1.0,1.0,1.0,1.0,50.0,0.0,0.0,0.0,0.0,1.0,1.0,0.85,0.525,0.0,0.55,0.5225,False,0,0
3431,202512240704,1.0,1.0,1.0,1.0,142,m1,0,0,1.0,1.0,1.0,1.0,1.0,50.0,0.0,0.0,0.0,0.0,1.0,1.0,0.85,0.525,0.0,0.55,0.5225,False,0,0
3432,202512240705,1.0,1.0,1.0,1.0,174,m1,0,0,1.0,1.0,1.0,1.0,1.0,50.0,0.0,0.0,0.0,0.0,1.0,1.0,0.9,0.525,0.0,0.55,0.5375,False,0,0
3433,202512240706,1.0,1.0,1.0,1.0,136,m1,0,0,1.0,1.0,1.0,1.0,1.0,50.0,0.0,0.0,0.0,0.0,1.0,1.0,0.7,0.525,0.0,0.55,0.47750000000000004,False,0,0
3434,202512240707,1.0,1.0,1.0,1.0,170,m1,0,0,1.0,1.0,1.0,1.0,1.0,50.0,0.0,0.0,0.0,0.0,1.0,1.0,0.85,0.525,0.0,0.55,0.5225,False,0,0
3435,202512240708,1.0,1.0,1.0,1.0,170,m1,0,0,1.0,1.0,1.0,1.0,1.0,50.0,0.0,0.0,0.0,0.0,1.0,1.0,0.825,0.525,0.0,0.55,0.515,False,0,0
3436,202512240709,1.0,1.0,1.0,1.0,95,m1,0,0,1.0,1.0,1.0,1.0,1.0,50.0,0.0,0.0,0.0,0.0,1.0,1.0,0.35,0.525,0.0,0.55,0.37250000000000005,False,0,0
3437,202512240710,1.0,1.0,1.0,1.0,104,m1,0,0,1.0,1.0,1.0,1.0,1.0,50.0,0.0,0.0,0.0,0.0,1.0,1.0,0.35,0.525,0.0,0.55,0.37250000000000005,False,0,0
3438,202512240711,1.0,1.0,1.0,1.0,84,m1,0,0,1.0,1.0,1.0,1.0,1.0,50.0,0.0,0.0,0.0,0.0,1.0,1.0,0.25,0.525,0.0,0.55,0.3425,False,0,0
3439,202512240712,1.0,1.0,1.0,1.0,67,m1,0,0,1.0,1.0,1.0,1.0,1.0,50.0,0.0,0.0,0.0,0.0,1.0,1.0,0.05,0.525,0.0,0.55,0.2825,False,0,0
3440,202512240713,1.0,1.0,1.0,1.0,125,m1,0,0,1.0,1.0,1.0,1.0,1.0,50.0,0.0,0.0,0.0,0.0,1.0,1.0,0.55,0.525,0.0,0.55,0.4325,False,0,0
3441,202512240714,1.0,1.0,1.0,1.0,134,m1,0,0,1.0,1.0,1.0,1.0,1.0,50.0,0.0,0.0,0.0,0.0,1.0,1.0,0.55,0.525,0.0,0.55,0.4325,False,0,0
3442,202512240715,1.0,1.0,1.0,1.0,123,m1,0,0,1.0,1.0,1.0,1.0,1.0,50.0,0.0,0.0,0.0,0.0,1.0,1.0,0.45,0.525,0.0,0.55,0.40249999999999997,False,0,0
3443,202512240716,1.0,1.0,1.0,1.0,84,m1,0,0,1.0,1.0,1.0,1.0,1.0,50.0,0.0,0.0,0.0,0.0,1.0,1.0,0.175,0.525,0.0,0.55,0.32,False,0,0
3444,202512240717,1.0,1.0,1.0,1.0,143,m1,0,0,1.0,1.0,1.0,1.0,1.0,50.0,0.0,0.0,0.0,0.0,1.0,1.0,0.7,0.525,0.0,0.55,0.47750000000000004,False,0,0
3445,202512240718,1.0,1.0,1.0,1.0,92,m1,0,0,1.0,1.0,1.0,1.0,1.0,50.0,0.0,0.0,0.0,0.0,1.0,1.0,0.2,0.525,0.0,0.55,0.3275,False,0,0
3446,202512240719,1.0,1.0,1.0,1.0,69,m1,0,0,1.0,1.0,1.0,1.0,1.0,50.0,0.0,0.0,0.0,0.0,1.0,1.0,0.1,0.525,0.0,0.55,0.2975,False,0,0
3447,202512240720,1.0,1.0,1.0,1.0,102,m1,0,0,1.0,1.0,1.0,1.0,1.0,50.0,0.0,0.0,0.0,0.0,1.0,1.0,0.35,0.525,0.0,0.55,0.37250000000000005,False,0,0
3448,202512240721,1.0,1.0,1.0,1.0,99,m1,0,0,1.0,1.0,1.0,1.0,1.0,50.0,0.0,0.0,0.0,0.0,1.0,1.0,0.35,0.525,0.0,0.55,0.37250000000000005,False,0,0
3449,202512240722,1.0,1.0,1.0,1.0,84,m1,0,0,1.0,1.0,1.0,1.0,1.0,50.0,0.0,0.0,0.0,0.0,1.0,1.0,0.2,0.525,0.0,0.55,0.3275,False,0,0
3450,202512240723,1.0,1.0,1.0,1.0,138,m1,0,0,1.0,1.0,1.0,1.0,1.0,50.0,0.0,0.0,0.0,0.0,1.0,1.0,0.75,0.525,0.0,0.55,0.49249999999999994,False,0,0
3451,202512240724,1.0,1.0,1.0,1.0,119,m1,0,0,1.0,1.0,1.0,1.0,1.0,50.0,0.0,0.0,0.0,0.0,1.0,1.0,0.55,0.525,0.0,0.55,0.4325,False,0,0
3452,202512240725,1.0,1.0,1.0,1.0,102,m1,0,0,1.0,1.0,1.0,1.0,1.0,50.0,0.0,0.0,0.0,0.0,1.0,1.0,0.475,0.525,0.0,0.55,0.41000000000000003,False,0,0
3453,202512240726,1.0,1.0,1.0,1.0,180,m1,0,0,1.0,1.0,1.0,1.0,1.0,50.0,0.0,0.0,0.0,0.0,1.0,1.0,1.0,0.525,0.0,0.55,0.5675,False,0,0
3454,202512240727,1.0,1.0,1.0,1.0,228,m1,0,0,1.0,1.0,1.0,1.0,1.0,50.0,0.0,0.0,0.0,0.0,1.0,1.0,1.0,0.525,0.0,0.55,0.5675,False,0,0
3455,202512240728,1.0,1.0,1.0,1.0,213,m1,0,0,1.0,1.0,1.0,1.0,1.0,50.0,0.0,0.0,0.0,0.0,1.0,1.0,0.95,0.525,0.0,0.55,0.5525,False,0,0
3456,202512240729,1.0,1.0,1.0,1.0,160,m1,0,0,1.0,1.0,1.0,1.0,1.0,50.0,0.0,0.0,0.0,0.0,1.0,1.0,0.85,0.525,0.0,0.55,0.5225,False,0,0
3457,202512240730,1.0,1.0,1.0,1.0,94,m1,0,0,1.0,1.0,1.0,1.0,1.0,50.0,0.0,0.0,0.0,0.0,1.0,1.0,0.35,0.525,0.0,0.55,0.37250000000000005,False,0,0
3458,202512240731,1.0,1.0,1.0,1.0,68,m1,0,0,1.0,1.0,1.0,1.0,1.0,50.0,0.0,0.0,0.0,0.0,1.0,1.0,0.1,0.525,0.0,0.55,0.2975,False,0,0
3459,202512240732,1.0,1.0,1.0,1.0,144,m1,0,0,1.0,1.0,1.0,1.0,1.0,50.0,0.0,0.0,0.0,0.0,1.0,1.0,0.8,0.525,0.0,0.55,0.5075,False,0,0
3460,202512240733,1.0,1.0,1.0,1.0,133,m1,0,0,1.0,1.0,1.0,1.0,1.0,50.0,0.0,0.0,0.0,0.0,1.0,1.0,0.6,0.525,0.0,0.55,0.4475,False,0,0
3461,202512240734,1.0,1.0,1.0,1.0,115,m1,0,0,1.0,1.0,1.0,1.0,1.0,50.0,0.0,0.0,0.0,0.0,1.0,1.0,0.5,0.525,0.0,0.55,0.4175,False,0,0
3462,202512240735,1.0,1.0,1.0,1.0,132,m1,0,0,1.0,1.0,1.0,1.0,1.0,50.0,0.0,0.0,0.0,0.0,1.0,1.0,0.6,0.525,0.0,0.55,0.4475,False,0,0
3463,202512240736,1.0,1.0,1.0,1.0,58,m1,0,0,1.0,1.0,1.0,1.0,1.0,50.0,0.0,0.0,0.0,0.0,1.0,1.0,0.05,0.525,0.0,0.55,0.2825,False,0,0
3464,202512240737,1.0,1.0,1.0,1.0,156,m1,0,0,1.0,1.0,1.0,1.0,1.0,50.0,0.0,0.0,0.0,0.0,1.0,1.0,0.8,0.525,0.0,0.55,0.5075,False,0,0
3465,202512240738,1.0,1.0,1.0,1.0,84,m1,0,0,1.0,1.0,1.0,1.0,1.0,50.0,0.0,0.0,0.0,0.0,1.0,1.0,0.225,0.525,0.0,0.55,0.335,False,0,0
3466,202512240739,1.0,1.0,1.0,1.0,51,m1,0,0,1.0,1.0,1.0,1.0,1.0,50.0,0.0,0.0,0.0,0.0,1.0,1.0,0.05,0.525,0.0,0.55,0.2825,False,0,0
3467,202512240740,1.0,1.0,1.0,1.0,86,m1,0,0,1.0,1.0,1.0,1.0,1.0,50.0,0.0,0.0,0.0,0.0,1.0,1.0,0.3,0.525,0.0,0.55,0.35750000000000004,False,0,0
3468,202512240741,1.0,1.0,1.0,1.0,89,m1,0,0,1.0,1.0,1.0,1.0,1.0,50.0,0.0,0.0,0.0,0.0,1.0,1.0,0.35,0.525,0.0,0.55,0.37250000000000005,False,0,0
3469,202512240742,1.0,1.0,1.0,1.0,66,m1,0,0,1.0,1.0,1.0,1.0,1.0,50.0,0.0,0.0,0.0,0.0,1.0,1.0,0.15,0.525,0.0,0.55,0.3125,False,0,0
3470,202512240743,1.0,1.0,1.0,1.0,72,m1,0,0,1.0,1.0,1.0,1.0,1.0,50.0,0.0,0.0,0.0,0.0,1.0,1.0,0.25,0.525,0.0,0.55,0.3425,False,0,0
3471,202512240744,1.0,1.0,1.0,1.0,29,m1,0,0,1.0,1.0,1.0,1.0,1.0,50.0,0.0,0.0,0.0,0.0,1.0,1.0,0.05,0.525,0.0,0.55,0.2825,False,0,0
3472,202512240745,1.0,1.0,1.0,1.0,96,m1,0,0,1.0,1.0,1.0,1.0,1.0,50.0,0.0,0.0,0.0,0.0,1.0,1.0,0.55,0.525,0.0,0.55,0.4325,False,0,0
3473,202512240746,1.0,1.0,1.0,1.0,68,m1,0,0,1.0,1.0,1.0,1.0,1.0,50.0,0.0,0.0,0.0,0.0,1.0,1.0,0.275,0.525,0.0,0.55,0.35,False,0,0
3474,202512240747,1.0,1.0,1.0,1.0,86,m1,0,0,1.0,1.0,1.0,1.0,1.0,50.0,0.0,0.0,0.0,0.0,1.0,1.0,0.475,0.525,0.0,0.55,0.41000000000000003,False,0,0
3475,202512240748,1.0,1.0,1.0,1.0,197,m1,0,0,1.0,1.0,1.0,1.0,1.0,50.0,0.0,0.0,0.0,0.0,1.0,1.0,1.0,0.525,0.0,0.55,0.5675,False,0,0
3476,202512240749,1.0,1.0,1.0,1.0,94,m1,0,0,1.0,1.0,1.0,1.0,1.0,50.0,0.0,0.0,0.0,0.0,1.0,1.0,0.625,0.525,0.0,0.55,0.45499999999999996,False,0,0
3477,202512240750,1.0,1.0,1.0,1.0,86,m1,0,0,1.0,1.0,1.0,1.0,1.0,50.0,0.0,0.0,0.0,0.0,1.0,1.0,0.5,0.525,0.0,0.55,0.4175,False,0,0
3478,202512240751,1.0,1.0,1.0,1.0,116,m1,0,0,1.0,1.0,1.0,1.0,1.0,50.0,0.0,0.0,0.0,0.0,1.0,1.0,0.75,0.525,0.0,0.55,0.49249999999999994,False,0,0
3479,202512240752,1.0,1.0,1.0,1.0,98,m1,0,0,1.0,1.0,1.0,1.0,1.0,50.0,0.0,0.0,0.0,0.0,1.0,1.0,0.7,0.525,0.0,0.55,0.47750000000000004,False,0,0
3480,202512240753,1.0,1.0,1.0,1.0,74,m1,0,0,1.0,1.0,1.0,1.0,1.0,50.0,0.0,0.0,0.0,0.0,1.0,1.0,0.35,0.525,0.0,0.55,0.37250000000000005,False,0,0
3481,202512240754,1.0,1.0,1.0,1.0,130,m1,0,0,1.0,1.0,1.0,1.0,1.0,50.0,0.0,0.0,0.0,0.0,1.0,1.0,0.85,0.525,0.0,0.55,0.5225,False,0,0
3482,202512240755,1.0,1.0,1.0,1.0,237,m1,0,0,1.0,1.0,1.0,1.0,1.0,50.0,0.0,0.0,0.0,0.0,1.0,1.0,1.0,0.525,0.0,0.55,0.5675,False,0,0
3483,202512240756,1.0,1.0,1.0,1.0,186,m1,0,0,1.0,1.0,1.0,1.0,1.0,50.0,0.0,0.0,0.0,0.0,1.0,1.0,0.9,0.525,0.0,0.55,0.5375,False,0,0
3484,202512240757,1.0,1.0,1.0,1.0,255,m1,0,0,1.0,1.0,1.0,1.0,1.0,50.0,0.0,0.0,0.0,0.0,1.0,1.0,1.0,0.525,0.0,0.55,0.5675,False,0,0
3485,202512240758,1.0,1.0,1.0,1.0,155,m1,0,0,1.0,1.0,1.0,1.0,1.0,50.0,0.0,0.0,0.0,0.0,1.0,1.0,0.8,0.525,0.0,0.55,0.5075,False,0,0
3486,202512240759,1.0,1.0,1.0,1.0,196,m1,0,0,1.0,1.0,1.0,1.0,1.0,50.0,0.0,0.0,0.0,0.0,1.0,1.0,0.85,0.525,0.0,0.55,0.5225,False,0,0
3487,202512240800,1.0,1.0,1.0,1.0,449,m1,0,0,1.0,1.0,1.0,1.0,1.0,50.0,0.0,0.0,0.0,0.0,1.0,1.0,1.0,0.525,0.0,0.55,0.5675,False,0,0
3488,202512240801,1.0,1.0,1.0,1.0,254,m1,0,0,1.0,1.0,1.0,1.0,1.0,50.0,0.0,0.0,0.0,0.0,1.0,1.0,0.9,0.525,0.0,0.55,0.5375,False,0,0
3489,202512240802,1.0,1.0,1.0,1.0,195,m1,0,0,1.0,1.0,1.0,1.0,1.0,50.0,0.0,0.0,0.0,0.0,1.0,1.0,0.7,0.525,0.0,0.55,0.47750000000000004,False,0,0
3490,202512240803,1.0,1.0,1.0,1.0,184,m1,0,0,1.0,1.0,1.0,1.0,1.0,50.0,0.0,0.0,0.0,0.0,1.0,1.0,0.6,0.525,0.0,0.55,0.4475,False,0,0
3491,202512240804,1.0,1.0,1.0,1.0,213,m1,0,0,1.0,1.0,1.0,1.0,1.0,50.0,0.0,0.0,0.0,0.0,1.0,1.0,0.8,0.525,0.0,0.55,0.5075,False,0,0
3492,202512240805,1.0,1.0,1.0,1.0,190,m1,0,0,1.0,1.0,1.0,1.0,1.0,50.0,0.0,0.0,0.0,0.0,1.0,1.0,0.6,0.525,0.0,0.55,0.4475,False,0,0
3493,202512240806,1.0,1.0,1.0,1.0,152,m1,0,0,1.0,1.0,1.0,1.0,1.0,50.0,0.0,0.0,0.0,0.0,1.0,1.0,0.4,0.525,0.0,0.55,0.38749999999999996,False,0,0
3494,202512240807,1.0,1.0,1.0,1.0,168,m1,0,0,1.0,1.0,1.0,1.0,1.0,50.0,0.0,0.0,0.0,0.0,1.0,1.0,0.45,0.525,0.0,0.55,0.40249999999999997,False,0,0
3495,202512240808,1.0,1.0,1.0,1.0,162,m1,0,0,1.0,1.0,1.0,1.0,1.0,50.0,0.0,0.0,0.0,0.0,1.0,1.0,0.45,0.525,0.0,0.55,0.40249999999999997,False,0,0
3496,202512240809,1.0,1.0,1.0,1.0,88,m1,0,0,1.0,1.0,1.0,1.0,1.0,50.0,0.0,0.0,0.0,0.0,1.0,1.0,0.15,0.525,0.0,0.55,0.3125,False,0,0
3497,202512240810,1.0,1.0,1.0,1.0,118,m1,0,0,1.0,1.0,1.0,1.0,1.0,50.0,0.0,0.0,0.0,0.0,1.0,1.0,0.25,0.525,0.0,0.55,0.3425,False,0,0
3498,202512240811,1.0,1.0,1.0,1.0,113,m1,0,0,1.0,1.0,1.0,1.0,1.0,50.0,0.0,0.0,0.0,0.0,1.0,1.0,0.2,0.525,0.0,0.55,0.3275,False,0,0
3499,202512240812,1.0,1.0,1.0,1.0,185,m1,0,0,1.0,1.0,1.0,1.0,1.0,50.0,0.0,0.0,0.0,0.0,1.0,1.0,0.55,0.525,0.0,0.55,0.4325,False,0,0
3500,202512240813,1.0,1.0,1.0,1.0,207,m1,0,0,1.0,1.0,1.0,1.0,1.0,50.0,0.0,0.0,0.0,0.0,1.0,1.0,0.75,0.525,0.0,0.55,0.49249999999999994,False,0,0
3501,202512240814,1.0,1.0,1.0,1.0,113,m1,0,0,1.0,1.0,1.0,1.0,1.0,50.0,0.0,0.0,0.0,0.0,1.0,1.0,0.125,0.525,0.0,0.55,0.30500000000000005,False,0,0
3502,202512240815,1.0,1.0,1.0,1.0,193,m1,0,0,1.0,1.0,1.0,1.0,1.0,50.0,0.0,0.0,0.0,0.0,1.0,1.0,0.65,0.525,0.0,0.55,0.4625,False,0,0
3503,202512240816,1.0,1.0,1.0,1.0,127,m1,0,0,1.0,1.0,1.0,1.0,1.0,50.0,0.0,0.0,0.0,0.0,1.0,1.0,0.25,0.525,0.0,0.55,0.3425,False,0,0
3504,202512240817,1.0,1.0,1.0,1.0,129,m1,0,0,1.0,1.0,1.0,1.0,1.0,50.0,0.0,0.0,0.0,0.0,1.0,1.0,0.3,0.525,0.0,0.55,0.35750000000000004,False,0,0
3505,202512240818,1.0,1.0,1.0,1.0,95,m1,0,0,1.0,1.0,1.0,1.0,1.0,50.0,0.0,0.0,0.0,0.0,1.0,1.0,0.1,0.525,0.0,0.55,0.2975,False,0,0
3506,202512240819,1.0,1.0,1.0,1.0,142,m1,0,0,1.0,1.0,1.0,1.0,1.0,50.0,0.0,0.0,0.0,0.0,1.0,1.0,0.4,0.525,0.0,0.55,0.38749999999999996,False,0,0
3507,202512240820,1.0,1.0,1.0,1.0,105,m1,0,0,1.0,1.0,1.0,1.0,1.0,50.0,0.0,0.0,0.0,0.0,1.0,1.0,0.15,0.525,0.0,0.55,0.3125,False,0,0
3508,202512240821,1.0,1.0,1.0,1.0,104,m1,0,0,1.0,1.0,1.0,1.0,1.0,50.0,0.0,0.0,0.0,0.0,1.0,1.0,0.15,0.525,0.0,0.55,0.3125,False,0,0
3509,202512240822,1.0,1.0,1.0,1.0,168,m1,0,0,1.0,1.0,1.0,1.0,1.0,50.0,0.0,0.0,0.0,0.0,1.0,1.0,0.675,0.525,0.0,0.55,0.47,False,0,0
3510,202512240823,1.0,1.0,1.0,1.0,149,m1,0,0,1.0,1.0,1.0,1.0,1.0,50.0,0.0,0.0,0.0,0.0,1.0,1.0,0.55,0.525,0.0,0.55,0.4325,False,0,0
3511,202512240824,1.0,1.0,1.0,1.0,120,m1,0,0,1.0,1.0,1.0,1.0,1.0,50.0,0.0,0.0,0.0,0.0,1.0,1.0,0.4,0.525,0.0,0.55,0.38749999999999996,False,0,0
3512,202512240825,1.0,1.0,1.0,1.0,142,m1,0,0,1.0,1.0,1.0,1.0,1.0,50.0,0.0,0.0,0.0,0.0,1.0,1.0,0.575,0.525,0.0,0.55,0.43999999999999995,False,0,0
3513,202512240826,1.0,1.0,1.0,1.0,112,m1,0,0,1.0,1.0,1.0,1.0,1.0,50.0,0.0,0.0,0.0,0.0,1.0,1.0,0.25,0.525,0.0,0.55,0.3425,False,0,0
3514,202512240827,1.0,1.0,1.0,1.0,163,m1,0,0,1.0,1.0,1.0,1.0,1.0,50.0,0.0,0.0,0.0,0.0,1.0,1.0,0.8,0.525,0.0,0.55,0.5075,False,0,0
3515,202512240828,1.0,1.0,1.0,1.0,139,m1,0,0,1.0,1.0,1.0,1.0,1.0,50.0,0.0,0.0,0.0,0.0,1.0,1.0,0.6,0.525,0.0,0.55,0.4475,False,0,0
3516,202512240829,1.0,1.0,1.0,1.0,143,m1,0,0,1.0,1.0,1.0,1.0,1.0,50.0,0.0,0.0,0.0,0.0,1.0,1.0,0.7,0.525,0.0,0.55,0.47750000000000004,False,0,0
3517,202512240830,1.0,1.0,1.0,1.0,146,m1,0,0,1.0,1.0,1.0,1.0,1.0,50.0,0.0,0.0,0.0,0.0,1.0,1.0,0.7,0.525,0.0,0.55,0.47750000000000004,False,0,0
3518,202512240831,1.0,1.0,1.0,1.0,180,m1,0,0,1.0,1.0,1.0,1.0,1.0,50.0,0.0,0.0,0.0,0.0,1.0,1.0,0.85,0.525,0.0,0.55,0.5225,False,0,0
3519,202512240832,1.0,1.0,1.0,1.0,138,m1,0,0,1.0,1.0,1.0,1.0,1.0,50.0,0.0,0.0,0.0,0.0,1.0,1.0,0.45,0.525,0.0,0.55,0.40249999999999997,False,0,0
3520,202512240833,1.0,1.0,1.0,1.0,129,m1,0,0,1.0,1.0,1.0,1.0,1.0,50.0,0.0,0.0,0.0,0.0,1.0,1.0,0.425,0.525,0.0,0.55,0.395,False,0,0
3521,202512240834,1.0,1.0,1.0,1.0,108,m1,0,0,1.0,1.0,1.0,1.0,1.0,50.0,0.0,0.0,0.0,0.0,1.0,1.0,0.2,0.525,0.0,0.55,0.3275,False,0,0
3522,202512240835,1.0,1.0,1.0,1.0,105,m1,0,0,1.0,1.0,1.0,1.0,1.0,50.0,0.0,0.0,0.0,0.0,1.0,1.0,0.175,0.525,0.0,0.55,0.32,False,0,0
3523,202512240836,1.0,1.0,1.0,1.0,128,m1,0,0,1.0,1.0,1.0,1.0,1.0,50.0,0.0,0.0,0.0,0.0,1.0,1.0,0.4,0.525,0.0,0.55,0.38749999999999996,False,0,0
3524,202512240837,1.0,1.0,1.0,1.0,201,m1,0,0,1.0,1.0,1.0,1.0,1.0,50.0,0.0,0.0,0.0,0.0,1.0,1.0,1.0,0.525,0.0,0.55,0.5675,False,0,0
3525,202512240838,1.0,1.0,1.0,1.0,183,m1,0,0,1.0,1.0,1.0,1.0,1.0,50.0,0.0,0.0,0.0,0.0,1.0,1.0,0.95,0.525,0.0,0.55,0.5525,False,0,0
3526,202512240839,1.0,1.0,1.0,1.0,130,m1,0,0,1.0,1.0,1.0,1.0,1.0,50.0,0.0,0.0,0.0,0.0,1.0,1.0,0.45,0.525,0.0,0.55,0.40249999999999997,False,0,0
3527,202512240840,1.0,1.0,1.0,1.0,166,m1,0,0,1.0,1.0,1.0,1.0,1.0,50.0,0.0,0.0,0.0,0.0,1.0,1.0,0.8,0.525,0.0,0.55,0.5075,False,0,0
3528,202512240841,1.0,1.0,1.0,1.0,114,m1,0,0,1.0,1.0,1.0,1.0,1.0,50.0,0.0,0.0,0.0,0.0,1.0,1.0,0.2,0.525,0.0,0.55,0.3275,False,0,0
3529,202512240842,1.0,1.0,1.0,1.0,127,m1,0,0,1.0,1.0,1.0,1.0,1.0,50.0,0.0,0.0,0.0,0.0,1.0,1.0,0.3,0.525,0.0,0.55,0.35750000000000004,False,0,0
3530,202512240843,1.0,1.0,1.0,1.0,164,m1,0,0,1.0,1.0,1.0,1.0,1.0,50.0,0.0,0.0,0.0,0.0,1.0,1.0,0.8,0.525,0.0,0.55,0.5075,False,0,0
3531,202512240844,1.0,1.0,1.0,1.0,144,m1,0,0,1.0,1.0,1.0,1.0,1.0,50.0,0.0,0.0,0.0,0.0,1.0,1.0,0.65,0.525,0.0,0.55,0.4625,False,0,0
3532,202512240845,1.0,1.0,1.0,1.0,132,m1,0,0,1.0,1.0,1.0,1.0,1.0,50.0,0.0,0.0,0.0,0.0,1.0,1.0,0.45,0.525,0.0,0.55,0.40249999999999997,False,0,0
3533,202512240846,1.0,1.0,1.0,1.0,107,m1,0,0,1.0,1.0,1.0,1.0,1.0,50.0,0.0,0.0,0.0,0.0,1.0,1.0,0.1,0.525,0.0,0.55,0.2975,False,0,0
3534,202512240847,1.0,1.0,1.0,1.0,75,m1,0,0,1.0,1.0,1.0,1.0,1.0,50.0,0.0,0.0,0.0,0.0,1.0,1.0,0.05,0.525,0.0,0.55,0.2825,False,0,0
3535,202512240848,1.0,1.0,1.0,1.0,123,m1,0,0,1.0,1.0,1.0,1.0,1.0,50.0,0.0,0.0,0.0,0.0,1.0,1.0,0.3,0.525,0.0,0.55,0.35750000000000004,False,0,0
3536,202512240849,1.0,1.0,1.0,1.0,116,m1,0,0,1.0,1.0,1.0,1.0,1.0,50.0,0.0,0.0,0.0,0.0,1.0,1.0,0.3,0.525,0.0,0.55,0.35750000000000004,False,0,0
3537,202512240850,1.0,1.0,1.0,1.0,148,m1,0,0,1.0,1.0,1.0,1.0,1.0,50.0,0.0,0.0,0.0,0.0,1.0,1.0,0.75,0.525,0.0,0.55,0.49249999999999994,False,0,0
3538,202512240851,1.0,1.0,1.0,1.0,85,m1,0,0,1.0,1.0,1.0,1.0,1.0,50.0,0.0,0.0,0.0,0.0,1.0,1.0,0.1,0.525,0.0,0.55,0.2975,False,0,0
3539,202512240852,1.0,1.0,1.0,1.0,56,m1,0,0,1.0,1.0,1.0,1.0,1.0,50.0,0.0,0.0,0.0,0.0,1.0,1.0,0.05,0.525,0.0,0.55,0.2825,False,0,0
3540,202512240853,1.0,1.0,1.0,1.0,120,m1,0,0,1.0,1.0,1.0,1.0,1.0,50.0,0.0,0.0,0.0,0.0,1.0,1.0,0.45,0.525,0.0,0.55,0.40249999999999997,False,0,0
3541,202512240854,1.0,1.0,1.0,1.0,156,m1,0,0,1.0,1.0,1.0,1.0,1.0,50.0,0.0,0.0,0.0,0.0,1.0,1.0,0.8,0.525,0.0,0.55,0.5075,False,0,0
3542,202512240855,1.0,1.0,1.0,1.0,133,m1,0,0,1.0,1.0,1.0,1.0,1.0,50.0,0.0,0.0,0.0,0.0,1.0,1.0,0.65,0.525,0.0,0.55,0.4625,False,0,0
3543,202512240856,1.0,1.0,1.0,1.0,120,m1,0,0,1.0,1.0,1.0,1.0,1.0,50.0,0.0,0.0,0.0,0.0,1.0,1.0,0.375,0.525,0.0,0.55,0.38,False,0,0
3544,202512240857,1.0,1.0,1.0,1.0,126,m1,0,0,1.0,1.0,1.0,1.0,1.0,50.0,0.0,0.0,0.0,0.0,1.0,1.0,0.5,0.525,0.0,0.55,0.4175,False,0,0
3545,202512240858,1.0,1.0,1.0,1.0,207,m1,0,0,1.0,1.0,1.0,1.0,1.0,50.0,0.0,0.0,0.0,0.0,1.0,1.0,1.0,0.525,0.0,0.55,0.5675,False,0,0
3546,202512240859,1.0,1.0,1.0,1.0,116,m1,0,0,1.0,1.0,1.0,1.0,1.0,50.0,0.0,0.0,0.0,0.0,1.0,1.0,0.325,0.525,0.0,0.55,0.365,False,0,0
3547,202512240900,1.0,1.0,1.0,1.0,100,m1,0,0,1.0,1.0,1.0,1.0,1.0,50.0,0.0,0.0,0.0,0.0,1.0,1.0,0.2,0.525,0.0,0.55,0.3275,False,0,0
3548,202512240901,1.0,1.0,1.0,1.0,64,m1,0,0,1.0,1.0,1.0,1.0,1.0,50.0,0.0,0.0,0.0,0.0,1.0,1.0,0.1,0.525,0.0,0.55,0.2975,False,0,0
3549,202512240902,1.0,1.0,1.0,1.0,54,m1,0,0,1.0,1.0,1.0,1.0,1.0,50.0,0.0,0.0,0.0,0.0,1.0,1.0,0.05,0.525,0.0,0.55,0.2825,False,0,0
3550,202512240903,1.0,1.0,1.0,1.0,150,m1,0,0,1.0,1.0,1.0,1.0,1.0,50.0,0.0,0.0,0.0,0.0,1.0,1.0,0.9,0.525,0.0,0.55,0.5375,False,0,0
3551,202512240904,1.0,1.0,1.0,1.0,109,m1,0,0,1.0,1.0,1.0,1.0,1.0,50.0,0.0,0.0,0.0,0.0,1.0,1.0,0.4,0.525,0.0,0.55,0.38749999999999996,False,0,0
3552,202512240905,1.0,1.0,1.0,1.0,113,m1,0,0,1.0,1.0,1.0,1.0,1.0,50.0,0.0,0.0,0.0,0.0,1.0,1.0,0.45,0.525,0.0,0.55,0.40249999999999997,False,0,0
3553,202512240906,1.0,1.0,1.0,1.0,82,m1,0,0,1.0,1.0,1.0,1.0,1.0,50.0,0.0,0.0,0.0,0.0,1.0,1.0,0.25,0.525,0.0,0.55,0.3425,False,0,0
3554,202512240907,1.0,1.0,1.0,1.0,78,m1,0,0,1.0,1.0,1.0,1.0,1.0,50.0,0.0,0.0,0.0,0.0,1.0,1.0,0.2,0.525,0.0,0.55,0.3275,False,0,0
3555,202512240908,1.0,1.0,1.0,1.0,67,m1,0,0,1.0,1.0,1.0,1.0,1.0,50.0,0.0,0.0,0.0,0.0,1.0,1.0,0.2,0.525,0.0,0.55,0.3275,False,0,0
3556,202512240909,1.0,1.0,1.0,1.0,82,m1,0,0,1.0,1.0,1.0,1.0,1.0,50.0,0.0,0.0,0.0,0.0,1.0,1.0,0.325,0.525,0.0,0.55,0.365,False,0,0
3557,202512240910,1.0,1.0,1.0,1.0,92,m1,0,0,1.0,1.0,1.0,1.0,1.0,50.0,0.0,0.0,0.0,0.0,1.0,1.0,0.45,0.525,0.0,0.55,0.40249999999999997,False,0,0
3558,202512240911,1.0,1.0,1.0,1.0,125,m1,0,0,1.0,1.0,1.0,1.0,1.0,50.0,0.0,0.0,0.0,0.0,1.0,1.0,0.75,0.525,0.0,0.55,0.49249999999999994,False,0,0
3559,202512240912,1.0,1.0,1.0,1.0,82,m1,0,0,1.0,1.0,1.0,1.0,1.0,50.0,0.0,0.0,0.0,0.0,1.0,1.0,0.3,0.525,0.0,0.55,0.35750000000000004,False,0,0
3560,202512240913,1.0,1.0,1.0,1.0,91,m1,0,0,1.0,1.0,1.0,1.0,1.0,50.0,0.0,0.0,0.0,0.0,1.0,1.0,0.4,0.525,0.0,0.55,0.38749999999999996,False,0,0
3561,202512240914,1.0,1.0,1.0,1.0,125,m1,0,0,1.0,1.0,1.0,1.0,1.0,50.0,0.0,0.0,0.0,0.0,1.0,1.0,0.775,0.525,0.0,0.55,0.5,False,0,0
3562,202512240915,1.0,1.0,1.0,1.0,140,m1,0,0,1.0,1.0,1.0,1.0,1.0,50.0,0.0,0.0,0.0,0.0,1.0,1.0,0.9,0.525,0.0,0.55,0.5375,False,0,0
3563,202512240916,1.0,1.0,1.0,1.0,114,m1,0,0,1.0,1.0,1.0,1.0,1.0,50.0,0.0,0.0,0.0,0.0,1.0,1.0,0.65,0.525,0.0,0.55,0.4625,False,0,0
3564,202512240917,1.0,1.0,1.0,1.0,159,m1,0,0,1.0,1.0,1.0,1.0,1.0,50.0,0.0,0.0,0.0,0.0,1.0,1.0,0.95,0.525,0.0,0.55,0.5525,False,0,0
3565,202512240918,1.0,1.0,1.0,1.0,116,m1,0,0,1.0,1.0,1.0,1.0,1.0,50.0,0.0,0.0,0.0,0.0,1.0,1.0,0.725,0.525,0.0,0.55,0.485,False,0,0
3566,202512240919,1.0,1.0,1.0,1.0,135,m1,0,0,1.0,1.0,1.0,1.0,1.0,50.0,0.0,0.0,0.0,0.0,1.0,1.0,0.85,0.525,0.0,0.55,0.5225,False,0,0
3567,202512240920,1.0,1.0,1.0,1.0,111,m1,0,0,1.0,1.0,1.0,1.0,1.0,50.0,0.0,0.0,0.0,0.0,1.0,1.0,0.55,0.525,0.0,0.55,0.4325,False,0,0
3568,202512240921,1.0,1.0,1.0,1.0,106,m1,0,0,1.0,1.0,1.0,1.0,1.0,50.0,0.0,0.0,0.0,0.0,1.0,1.0,0.45,0.525,0.0,0.55,0.40249999999999997,False,0,0
3569,202512240922,1.0,1.0,1.0,1.0,127,m1,0,0,1.0,1.0,1.0,1.0,1.0,50.0,0.0,0.0,0.0,0.0,1.0,1.0,0.8,0.525,0.0,0.55,0.5075,False,0,0
3570,202512240923,1.0,1.0,1.0,1.0,112,m1,0,0,1.0,1.0,1.0,1.0,1.0,50.0,0.0,0.0,0.0,0.0,1.0,1.0,0.55,0.525,0.0,0.55,0.4325,False,0,0
3571,202512240924,1.0,1.0,1.0,1.0,91,m1,0,0,1.0,1.0,1.0,1.0,1.0,50.0,0.0,0.0,0.0,0.0,1.0,1.0,0.325,0.525,0.0,0.55,0.365,False,0,0
3572,202512240925,1.0,1.0,1.0,1.0,132,m1,0,0,1.0,1.0,1.0,1.0,1.0,50.0,0.0,0.0,0.0,0.0,1.0,1.0,0.85,0.525,0.0,0.55,0.5225,False,0,0
3573,202512240926,1.0,1.0,1.0,1.0,62,m1,0,0,1.0,1.0,1.0,1.0,1.0,50.0,0.0,0.0,0.0,0.0,1.0,1.0,0.05,0.525,0.0,0.55,0.2825,False,0,0
3574,202512240927,1.0,1.0,1.0,1.0,110,m1,0,0,1.0,1.0,1.0,1.0,1.0,50.0,0.0,0.0,0.0,0.0,1.0,1.0,0.45,0.525,0.0,0.55,0.40249999999999997,False,0,0
3575,202512240928,1.0,1.0,1.0,1.0,99,m1,0,0,1.0,1.0,1.0,1.0,1.0,50.0,0.0,0.0,0.0,0.0,1.0,1.0,0.35,0.525,0.0,0.55,0.37250000000000005,False,0,0
3576,202512240929,1.0,1.0,1.0,1.0,176,m1,0,0,1.0,1.0,1.0,1.0,1.0,50.0,0.0,0.0,0.0,0.0,1.0,1.0,1.0,0.525,0.0,0.55,0.5675,False,0,0
3577,202512240930,1.0,1.0,1.0,1.0,156,m1,0,0,1.0,1.0,1.0,1.0,1.0,50.0,0.0,0.0,0.0,0.0,1.0,1.0,0.9,0.525,0.0,0.55,0.5375,False,0,0
3578,202512240931,1.0,1.0,1.0,1.0,115,m1,0,0,1.0,1.0,1.0,1.0,1.0,50.0,0.0,0.0,0.0,0.0,1.0,1.0,0.55,0.525,0.0,0.55,0.4325,False,0,0
3579,202512240932,1.0,1.0,1.0,1.0,64,m1,0,0,1.0,1.0,1.0,1.0,1.0,50.0,0.0,0.0,0.0,0.0,1.0,1.0,0.1,0.525,0.0,0.55,0.2975,False,0,0
3580,202512240933,1.0,1.0,1.0,1.0,85,m1,0,0,1.0,1.0,1.0,1.0,1.0,50.0,0.0,0.0,0.0,0.0,1.0,1.0,0.15,0.525,0.0,0.55,0.3125,False,0,0
3581,202512240934,1.0,1.0,1.0,1.0,84,m1,0,0,1.0,1.0,1.0,1.0,1.0,50.0,0.0,0.0,0.0,0.0,1.0,1.0,0.15,0.525,0.0,0.55,0.3125,False,0,0
3582,202512240935,1.0,1.0,1.0,1.0,113,m1,0,0,1.0,1.0,1.0,1.0,1.0,50.0,0.0,0.0,0.0,0.0,1.0,1.0,0.55,0.525,0.0,0.55,0.4325,False,0,0
3583,202512240936,1.0,1.0,1.0,1.0,84,m1,0,0,1.0,1.0,1.0,1.0,1.0,50.0,0.0,0.0,0.0,0.0,1.0,1.0,0.175,0.525,0.0,0.55,0.32,False,0,0
3584,202512240937,1.0,1.0,1.0,1.0,52,m1,0,0,1.0,1.0,1.0,1.0,1.0,50.0,0.0,0.0,0.0,0.0,1.0,1.0,0.05,0.525,0.0,0.55,0.2825,False,0,0
3585,202512240938,1.0,1.0,1.0,1.0,56,m1,0,0,1.0,1.0,1.0,1.0,1.0,50.0,0.0,0.0,0.0,0.0,1.0,1.0,0.1,0.525,0.0,0.55,0.2975,False,0,0
3586,202512240939,1.0,1.0,1.0,1.0,72,m1,0,0,1.0,1.0,1.0,1.0,1.0,50.0,0.0,0.0,0.0,0.0,1.0,1.0,0.25,0.525,0.0,0.55,0.3425,False,0,0
3587,202512240940,1.0,1.0,1.0,1.0,92,m1,0,0,1.0,1.0,1.0,1.0,1.0,50.0,0.0,0.0,0.0,0.0,1.0,1.0,0.5,0.525,0.0,0.55,0.4175,False,0,0
3588,202512240941,1.0,1.0,1.0,1.0,68,m1,0,0,1.0,1.0,1.0,1.0,1.0,50.0,0.0,0.0,0.0,0.0,1.0,1.0,0.25,0.525,0.0,0.55,0.3425,False,0,0
3589,202512240942,1.0,1.0,1.0,1.0,70,m1,0,0,1.0,1.0,1.0,1.0,1.0,50.0,0.0,0.0,0.0,0.0,1.0,1.0,0.3,0.525,0.0,0.55,0.35750000000000004,False,0,0
3590,202512240943,1.0,1.0,1.0,1.0,66,m1,0,0,1.0,1.0,1.0,1.0,1.0,50.0,0.0,0.0,0.0,0.0,1.0,1.0,0.25,0.525,0.0,0.55,0.3425,False,0,0
3591,202512240944,1.0,1.0,1.0,1.0,70,m1,0,0,1.0,1.0,1.0,1.0,1.0,50.0,0.0,0.0,0.0,0.0,1.0,1.0,0.375,0.525,0.0,0.55,0.38,False,0,0
3592,202512240945,1.0,1.0,1.0,1.0,95,m1,0,0,1.0,1.0,1.0,1.0,1.0,50.0,0.0,0.0,0.0,0.0,1.0,1.0,0.7,0.525,0.0,0.55,0.47750000000000004,False,0,0
3593,202512240946,1.0,1.0,1.0,1.0,89,m1,0,0,1.0,1.0,1.0,1.0,1.0,50.0,0.0,0.0,0.0,0.0,1.0,1.0,0.6,0.525,0.0,0.55,0.4475,False,0,0
3594,202512240947,1.0,1.0,1.0,1.0,83,m1,0,0,1.0,1.0,1.0,1.0,1.0,50.0,0.0,0.0,0.0,0.0,1.0,1.0,0.45,0.525,0.0,0.55,0.40249999999999997,False,0,0
3595,202512240948,1.0,1.0,1.0,1.0,81,m1,0,0,1.0,1.0,1.0,1.0,1.0,50.0,0.0,0.0,0.0,0.0,1.0,1.0,0.45,0.525,0.0,0.55,0.40249999999999997,False,0,0
3596,202512240949,1.0,1.0,1.0,1.0,88,m1,0,0,1.0,1.0,1.0,1.0,1.0,50.0,0.0,0.0,0.0,0.0,1.0,1.0,0.7,0.525,0.0,0.55,0.47750000000000004,False,0,0
3597,202512240950,1.0,1.0,1.0,1.0,68,m1,0,0,1.0,1.0,1.0,1.0,1.0,50.0,0.0,0.0,0.0,0.0,1.0,1.0,0.275,0.525,0.0,0.55,0.35,False,0,0
3598,202512240951,1.0,1.0,1.0,1.0,47,m1,0,0,1.0,1.0,1.0,1.0,1.0,50.0,0.0,0.0,0.0,0.0,1.0,1.0,0.05,0.525,0.0,0.55,0.2825,False,0,0
3599,202512240952,1.0,1.0,1.0,1.0,29,m1,0,0,1.0,1.0,1.0,1.0,1.0,50.0,0.0,0.0,0.0,0.0,1.0,1.0,0.05,0.525,0.0,0.55,0.2825,False,0,0
3600,202512240953,1.0,1.0,1.0,1.0,74,m1,0,0,1.0,1.0,1.0,1.0,1.0,50.0,0.0,0.0,0.0,0.0,1.0,1.0,0.55,0.525,0.0,0.55,0.4325,False,0,0
3601,202512240954,1.0,1.0,1.0,1.0,77,m1,0,0,1.0,1.0,1.0,1.0,1.0,50.0,0.0,0.0,0.0,0.0,1.0,1.0,0.6,0.525,0.0,0.55,0.4475,False,0,0
3602,202512240955,1.0,1.0,1.0,1.0,119,m1,0,0,1.0,1.0,1.0,1.0,1.0,50.0,0.0,0.0,0.0,0.0,1.0,1.0,1.0,0.525,0.0,0.55,0.5675,False,0,0
3603,202512240956,1.0,1.0,1.0,1.0,118,m1,0,0,1.0,1.0,1.0,1.0,1.0,50.0,0.0,0.0,0.0,0.0,1.0,1.0,0.95,0.525,0.0,0.55,0.5525,False,0,0
3604,202512240957,1.0,1.0,1.0,1.0,151,m1,0,0,1.0,1.0,1.0,1.0,1.0,50.0,0.0,0.0,0.0,0.0,1.0,1.0,1.0,0.525,0.0,0.55,0.5675,False,0,0
3605,202512240958,1.0,1.0,1.0,1.0,76,m1,0,0,1.0,1.0,1.0,1.0,1.0,50.0,0.0,0.0,0.0,0.0,1.0,1.0,0.5,0.525,0.0,0.55,0.4175,False,0,0
3606,202512240959,1.0,1.0,1.0,1.0,103,m1,0,0,1.0,1.0,1.0,1.0,1.0,50.0,0.0,0.0,0.0,0.0,1.0,1.0,0.85,0.525,0.0,0.55,0.5225,False,0,0
3607,202512241000,1.0,1.0,1.0,1.0,89,m1,0,0,1.0,1.0,1.0,1.0,1.0,50.0,0.0,0.0,0.0,0.0,1.0,1.0,0.725,0.525,0.0,0.55,0.485,False,0,0
3608,202512241001,1.0,1.0,1.0,1.0,144,m1,0,0,1.0,1.0,1.0,1.0,1.0,50.0,0.0,0.0,0.0,0.0,1.0,1.0,0.95,0.525,0.0,0.55,0.5525,False,0,0
3609,202512241002,1.0,1.0,1.0,1.0,181,m1,0,0,1.0,1.0,1.0,1.0,1.0,50.0,0.0,0.0,0.0,0.0,1.0,1.0,1.0,0.525,0.0,0.55,0.5675,False,0,0
3610,202512241003,1.0,1.0,1.0,1.0,155,m1,0,0,1.0,1.0,1.0,1.0,1.0,50.0,0.0,0.0,0.0,0.0,1.0,1.0,0.95,0.525,0.0,0.55,0.5525,False,0,0
3611,202512241004,1.0,1.0,1.0,1.0,171,m1,0,0,1.0,1.0,1.0,1.0,1.0,50.0,0.0,0.0,0.0,0.0,1.0,1.0,0.95,0.525,0.0,0.55,0.5525,False,0,0
3612,202512241005,1.0,1.0,1.0,1.0,116,m1,0,0,1.0,1.0,1.0,1.0,1.0,50.0,0.0,0.0,0.0,0.0,1.0,1.0,0.65,0.525,0.0,0.55,0.4625,False,0,0
3613,202512241006,1.0,1.0,1.0,1.0,102,m1,0,0,1.0,1.0,1.0,1.0,1.0,50.0,0.0,0.0,0.0,0.0,1.0,1.0,0.55,0.525,0.0,0.55,0.4325,False,0,0
3614,202512241007,1.0,1.0,1.0,1.0,91,m1,0,0,1.0,1.0,1.0,1.0,1.0,50.0,0.0,0.0,0.0,0.0,1.0,1.0,0.5,0.525,0.0,0.55,0.4175,False,0,0
3615,202512241008,1.0,1.0,1.0,1.0,110,m1,0,0,1.0,1.0,1.0,1.0,1.0,50.0,0.0,0.0,0.0,0.0,1.0,1.0,0.6,0.525,0.0,0.55,0.4475,False,0,0
3616,202512241009,1.0,1.0,1.0,1.0,112,m1,0,0,1.0,1.0,1.0,1.0,1.0,50.0,0.0,0.0,0.0,0.0,1.0,1.0,0.6,0.525,0.0,0.55,0.4475,False,0,0
3617,202512241010,1.0,1.0,1.0,1.0,116,m1,0,0,1.0,1.0,1.0,1.0,1.0,50.0,0.0,0.0,0.0,0.0,1.0,1.0,0.625,0.525,0.0,0.55,0.45499999999999996,False,0,0
3618,202512241011,1.0,1.0,1.0,1.0,76,m1,0,0,1.0,1.0,1.0,1.0,1.0,50.0,0.0,0.0,0.0,0.0,1.0,1.0,0.175,0.525,0.0,0.55,0.32,False,0,0
3619,202512241012,1.0,1.0,1.0,1.0,90,m1,0,0,1.0,1.0,1.0,1.0,1.0,50.0,0.0,0.0,0.0,0.0,1.0,1.0,0.3,0.525,0.0,0.55,0.35750000000000004,False,0,0
3620,202512241013,1.0,1.0,1.0,1.0,134,m1,0,0,1.0,1.0,1.0,1.0,1.0,50.0,0.0,0.0,0.0,0.0,1.0,1.0,0.75,0.525,0.0,0.55,0.49249999999999994,False,0,0
3621,202512241014,1.0,1.0,1.0,1.0,118,m1,0,0,1.0,1.0,1.0,1.0,1.0,50.0,0.0,0.0,0.0,0.0,1.0,1.0,0.625,0.525,0.0,0.55,0.45499999999999996,False,0,0
3622,202512241015,1.0,1.0,1.0,1.0,100,m1,0,0,1.0,1.0,1.0,1.0,1.0,50.0,0.0,0.0,0.0,0.0,1.0,1.0,0.3,0.525,0.0,0.55,0.35750000000000004,False,0,0
3623,202512241016,1.0,1.0,1.0,1.0,97,m1,0,0,1.0,1.0,1.0,1.0,1.0,50.0,0.0,0.0,0.0,0.0,1.0,1.0,0.3,0.525,0.0,0.55,0.35750000000000004,False,0,0
3624,202512241017,1.0,1.0,1.0,1.0,79,m1,0,0,1.0,1.0,1.0,1.0,1.0,50.0,0.0,0.0,0.0,0.0,1.0,1.0,0.15,0.525,0.0,0.55,0.3125,False,0,0
3625,202512241018,1.0,1.0,1.0,1.0,99,m1,0,0,1.0,1.0,1.0,1.0,1.0,50.0,0.0,0.0,0.0,0.0,1.0,1.0,0.35,0.525,0.0,0.55,0.37250000000000005,False,0,0
3626,202512241019,1.0,1.0,1.0,1.0,63,m1,0,0,1.0,1.0,1.0,1.0,1.0,50.0,0.0,0.0,0.0,0.0,1.0,1.0,0.05,0.525,0.0,0.55,0.2825,False,0,0
3627,202512241020,1.0,1.0,1.0,1.0,127,m1,0,0,1.0,1.0,1.0,1.0,1.0,50.0,0.0,0.0,0.0,0.0,1.0,1.0,0.75,0.525,0.0,0.55,0.49249999999999994,False,0,0
3628,202512241021,1.0,1.0,1.0,1.0,165,m1,0,0,1.0,1.0,1.0,1.0,1.0,50.0,0.0,0.0,0.0,0.0,1.0,1.0,0.9,0.525,0.0,0.55,0.5375,False,0,0
3629,202512241022,1.0,1.0,1.0,1.0,71,m1,0,0,1.0,1.0,1.0,1.0,1.0,50.0,0.0,0.0,0.0,0.0,1.0,1.0,0.1,0.525,0.0,0.55,0.2975,False,0,0
3630,202512241023,1.0,1.0,1.0,1.0,107,m1,0,0,1.0,1.0,1.0,1.0,1.0,50.0,0.0,0.0,0.0,0.0,1.0,1.0,0.55,0.525,0.0,0.55,0.4325,False,0,0
3631,202512241024,1.0,1.0,1.0,1.0,129,m1,0,0,1.0,1.0,1.0,1.0,1.0,50.0,0.0,0.0,0.0,0.0,1.0,1.0,0.9,0.525,0.0,0.55,0.5375,False,0,0
3632,202512241025,1.0,1.0,1.0,1.0,115,m1,0,0,1.0,1.0,1.0,1.0,1.0,50.0,0.0,0.0,0.0,0.0,1.0,1.0,0.7,0.525,0.0,0.55,0.47750000000000004,False,0,0
3633,202512241026,1.0,1.0,1.0,1.0,79,m1,0,0,1.0,1.0,1.0,1.0,1.0,50.0,0.0,0.0,0.0,0.0,1.0,1.0,0.225,0.525,0.0,0.55,0.335,False,0,0
3634,202512241027,1.0,1.0,1.0,1.0,63,m1,0,0,1.0,1.0,1.0,1.0,1.0,50.0,0.0,0.0,0.0,0.0,1.0,1.0,0.075,0.525,0.0,0.55,0.29000000000000004,False,0,0
3635,202512241028,1.0,1.0,1.0,1.0,75,m1,0,0,1.0,1.0,1.0,1.0,1.0,50.0,0.0,0.0,0.0,0.0,1.0,1.0,0.2,0.525,0.0,0.55,0.3275,False,0,0
3636,202512241029,1.0,1.0,1.0,1.0,89,m1,0,0,1.0,1.0,1.0,1.0,1.0,50.0,0.0,0.0,0.0,0.0,1.0,1.0,0.4,0.525,0.0,0.55,0.38749999999999996,False,0,0
3637,202512241030,1.0,1.0,1.0,1.0,97,m1,0,0,1.0,1.0,1.0,1.0,1.0,50.0,0.0,0.0,0.0,0.0,1.0,1.0,0.525,0.525,0.0,0.55,0.42500000000000004,False,0,0
3638,202512241031,1.0,1.0,1.0,1.0,87,m1,0,0,1.0,1.0,1.0,1.0,1.0,50.0,0.0,0.0,0.0,0.0,1.0,1.0,0.35,0.525,0.0,0.55,0.37250000000000005,False,0,0
3639,202512241032,1.0,1.0,1.0,1.0,87,m1,0,0,1.0,1.0,1.0,1.0,1.0,50.0,0.0,0.0,0.0,0.0,1.0,1.0,0.375,0.525,0.0,0.55,0.38,False,0,0
3640,202512241033,1.0,1.0,1.0,1.0,61,m1,0,0,1.0,1.0,1.0,1.0,1.0,50.0,0.0,0.0,0.0,0.0,1.0,1.0,0.05,0.525,0.0,0.55,0.2825,False,0,0
3641,202512241034,1.0,1.0,1.0,1.0,91,m1,0,0,1.0,1.0,1.0,1.0,1.0,50.0,0.0,0.0,0.0,0.0,1.0,1.0,0.55,0.525,0.0,0.55,0.4325,False,0,0
3642,202512241035,1.0,1.0,1.0,1.0,57,m1,0,0,1.0,1.0,1.0,1.0,1.0,50.0,0.0,0.0,0.0,0.0,1.0,1.0,0.05,0.525,0.0,0.55,0.2825,False,0,0
3643,202512241036,1.0,1.0,1.0,1.0,42,m1,0,0,1.0,1.0,1.0,1.0,1.0,50.0,0.0,0.0,0.0,0.0,1.0,1.0,0.05,0.525,0.0,0.55,0.2825,False,0,0
3644,202512241037,1.0,1.0,1.0,1.0,33,m1,0,0,1.0,1.0,1.0,1.0,1.0,50.0,0.0,0.0,0.0,0.0,1.0,1.0,0.05,0.525,0.0,0.55,0.2825,False,0,0
3645,202512241038,1.0,1.0,1.0,1.0,112,m1,0,0,1.0,1.0,1.0,1.0,1.0,50.0,0.0,0.0,0.0,0.0,1.0,1.0,0.8,0.525,0.0,0.55,0.5075,False,0,0
3646,202512241039,1.0,1.0,1.0,1.0,51,m1,0,0,1.0,1.0,1.0,1.0,1.0,50.0,0.0,0.0,0.0,0.0,1.0,1.0,0.15,0.525,0.0,0.55,0.3125,False,0,0
3647,202512241040,1.0,1.0,1.0,1.0,57,m1,0,0,1.0,1.0,1.0,1.0,1.0,50.0,0.0,0.0,0.0,0.0,1.0,1.0,0.225,0.525,0.0,0.55,0.335,False,0,0
3648,202512241041,1.0,1.0,1.0,1.0,80,m1,0,0,1.0,1.0,1.0,1.0,1.0,50.0,0.0,0.0,0.0,0.0,1.0,1.0,0.55,0.525,0.0,0.55,0.4325,False,0,0
3649,202512241042,1.0,1.0,1.0,1.0,107,m1,0,0,1.0,1.0,1.0,1.0,1.0,50.0,0.0,0.0,0.0,0.0,1.0,1.0,0.825,0.525,0.0,0.55,0.515,False,0,0
3650,202512241043,1.0,1.0,1.0,1.0,85,m1,0,0,1.0,1.0,1.0,1.0,1.0,50.0,0.0,0.0,0.0,0.0,1.0,1.0,0.55,0.525,0.0,0.55,0.4325,False,0,0
3651,202512241044,1.0,1.0,1.0,1.0,135,m1,0,0,1.0,1.0,1.0,1.0,1.0,50.0,0.0,0.0,0.0,0.0,1.0,1.0,1.0,0.525,0.0,0.55,0.5675,False,0,0
3652,202512241045,1.0,1.0,1.0,1.0,278,m1,0,0,1.0,1.0,1.0,1.0,1.0,50.0,0.0,0.0,0.0,0.0,1.0,1.0,1.0,0.525,0.0,0.55,0.5675,False,0,0
3653,202512241046,1.0,1.0,1.0,1.0,191,m1,0,0,1.0,1.0,1.0,1.0,1.0,50.0,0.0,0.0,0.0,0.0,1.0,1.0,0.95,0.525,0.0,0.55,0.5525,False,0,0
3654,202512241047,1.0,1.0,1.0,1.0,164,m1,0,0,1.0,1.0,1.0,1.0,1.0,50.0,0.0,0.0,0.0,0.0,1.0,1.0,0.9,0.525,0.0,0.55,0.5375,False,0,0
3655,202512241048,1.0,1.0,1.0,1.0,67,m1,0,0,1.0,1.0,1.0,1.0,1.0,50.0,0.0,0.0,0.0,0.0,1.0,1.0,0.35,0.525,0.0,0.55,0.37250000000000005,False,0,0
3656,202512241049,1.0,1.0,1.0,1.0,128,m1,0,0,1.0,1.0,1.0,1.0,1.0,50.0,0.0,0.0,0.0,0.0,1.0,1.0,0.8,0.525,0.0,0.55,0.5075,False,0,0
3657,202512241050,1.0,1.0,1.0,1.0,117,m1,0,0,1.0,1.0,1.0,1.0,1.0,50.0,0.0,0.0,0.0,0.0,1.0,1.0,0.75,0.525,0.0,0.55,0.49249999999999994,False,0,0
3658,202512241051,1.0,1.0,1.0,1.0,123,m1,0,0,1.0,1.0,1.0,1.0,1.0,50.0,0.0,0.0,0.0,0.0,1.0,1.0,0.75,0.525,0.0,0.55,0.49249999999999994,False,0,0
3659,202512241052,1.0,1.0,1.0,1.0,169,m1,0,0,1.0,1.0,1.0,1.0,1.0,50.0,0.0,0.0,0.0,0.0,1.0,1.0,0.9,0.525,0.0,0.55,0.5375,False,0,0
3660,202512241053,1.0,1.0,1.0,1.0,153,m1,0,0,1.0,1.0,1.0,1.0,1.0,50.0,0.0,0.0,0.0,0.0,1.0,1.0,0.8,0.525,0.0,0.55,0.5075,False,0,0
3661,202512241054,1.0,1.0,1.0,1.0,110,m1,0,0,1.0,1.0,1.0,1.0,1.0,50.0,0.0,0.0,0.0,0.0,1.0,1.0,0.5,0.525,0.0,0.55,0.4175,False,0,0
3662,202512241055,1.0,1.0,1.0,1.0,112,m1,0,0,1.0,1.0,1.0,1.0,1.0,50.0,0.0,0.0,0.0,0.0,1.0,1.0,0.525,0.525,0.0,0.55,0.42500000000000004,False,0,0
3663,202512241056,1.0,1.0,1.0,1.0,98,m1,0,0,1.0,1.0,1.0,1.0,1.0,50.0,0.0,0.0,0.0,0.0,1.0,1.0,0.35,0.525,0.0,0.55,0.37250000000000005,False,0,0
3664,202512241057,1.0,1.0,1.0,1.0,118,m1,0,0,1.0,1.0,1.0,1.0,1.0,50.0,0.0,0.0,0.0,0.0,1.0,1.0,0.6,0.525,0.0,0.55,0.4475,False,0,0
3665,202512241058,1.0,1.0,1.0,1.0,117,m1,0,0,1.0,1.0,1.0,1.0,1.0,50.0,0.0,0.0,0.0,0.0,1.0,1.0,0.525,0.525,0.0,0.55,0.42500000000000004,False,0,0
3666,202512241059,1.0,1.0,1.0,1.0,82,m1,0,0,1.0,1.0,1.0,1.0,1.0,50.0,0.0,0.0,0.0,0.0,1.0,1.0,0.2,0.525,0.0,0.55,0.3275,False,0,0
3667,202512241100,1.0,1.0,1.0,1.0,101,m1,0,0,1.0,1.0,1.0,1.0,1.0,50.0,0.0,0.0,0.0,0.0,1.0,1.0,0.3,0.525,0.0,0.55,0.35750000000000004,False,0,0
3668,202512241101,1.0,1.0,1.0,1.0,140,m1,0,0,1.0,1.0,1.0,1.0,1.0,50.0,0.0,0.0,0.0,0.0,1.0,1.0,0.75,0.525,0.0,0.55,0.49249999999999994,False,0,0
3669,202512241102,1.0,1.0,1.0,1.0,66,m1,0,0,1.0,1.0,1.0,1.0,1.0,50.0,0.0,0.0,0.0,0.0,1.0,1.0,0.05,0.525,0.0,0.55,0.2825,False,0,0
3670,202512241103,1.0,1.0,1.0,1.0,126,m1,0,0,1.0,1.0,1.0,1.0,1.0,50.0,0.0,0.0,0.0,0.0,1.0,1.0,0.6,0.525,0.0,0.55,0.4475,False,0,0
3671,202512241104,1.0,1.0,1.0,1.0,157,m1,0,0,1.0,1.0,1.0,1.0,1.0,50.0,0.0,0.0,0.0,0.0,1.0,1.0,0.8,0.525,0.0,0.55,0.5075,False,0,0
3672,202512241105,1.0,1.0,1.0,1.0,103,m1,0,0,1.0,1.0,1.0,1.0,1.0,50.0,0.0,0.0,0.0,0.0,1.0,1.0,0.3,0.525,0.0,0.55,0.35750000000000004,False,0,0
3673,202512241106,1.0,1.0,1.0,1.0,144,m1,0,0,1.0,1.0,1.0,1.0,1.0,50.0,0.0,0.0,0.0,0.0,1.0,1.0,0.8,0.525,0.0,0.55,0.5075,False,0,0
3674,202512241107,1.0,1.0,1.0,1.0,89,m1,0,0,1.0,1.0,1.0,1.0,1.0,50.0,0.0,0.0,0.0,0.0,1.0,1.0,0.2,0.525,0.0,0.55,0.3275,False,0,0
3675,202512241108,1.0,1.0,1.0,1.0,84,m1,0,0,1.0,1.0,1.0,1.0,1.0,50.0,0.0,0.0,0.0,0.0,1.0,1.0,0.15,0.525,0.0,0.55,0.3125,False,0,0
3676,202512241109,1.0,1.0,1.0,1.0,141,m1,0,0,1.0,1.0,1.0,1.0,1.0,50.0,0.0,0.0,0.0,0.0,1.0,1.0,0.8,0.525,0.0,0.55,0.5075,False,0,0
3677,202512241110,1.0,1.0,1.0,1.0,153,m1,0,0,1.0,1.0,1.0,1.0,1.0,50.0,0.0,0.0,0.0,0.0,1.0,1.0,0.875,0.525,0.0,0.55,0.53,False,0,0
3678,202512241111,1.0,1.0,1.0,1.0,161,m1,0,0,1.0,1.0,1.0,1.0,1.0,50.0,0.0,0.0,0.0,0.0,1.0,1.0,0.95,0.525,0.0,0.55,0.5525,False,0,0
3679,202512241112,1.0,1.0,1.0,1.0,62,m1,0,0,1.0,1.0,1.0,1.0,1.0,50.0,0.0,0.0,0.0,0.0,1.0,1.0,0.05,0.525,0.0,0.55,0.2825,False,0,0
3680,202512241113,1.0,1.0,1.0,1.0,53,m1,0,0,1.0,1.0,1.0,1.0,1.0,50.0,0.0,0.0,0.0,0.0,1.0,1.0,0.05,0.525,0.0,0.55,0.2825,False,0,0
3681,202512241114,1.0,1.0,1.0,1.0,97,m1,0,0,1.0,1.0,1.0,1.0,1.0,50.0,0.0,0.0,0.0,0.0,1.0,1.0,0.35,0.525,0.0,0.55,0.37250000000000005,False,0,0
3682,202512241115,1.0,1.0,1.0,1.0,109,m1,0,0,1.0,1.0,1.0,1.0,1.0,50.0,0.0,0.0,0.0,0.0,1.0,1.0,0.55,0.525,0.0,0.55,0.4325,False,0,0
3683,202512241116,1.0,1.0,1.0,1.0,95,m1,0,0,1.0,1.0,1.0,1.0,1.0,50.0,0.0,0.0,0.0,0.0,1.0,1.0,0.35,0.525,0.0,0.55,0.37250000000000005,False,0,0
3684,202512241117,1.0,1.0,1.0,1.0,73,m1,0,0,1.0,1.0,1.0,1.0,1.0,50.0,0.0,0.0,0.0,0.0,1.0,1.0,0.2,0.525,0.0,0.55,0.3275,False,0,0
3685,202512241118,1.0,1.0,1.0,1.0,61,m1,0,0,1.0,1.0,1.0,1.0,1.0,50.0,0.0,0.0,0.0,0.0,1.0,1.0,0.1,0.525,0.0,0.55,0.2975,False,0,0
3686,202512241119,1.0,1.0,1.0,1.0,52,m1,0,0,1.0,1.0,1.0,1.0,1.0,50.0,0.0,0.0,0.0,0.0,1.0,1.0,0.05,0.525,0.0,0.55,0.2825,False,0,0
3687,202512241120,1.0,1.0,1.0,1.0,100,m1,0,0,1.0,1.0,1.0,1.0,1.0,50.0,0.0,0.0,0.0,0.0,1.0,1.0,0.55,0.525,0.0,0.55,0.4325,False,0,0
3688,202512241121,1.0,1.0,1.0,1.0,60,m1,0,0,1.0,1.0,1.0,1.0,1.0,50.0,0.0,0.0,0.0,0.0,1.0,1.0,0.15,0.525,0.0,0.55,0.3125,False,0,0
3689,202512241122,1.0,1.0,1.0,1.0,68,m1,0,0,1.0,1.0,1.0,1.0,1.0,50.0,0.0,0.0,0.0,0.0,1.0,1.0,0.3,0.525,0.0,0.55,0.35750000000000004,False,0,0
3690,202512241123,1.0,1.0,1.0,1.0,69,m1,0,0,1.0,1.0,1.0,1.0,1.0,50.0,0.0,0.0,0.0,0.0,1.0,1.0,0.35,0.525,0.0,0.55,0.37250000000000005,False,0,0
3691,202512241124,1.0,1.0,1.0,1.0,70,m1,0,0,1.0,1.0,1.0,1.0,1.0,50.0,0.0,0.0,0.0,0.0,1.0,1.0,0.4,0.525,0.0,0.55,0.38749999999999996,False,0,0
3692,202512241125,1.0,1.0,1.0,1.0,40,m1,0,0,1.0,1.0,1.0,1.0,1.0,50.0,0.0,0.0,0.0,0.0,1.0,1.0,0.05,0.525,0.0,0.55,0.2825,False,0,0
3693,202512241126,1.0,1.0,1.0,1.0,105,m1,0,0,1.0,1.0,1.0,1.0,1.0,50.0,0.0,0.0,0.0,0.0,1.0,1.0,0.8,0.525,0.0,0.55,0.5075,False,0,0
3694,202512241127,1.0,1.0,1.0,1.0,181,m1,0,0,1.0,1.0,1.0,1.0,1.0,50.0,0.0,0.0,0.0,0.0,1.0,1.0,1.0,0.525,0.0,0.55,0.5675,False,0,0
3695,202512241128,1.0,1.0,1.0,1.0,101,m1,0,0,1.0,1.0,1.0,1.0,1.0,50.0,0.0,0.0,0.0,0.0,1.0,1.0,0.7,0.525,0.0,0.55,0.47750000000000004,False,0,0
3696,202512241129,1.0,1.0,1.0,1.0,114,m1,0,0,1.0,1.0,1.0,1.0,1.0,50.0,0.0,0.0,0.0,0.0,1.0,1.0,0.85,0.525,0.0,0.55,0.5225,False,0,0
3697,202512241130,1.0,1.0,1.0,1.0,122,m1,0,0,1.0,1.0,1.0,1.0,1.0,50.0,0.0,0.0,0.0,0.0,1.0,1.0,0.9,0.525,0.0,0.55,0.5375,False,0,0
3698,202512241131,1.0,1.0,1.0,1.0,94,m1,0,0,1.0,1.0,1.0,1.0,1.0,50.0,0.0,0.0,0.0,0.0,1.0,1.0,0.55,0.525,0.0,0.55,0.4325,False,0,0
3699,202512241132,1.0,1.0,1.0,1.0,111,m1,0,0,1.0,1.0,1.0,1.0,1.0,50.0,0.0,0.0,0.0,0.0,1.0,1.0,0.85,0.525,0.0,0.55,0.5225,False,0,0
3700,202512241133,1.0,1.0,1.0,1.0,111,m1,0,0,1.0,1.0,1.0,1.0,1.0,50.0,0.0,0.0,0.0,0.0,1.0,1.0,0.825,0.525,0.0,0.55,0.515,False,0,0
3701,202512241134,1.0,1.0,1.0,1.0,78,m1,0,0,1.0,1.0,1.0,1.0,1.0,50.0,0.0,0.0,0.0,0.0,1.0,1.0,0.45,0.525,0.0,0.55,0.40249999999999997,False,0,0
3702,202512241135,1.0,1.0,1.0,1.0,112,m1,0,0,1.0,1.0,1.0,1.0,1.0,50.0,0.0,0.0,0.0,0.0,1.0,1.0,0.85,0.525,0.0,0.55,0.5225,False,0,0
3703,202512241136,1.0,1.0,1.0,1.0,123,m1,0,0,1.0,1.0,1.0,1.0,1.0,50.0,0.0,0.0,0.0,0.0,1.0,1.0,0.95,0.525,0.0,0.55,0.5525,False,0,0
3704,202512241137,1.0,1.0,1.0,1.0,124,m1,0,0,1.0,1.0,1.0,1.0,1.0,50.0,0.0,0.0,0.0,0.0,1.0,1.0,0.95,0.525,0.0,0.55,0.5525,False,0,0
3705,202512241138,1.0,1.0,1.0,1.0,105,m1,0,0,1.0,1.0,1.0,1.0,1.0,50.0,0.0,0.0,0.0,0.0,1.0,1.0,0.575,0.525,0.0,0.55,0.43999999999999995,False,0,0
3706,202512241139,1.0,1.0,1.0,1.0,56,m1,0,0,1.0,1.0,1.0,1.0,1.0,50.0,0.0,0.0,0.0,0.0,1.0,1.0,0.1,0.525,0.0,0.55,0.2975,False,0,0
3707,202512241140,1.0,1.0,1.0,1.0,65,m1,0,0,1.0,1.0,1.0,1.0,1.0,50.0,0.0,0.0,0.0,0.0,1.0,1.0,0.2,0.525,0.0,0.55,0.3275,False,0,0
3708,202512241141,1.0,1.0,1.0,1.0,79,m1,0,0,1.0,1.0,1.0,1.0,1.0,50.0,0.0,0.0,0.0,0.0,1.0,1.0,0.4,0.525,0.0,0.55,0.38749999999999996,False,0,0
3709,202512241142,1.0,1.0,1.0,1.0,104,m1,0,0,1.0,1.0,1.0,1.0,1.0,50.0,0.0,0.0,0.0,0.0,1.0,1.0,0.5,0.525,0.0,0.55,0.4175,False,0,0
3710,202512241143,1.0,1.0,1.0,1.0,159,m1,0,0,1.0,1.0,1.0,1.0,1.0,50.0,0.0,0.0,0.0,0.0,1.0,1.0,0.95,0.525,0.0,0.55,0.5525,False,0,0
3711,202512241144,1.0,1.0,1.0,1.0,103,m1,0,0,1.0,1.0,1.0,1.0,1.0,50.0,0.0,0.0,0.0,0.0,1.0,1.0,0.4,0.525,0.0,0.55,0.38749999999999996,False,0,0
3712,202512241145,1.0,1.0,1.0,1.0,79,m1,0,0,1.0,1.0,1.0,1.0,1.0,50.0,0.0,0.0,0.0,0.0,1.0,1.0,0.225,0.525,0.0,0.55,0.335,False,0,0
3713,202512241146,1.0,1.0,1.0,1.0,74,m1,0,0,1.0,1.0,1.0,1.0,1.0,50.0,0.0,0.0,0.0,0.0,1.0,1.0,0.15,0.525,0.0,0.55,0.3125,False,0,0
3714,202512241147,1.0,1.0,1.0,1.0,59,m1,0,0,1.0,1.0,1.0,1.0,1.0,50.0,0.0,0.0,0.0,0.0,1.0,1.0,0.1,0.525,0.0,0.55,0.2975,False,0,0
3715,202512241148,1.0,1.0,1.0,1.0,82,m1,0,0,1.0,1.0,1.0,1.0,1.0,50.0,0.0,0.0,0.0,0.0,1.0,1.0,0.4,0.525,0.0,0.55,0.38749999999999996,False,0,0
3716,202512241149,1.0,1.0,1.0,1.0,43,m1,0,0,1.0,1.0,1.0,1.0,1.0,50.0,0.0,0.0,0.0,0.0,1.0,1.0,0.05,0.525,0.0,0.55,0.2825,False,0,0
3717,202512241150,1.0,1.0,1.0,1.0,70,m1,0,0,1.0,1.0,1.0,1.0,1.0,50.0,0.0,0.0,0.0,0.0,1.0,1.0,0.25,0.525,0.0,0.55,0.3425,False,0,0
3718,202512241151,1.0,1.0,1.0,1.0,28,m1,0,0,1.0,1.0,1.0,1.0,1.0,50.0,0.0,0.0,0.0,0.0,1.0,1.0,0.05,0.525,0.0,0.55,0.2825,False,0,0
3719,202512241152,1.0,1.0,1.0,1.0,72,m1,0,0,1.0,1.0,1.0,1.0,1.0,50.0,0.0,0.0,0.0,0.0,1.0,1.0,0.35,0.525,0.0,0.55,0.37250000000000005,False,0,0
3720,202512241153,1.0,1.0,1.0,1.0,92,m1,0,0,1.0,1.0,1.0,1.0,1.0,50.0,0.0,0.0,0.0,0.0,1.0,1.0,0.65,0.525,0.0,0.55,0.4625,False,0,0
3721,202512241154,1.0,1.0,1.0,1.0,50,m1,0,0,1.0,1.0,1.0,1.0,1.0,50.0,0.0,0.0,0.0,0.0,1.0,1.0,0.15,0.525,0.0,0.55,0.3125,False,0,0
3722,202512241155,1.0,1.0,1.0,1.0,101,m1,0,0,1.0,1.0,1.0,1.0,1.0,50.0,0.0,0.0,0.0,0.0,1.0,1.0,0.7,0.525,0.0,0.55,0.47750000000000004,False,0,0
3723,202512241156,1.0,1.0,1.0,1.0,109,m1,0,0,1.0,1.0,1.0,1.0,1.0,50.0,0.0,0.0,0.0,0.0,1.0,1.0,0.9,0.525,0.0,0.55,0.5375,False,0,0
3724,202512241157,1.0,1.0,1.0,1.0,73,m1,0,0,1.0,1.0,1.0,1.0,1.0,50.0,0.0,0.0,0.0,0.0,1.0,1.0,0.45,0.525,0.0,0.55,0.40249999999999997,False,0,0
3725,202512241158,1.0,1.0,1.0,1.0,53,m1,0,0,1.0,1.0,1.0,1.0,1.0,50.0,0.0,0.0,0.0,0.0,1.0,1.0,0.2,0.525,0.0,0.55,0.3275,False,0,0
3726,202512241159,1.0,1.0,1.0,1.0,63,m1,0,0,1.0,1.0,1.0,1.0,1.0,50.0,0.0,0.0,0.0,0.0,1.0,1.0,0.3,0.525,0.0,0.55,0.35750000000000004,False,0,0
3727,202512241200,1.0,1.0,1.0,1.0,71,m1,0,0,1.0,1.0,1.0,1.0,1.0,50.0,0.0,0.0,0.0,0.0,1.0,1.0,0.4,0.525,0.0,0.55,0.38749999999999996,False,0,0
3728,202512241201,1.0,1.0,1.0,1.0,140,m1,0,0,1.0,1.0,1.0,1.0,1.0,50.0,0.0,0.0,0.0,0.0,1.0,1.0,0.95,0.525,0.0,0.55,0.5525,False,0,0
3729,202512241202,1.0,1.0,1.0,1.0,78,m1,0,0,1.0,1.0,1.0,1.0,1.0,50.0,0.0,0.0,0.0,0.0,1.0,1.0,0.6,0.525,0.0,0.55,0.4475,False,0,0
3730,202512241203,1.0,1.0,1.0,1.0,33,m1,0,0,1.0,1.0,1.0,1.0,1.0,50.0,0.0,0.0,0.0,0.0,1.0,1.0,0.1,0.525,0.0,0.55,0.2975,False,0,0
3731,202512241204,1.0,1.0,1.0,1.0,48,m1,0,0,1.0,1.0,1.0,1.0,1.0,50.0,0.0,0.0,0.0,0.0,1.0,1.0,0.2,0.525,0.0,0.55,0.3275,False,0,0
3732,202512241205,1.0,1.0,1.0,1.0,99,m1,0,0,1.0,1.0,1.0,1.0,1.0,50.0,0.0,0.0,0.0,0.0,1.0,1.0,0.85,0.525,0.0,0.55,0.5225,False,0,0
3733,202512241206,1.0,1.0,1.0,1.0,83,m1,0,0,1.0,1.0,1.0,1.0,1.0,50.0,0.0,0.0,0.0,0.0,1.0,1.0,0.75,0.525,0.0,0.55,0.49249999999999994,False,0,0
3734,202512241207,1.0,1.0,1.0,1.0,114,m1,0,0,1.0,1.0,1.0,1.0,1.0,50.0,0.0,0.0,0.0,0.0,1.0,1.0,0.95,0.525,0.0,0.55,0.5525,False,0,0
3735,202512241208,1.0,1.0,1.0,1.0,59,m1,0,0,1.0,1.0,1.0,1.0,1.0,50.0,0.0,0.0,0.0,0.0,1.0,1.0,0.35,0.525,0.0,0.55,0.37250000000000005,False,0,0
3736,202512241209,1.0,1.0,1.0,1.0,83,m1,0,0,1.0,1.0,1.0,1.0,1.0,50.0,0.0,0.0,0.0,0.0,1.0,1.0,0.675,0.525,0.0,0.55,0.47,False,0,0
3737,202512241210,1.0,1.0,1.0,1.0,40,m1,0,0,1.0,1.0,1.0,1.0,1.0,50.0,0.0,0.0,0.0,0.0,1.0,1.0,0.15,0.525,0.0,0.55,0.3125,False,0,0
3738,202512241211,1.0,1.0,1.0,1.0,96,m1,0,0,1.0,1.0,1.0,1.0,1.0,50.0,0.0,0.0,0.0,0.0,1.0,1.0,0.75,0.525,0.0,0.55,0.49249999999999994,False,0,0
3739,202512241212,1.0,1.0,1.0,1.0,83,m1,0,0,1.0,1.0,1.0,1.0,1.0,50.0,0.0,0.0,0.0,0.0,1.0,1.0,0.6,0.525,0.0,0.55,0.4475,False,0,0
3740,202512241213,1.0,1.0,1.0,1.0,115,m1,0,0,1.0,1.0,1.0,1.0,1.0,50.0,0.0,0.0,0.0,0.0,1.0,1.0,0.95,0.525,0.0,0.55,0.5525,False,0,0
3741,202512241214,1.0,1.0,1.0,1.0,100,m1,0,0,1.0,1.0,1.0,1.0,1.0,50.0,0.0,0.0,0.0,0.0,1.0,1.0,0.75,0.525,0.0,0.55,0.49249999999999994,False,0,0
3742,202512241215,1.0,1.0,1.0,1.0,125,m1,0,0,1.0,1.0,1.0,1.0,1.0,50.0,0.0,0.0,0.0,0.0,1.0,1.0,0.95,0.525,0.0,0.55,0.5525,False,0,0
3743,202512241216,1.0,1.0,1.0,1.0,96,m1,0,0,1.0,1.0,1.0,1.0,1.0,50.0,0.0,0.0,0.0,0.0,1.0,1.0,0.675,0.525,0.0,0.55,0.47,False,0,0
3744,202512241217,1.0,1.0,1.0,1.0,79,m1,0,0,1.0,1.0,1.0,1.0,1.0,50.0,0.0,0.0,0.0,0.0,1.0,1.0,0.45,0.525,0.0,0.55,0.40249999999999997,False,0,0
3745,202512241218,1.0,1.0,1.0,1.0,62,m1,0,0,1.0,1.0,1.0,1.0,1.0,50.0,0.0,0.0,0.0,0.0,1.0,1.0,0.25,0.525,0.0,0.55,0.3425,False,0,0
3746,202512241219,1.0,1.0,1.0,1.0,49,m1,0,0,1.0,1.0,1.0,1.0,1.0,50.0,0.0,0.0,0.0,0.0,1.0,1.0,0.2,0.525,0.0,0.55,0.3275,False,0,0
3747,202512241220,1.0,1.0,1.0,1.0,134,m1,0,0,1.0,1.0,1.0,1.0,1.0,50.0,0.0,0.0,0.0,0.0,1.0,1.0,0.95,0.525,0.0,0.55,0.5525,False,0,0
3748,202512241221,1.0,1.0,1.0,1.0,114,m1,0,0,1.0,1.0,1.0,1.0,1.0,50.0,0.0,0.0,0.0,0.0,1.0,1.0,0.825,0.525,0.0,0.55,0.515,False,0,0
3749,202512241222,1.0,1.0,1.0,1.0,29,m1,0,0,1.0,1.0,1.0,1.0,1.0,50.0,0.0,0.0,0.0,0.0,1.0,1.0,0.05,0.525,0.0,0.55,0.2825,False,0,0
3750,202512241223,1.0,1.0,1.0,1.0,90,m1,0,0,1.0,1.0,1.0,1.0,1.0,50.0,0.0,0.0,0.0,0.0,1.0,1.0,0.55,0.525,0.0,0.55,0.4325,False,0,0
3751,202512241224,1.0,1.0,1.0,1.0,97,m1,0,0,1.0,1.0,1.0,1.0,1.0,50.0,0.0,0.0,0.0,0.0,1.0,1.0,0.65,0.525,0.0,0.55,0.4625,False,0,0
3752,202512241225,1.0,1.0,1.0,1.0,105,m1,0,0,1.0,1.0,1.0,1.0,1.0,50.0,0.0,0.0,0.0,0.0,1.0,1.0,0.75,0.525,0.0,0.55,0.49249999999999994,False,0,0
3753,202512241226,1.0,1.0,1.0,1.0,94,m1,0,0,1.0,1.0,1.0,1.0,1.0,50.0,0.0,0.0,0.0,0.0,1.0,1.0,0.5,0.525,0.0,0.55,0.4175,False,0,0
3754,202512241227,1.0,1.0,1.0,1.0,107,m1,0,0,1.0,1.0,1.0,1.0,1.0,50.0,0.0,0.0,0.0,0.0,1.0,1.0,0.8,0.525,0.0,0.55,0.5075,False,0,0
3755,202512241228,1.0,1.0,1.0,1.0,120,m1,0,0,1.0,1.0,1.0,1.0,1.0,50.0,0.0,0.0,0.0,0.0,1.0,1.0,0.9,0.525,0.0,0.55,0.5375,False,0,0
3756,202512241229,1.0,1.0,1.0,1.0,66,m1,0,0,1.0,1.0,1.0,1.0,1.0,50.0,0.0,0.0,0.0,0.0,1.0,1.0,0.25,0.525,0.0,0.55,0.3425,False,0,0
3757,202512241230,1.0,1.0,1.0,1.0,71,m1,0,0,1.0,1.0,1.0,1.0,1.0,50.0,0.0,0.0,0.0,0.0,1.0,1.0,0.25,0.525,0.0,0.55,0.3425,False,0,0
3758,202512241231,1.0,1.0,1.0,1.0,50,m1,0,0,1.0,1.0,1.0,1.0,1.0,50.0,0.0,0.0,0.0,0.0,1.0,1.0,0.15,0.525,0.0,0.55,0.3125,False,0,0
3759,202512241232,1.0,1.0,1.0,1.0,76,m1,0,0,1.0,1.0,1.0,1.0,1.0,50.0,0.0,0.0,0.0,0.0,1.0,1.0,0.35,0.525,0.0,0.55,0.37250000000000005,False,0,0
3760,202512241233,1.0,1.0,1.0,1.0,136,m1,0,0,1.0,1.0,1.0,1.0,1.0,50.0,0.0,0.0,0.0,0.0,1.0,1.0,1.0,0.525,0.0,0.55,0.5675,False,0,0
3761,202512241234,1.0,1.0,1.0,1.0,85,m1,0,0,1.0,1.0,1.0,1.0,1.0,50.0,0.0,0.0,0.0,0.0,1.0,1.0,0.45,0.525,0.0,0.55,0.40249999999999997,False,0,0
3762,202512241235,1.0,1.0,1.0,1.0,161,m1,0,0,1.0,1.0,1.0,1.0,1.0,50.0,0.0,0.0,0.0,0.0,1.0,1.0,1.0,0.525,0.0,0.55,0.5675,False,0,0
3763,202512241236,1.0,1.0,1.0,1.0,131,m1,0,0,1.0,1.0,1.0,1.0,1.0,50.0,0.0,0.0,0.0,0.0,1.0,1.0,0.85,0.525,0.0,0.55,0.5225,False,0,0
3764,202512241237,1.0,1.0,1.0,1.0,88,m1,0,0,1.0,1.0,1.0,1.0,1.0,50.0,0.0,0.0,0.0,0.0,1.0,1.0,0.45,0.525,0.0,0.55,0.40249999999999997,False,0,0
3765,202512241238,1.0,1.0,1.0,1.0,114,m1,0,0,1.0,1.0,1.0,1.0,1.0,50.0,0.0,0.0,0.0,0.0,1.0,1.0,0.725,0.525,0.0,0.55,0.485,False,0,0
3766,202512241239,1.0,1.0,1.0,1.0,156,m1,0,0,1.0,1.0,1.0,1.0,1.0,50.0,0.0,0.0,0.0,0.0,1.0,1.0,0.95,0.525,0.0,0.55,0.5525,False,0,0
3767,202512241240,1.0,1.0,1.0,1.0,198,m1,0,0,1.0,1.0,1.0,1.0,1.0,50.0,0.0,0.0,0.0,0.0,1.0,1.0,1.0,0.525,0.0,0.55,0.5675,False,0,0
3768,202512241241,1.0,1.0,1.0,1.0,209,m1,0,0,1.0,1.0,1.0,1.0,1.0,50.0,0.0,0.0,0.0,0.0,1.0,1.0,1.0,0.525,0.0,0.55,0.5675,False,0,0
3769,202512241242,1.0,1.0,1.0,1.0,128,m1,0,0,1.0,1.0,1.0,1.0,1.0,50.0,0.0,0.0,0.0,0.0,1.0,1.0,0.7,0.525,0.0,0.55,0.47750000000000004,False,0,0
3770,202512241243,1.0,1.0,1.0,1.0,187,m1,0,0,1.0,1.0,1.0,1.0,1.0,50.0,0.0,0.0,0.0,0.0,1.0,1.0,0.9,0.525,0.0,0.55,0.5375,False,0,0
3771,202512241244,1.0,1.0,1.0,1.0,103,m1,0,0,1.0,1.0,1.0,1.0,1.0,50.0,0.0,0.0,0.0,0.0,1.0,1.0,0.4,0.525,0.0,0.55,0.38749999999999996,False,0,0
3772,202512241245,1.0,1.0,1.0,1.0,110,m1,0,0,1.0,1.0,1.0,1.0,1.0,50.0,0.0,0.0,0.0,0.0,1.0,1.0,0.5,0.525,0.0,0.55,0.4175,False,0,0
3773,202512241246,1.0,1.0,1.0,1.0,104,m1,0,0,1.0,1.0,1.0,1.0,1.0,50.0,0.0,0.0,0.0,0.0,1.0,1.0,0.4,0.525,0.0,0.55,0.38749999999999996,False,0,0
3774,202512241247,1.0,1.0,1.0,1.0,137,m1,0,0,1.0,1.0,1.0,1.0,1.0,50.0,0.0,0.0,0.0,0.0,1.0,1.0,0.75,0.525,0.0,0.55,0.49249999999999994,False,0,0
3775,202512241248,1.0,1.0,1.0,1.0,112,m1,0,0,1.0,1.0,1.0,1.0,1.0,50.0,0.0,0.0,0.0,0.0,1.0,1.0,0.5,0.525,0.0,0.55,0.4175,False,0,0
3776,202512241249,1.0,1.0,1.0,1.0,82,m1,0,0,1.0,1.0,1.0,1.0,1.0,50.0,0.0,0.0,0.0,0.0,1.0,1.0,0.2,0.525,0.0,0.55,0.3275,False,0,0
3777,202512241250,1.0,1.0,1.0,1.0,61,m1,0,0,1.0,1.0,1.0,1.0,1.0,50.0,0.0,0.0,0.0,0.0,1.0,1.0,0.1,0.525,0.0,0.55,0.2975,False,0,0
3778,202512241251,1.0,1.0,1.0,1.0,88,m1,0,0,1.0,1.0,1.0,1.0,1.0,50.0,0.0,0.0,0.0,0.0,1.0,1.0,0.275,0.525,0.0,0.55,0.35,False,0,0
3779,202512241252,1.0,1.0,1.0,1.0,136,m1,0,0,1.0,1.0,1.0,1.0,1.0,50.0,0.0,0.0,0.0,0.0,1.0,1.0,0.675,0.525,0.0,0.55,0.47,False,0,0
3780,202512241253,1.0,1.0,1.0,1.0,137,m1,0,0,1.0,1.0,1.0,1.0,1.0,50.0,0.0,0.0,0.0,0.0,1.0,1.0,0.725,0.525,0.0,0.55,0.485,False,0,0
3781,202512241254,1.0,1.0,1.0,1.0,97,m1,0,0,1.0,1.0,1.0,1.0,1.0,50.0,0.0,0.0,0.0,0.0,1.0,1.0,0.25,0.525,0.0,0.55,0.3425,False,0,0
3782,202512241255,1.0,1.0,1.0,1.0,126,m1,0,0,1.0,1.0,1.0,1.0,1.0,50.0,0.0,0.0,0.0,0.0,1.0,1.0,0.55,0.525,0.0,0.55,0.4325,False,0,0
3783,202512241256,1.0,1.0,1.0,1.0,127,m1,0,0,1.0,1.0,1.0,1.0,1.0,50.0,0.0,0.0,0.0,0.0,1.0,1.0,0.6,0.525,0.0,0.55,0.4475,False,0,0
3784,202512241257,1.0,1.0,1.0,1.0,174,m1,0,0,1.0,1.0,1.0,1.0,1.0,50.0,0.0,0.0,0.0,0.0,1.0,1.0,0.85,0.525,0.0,0.55,0.5225,False,0,0
3785,202512241258,1.0,1.0,1.0,1.0,157,m1,0,0,1.0,1.0,1.0,1.0,1.0,50.0,0.0,0.0,0.0,0.0,1.0,1.0,0.8,0.525,0.0,0.55,0.5075,False,0,0
3786,202512241259,1.0,1.0,1.0,1.0,195,m1,0,0,1.0,1.0,1.0,1.0,1.0,50.0,0.0,0.0,0.0,0.0,1.0,1.0,0.9,0.525,0.0,0.55,0.5375,False,0,0
3787,202512241300,1.0,1.0,1.0,1.0,282,m1,0,0,1.0,1.0,1.0,1.0,1.0,50.0,0.0,0.0,0.0,0.0,1.0,1.0,1.0,0.525,0.0,0.55,0.5675,False,0,0
3788,202512241301,1.0,1.0,1.0,1.0,233,m1,0,0,1.0,1.0,1.0,1.0,1.0,50.0,0.0,0.0,0.0,0.0,1.0,1.0,0.95,0.525,0.0,0.55,0.5525,False,0,0
3789,202512241302,1.0,1.0,1.0,1.0,218,m1,0,0,1.0,1.0,1.0,1.0,1.0,50.0,0.0,0.0,0.0,0.0,1.0,1.0,0.9,0.525,0.0,0.55,0.5375,False,0,0
3790,202512241303,1.0,1.0,1.0,1.0,121,m1,0,0,1.0,1.0,1.0,1.0,1.0,50.0,0.0,0.0,0.0,0.0,1.0,1.0,0.45,0.525,0.0,0.55,0.40249999999999997,False,0,0
3791,202512241304,1.0,1.0,1.0,1.0,102,m1,0,0,1.0,1.0,1.0,1.0,1.0,50.0,0.0,0.0,0.0,0.0,1.0,1.0,0.25,0.525,0.0,0.55,0.3425,False,0,0
3792,202512241305,1.0,1.0,1.0,1.0,130,m1,0,0,1.0,1.0,1.0,1.0,1.0,50.0,0.0,0.0,0.0,0.0,1.0,1.0,0.55,0.525,0.0,0.55,0.4325,False,0,0
3793,202512241306,1.0,1.0,1.0,1.0,187,m1,0,0,1.0,1.0,1.0,1.0,1.0,50.0,0.0,0.0,0.0,0.0,1.0,1.0,0.8,0.525,0.0,0.55,0.5075,False,0,0
3794,202512241307,1.0,1.0,1.0,1.0,122,m1,0,0,1.0,1.0,1.0,1.0,1.0,50.0,0.0,0.0,0.0,0.0,1.0,1.0,0.4,0.525,0.0,0.55,0.38749999999999996,False,0,0
3795,202512241308,1.0,1.0,1.0,1.0,146,m1,0,0,1.0,1.0,1.0,1.0,1.0,50.0,0.0,0.0,0.0,0.0,1.0,1.0,0.65,0.525,0.0,0.55,0.4625,False,0,0
3796,202512241309,1.0,1.0,1.0,1.0,149,m1,0,0,1.0,1.0,1.0,1.0,1.0,50.0,0.0,0.0,0.0,0.0,1.0,1.0,0.65,0.525,0.0,0.55,0.4625,False,0,0
3797,202512241310,1.0,1.0,1.0,1.0,115,m1,0,0,1.0,1.0,1.0,1.0,1.0,50.0,0.0,0.0,0.0,0.0,1.0,1.0,0.2,0.525,0.0,0.55,0.3275,False,0,0
3798,202512241311,1.0,1.0,1.0,1.0,128,m1,0,0,1.0,1.0,1.0,1.0,1.0,50.0,0.0,0.0,0.0,0.0,1.0,1.0,0.4,0.525,0.0,0.55,0.38749999999999996,False,0,0
3799,202512241312,1.0,1.0,1.0,1.0,142,m1,0,0,1.0,1.0,1.0,1.0,1.0,50.0,0.0,0.0,0.0,0.0,1.0,1.0,0.55,0.525,0.0,0.55,0.4325,False,0,0
3800,202512241313,1.0,1.0,1.0,1.0,136,m1,0,0,1.0,1.0,1.0,1.0,1.0,50.0,0.0,0.0,0.0,0.0,1.0,1.0,0.5,0.525,0.0,0.55,0.4175,False,0,0
3801,202512241314,1.0,1.0,1.0,1.0,121,m1,0,0,1.0,1.0,1.0,1.0,1.0,50.0,0.0,0.0,0.0,0.0,1.0,1.0,0.175,0.525,0.0,0.55,0.32,False,0,0
3802,202512241315,1.0,1.0,1.0,1.0,131,m1,0,0,1.0,1.0,1.0,1.0,1.0,50.0,0.0,0.0,0.0,0.0,1.0,1.0,0.45,0.525,0.0,0.55,0.40249999999999997,False,0,0
3803,202512241316,1.0,1.0,1.0,1.0,78,m1,0,0,1.0,1.0,1.0,1.0,1.0,50.0,0.0,0.0,0.0,0.0,1.0,1.0,0.05,0.525,0.0,0.55,0.2825,False,0,0
3804,202512241317,1.0,1.0,1.0,1.0,113,m1,0,0,1.0,1.0,1.0,1.0,1.0,50.0,0.0,0.0,0.0,0.0,1.0,1.0,0.15,0.525,0.0,0.55,0.3125,False,0,0
3805,202512241318,1.0,1.0,1.0,1.0,113,m1,0,0,1.0,1.0,1.0,1.0,1.0,50.0,0.0,0.0,0.0,0.0,1.0,1.0,0.175,0.525,0.0,0.55,0.32,False,0,0
3806,202512241319,1.0,1.0,1.0,1.0,106,m1,0,0,1.0,1.0,1.0,1.0,1.0,50.0,0.0,0.0,0.0,0.0,1.0,1.0,0.15,0.525,0.0,0.55,0.3125,False,0,0
3807,202512241320,1.0,1.0,1.0,1.0,161,m1,0,0,1.0,1.0,1.0,1.0,1.0,50.0,0.0,0.0,0.0,0.0,1.0,1.0,0.85,0.525,0.0,0.55,0.5225,False,0,0
3808,202512241321,1.0,1.0,1.0,1.0,75,m1,0,0,1.0,1.0,1.0,1.0,1.0,50.0,0.0,0.0,0.0,0.0,1.0,1.0,0.05,0.525,0.0,0.55,0.2825,False,0,0
3809,202512241322,1.0,1.0,1.0,1.0,123,m1,0,0,1.0,1.0,1.0,1.0,1.0,50.0,0.0,0.0,0.0,0.0,1.0,1.0,0.55,0.525,0.0,0.55,0.4325,False,0,0
3810,202512241323,1.0,1.0,1.0,1.0,90,m1,0,0,1.0,1.0,1.0,1.0,1.0,50.0,0.0,0.0,0.0,0.0,1.0,1.0,0.15,0.525,0.0,0.55,0.3125,False,0,0
3811,202512241324,1.0,1.0,1.0,1.0,69,m1,0,0,1.0,1.0,1.0,1.0,1.0,50.0,0.0,0.0,0.0,0.0,1.0,1.0,0.05,0.525,0.0,0.55,0.2825,False,0,0
3812,202512241325,1.0,1.0,1.0,1.0,68,m1,0,0,1.0,1.0,1.0,1.0,1.0,50.0,0.0,0.0,0.0,0.0,1.0,1.0,0.05,0.525,0.0,0.55,0.2825,False,0,0
3813,202512241326,1.0,1.0,1.0,1.0,90,m1,0,0,1.0,1.0,1.0,1.0,1.0,50.0,0.0,0.0,0.0,0.0,1.0,1.0,0.275,0.525,0.0,0.55,0.35,False,0,0
3814,202512241327,1.0,1.0,1.0,1.0,79,m1,0,0,1.0,1.0,1.0,1.0,1.0,50.0,0.0,0.0,0.0,0.0,1.0,1.0,0.25,0.525,0.0,0.55,0.3425,False,0,0
3815,202512241328,1.0,1.0,1.0,1.0,78,m1,0,0,1.0,1.0,1.0,1.0,1.0,50.0,0.0,0.0,0.0,0.0,1.0,1.0,0.225,0.525,0.0,0.55,0.335,False,0,0
3816,202512241329,1.0,1.0,1.0,1.0,165,m1,0,0,1.0,1.0,1.0,1.0,1.0,50.0,0.0,0.0,0.0,0.0,1.0,1.0,1.0,0.525,0.0,0.55,0.5675,False,0,0
3817,202512241330,1.0,1.0,1.0,1.0,400,m1,0,0,1.0,1.0,1.0,1.0,1.0,50.0,0.0,0.0,0.0,0.0,1.0,1.0,1.0,0.525,0.0,0.55,0.5675,False,0,0
3818,202512241331,1.0,1.0,1.0,1.0,199,m1,0,0,1.0,1.0,1.0,1.0,1.0,50.0,0.0,0.0,0.0,0.0,1.0,1.0,0.95,0.525,0.0,0.55,0.5525,False,0,0
3819,202512241332,1.0,1.0,1.0,1.0,98,m1,0,0,1.0,1.0,1.0,1.0,1.0,50.0,0.0,0.0,0.0,0.0,1.0,1.0,0.45,0.525,0.0,0.55,0.40249999999999997,False,0,0
3820,202512241333,1.0,1.0,1.0,1.0,156,m1,0,0,1.0,1.0,1.0,1.0,1.0,50.0,0.0,0.0,0.0,0.0,1.0,1.0,0.8,0.525,0.0,0.55,0.5075,False,0,0
3821,202512241334,1.0,1.0,1.0,1.0,141,m1,0,0,1.0,1.0,1.0,1.0,1.0,50.0,0.0,0.0,0.0,0.0,1.0,1.0,0.75,0.525,0.0,0.55,0.49249999999999994,False,0,0
3822,202512241335,1.0,1.0,1.0,1.0,255,m1,0,0,1.0,1.0,1.0,1.0,1.0,50.0,0.0,0.0,0.0,0.0,1.0,1.0,0.95,0.525,0.0,0.55,0.5525,False,0,0
3823,202512241336,1.0,1.0,1.0,1.0,175,m1,0,0,1.0,1.0,1.0,1.0,1.0,50.0,0.0,0.0,0.0,0.0,1.0,1.0,0.85,0.525,0.0,0.55,0.5225,False,0,0
3824,202512241337,1.0,1.0,1.0,1.0,173,m1,0,0,1.0,1.0,1.0,1.0,1.0,50.0,0.0,0.0,0.0,0.0,1.0,1.0,0.8,0.525,0.0,0.55,0.5075,False,0,0
3825,202512241338,1.0,1.0,1.0,1.0,153,m1,0,0,1.0,1.0,1.0,1.0,1.0,50.0,0.0,0.0,0.0,0.0,1.0,1.0,0.6,0.525,0.0,0.55,0.4475,False,0,0
3826,202512241339,1.0,1.0,1.0,1.0,148,m1,0,0,1.0,1.0,1.0,1.0,1.0,50.0,0.0,0.0,0.0,0.0,1.0,1.0,0.55,0.525,0.0,0.55,0.4325,False,0,0
3827,202512241340,1.0,1.0,1.0,1.0,151,m1,0,0,1.0,1.0,1.0,1.0,1.0,50.0,0.0,0.0,0.0,0.0,1.0,1.0,0.6,0.525,0.0,0.55,0.4475,False,0,0
3828,202512241341,1.0,1.0,1.0,1.0,128,m1,0,0,1.0,1.0,1.0,1.0,1.0,50.0,0.0,0.0,0.0,0.0,1.0,1.0,0.45,0.525,0.0,0.55,0.40249999999999997,False,0,0
3829,202512241342,1.0,1.0,1.0,1.0,126,m1,0,0,1.0,1.0,1.0,1.0,1.0,50.0,0.0,0.0,0.0,0.0,1.0,1.0,0.4,0.525,0.0,0.55,0.38749999999999996,False,0,0
3830,202512241343,1.0,1.0,1.0,1.0,201,m1,0,0,1.0,1.0,1.0,1.0,1.0,50.0,0.0,0.0,0.0,0.0,1.0,1.0,0.9,0.525,0.0,0.55,0.5375,False,0,0
3831,202512241344,1.0,1.0,1.0,1.0,193,m1,0,0,1.0,1.0,1.0,1.0,1.0,50.0,0.0,0.0,0.0,0.0,1.0,1.0,0.8,0.525,0.0,0.55,0.5075,False,0,0
3832,202512241345,1.0,1.0,1.0,1.0,108,m1,0,0,1.0,1.0,1.0,1.0,1.0,50.0,0.0,0.0,0.0,0.0,1.0,1.0,0.25,0.525,0.0,0.55,0.3425,False,0,0
3833,202512241346,1.0,1.0,1.0,1.0,136,m1,0,0,1.0,1.0,1.0,1.0,1.0,50.0,0.0,0.0,0.0,0.0,1.0,1.0,0.35,0.525,0.0,0.55,0.37250000000000005,False,0,0
3834,202512241347,1.0,1.0,1.0,1.0,97,m1,0,0,1.0,1.0,1.0,1.0,1.0,50.0,0.0,0.0,0.0,0.0,1.0,1.0,0.1,0.525,0.0,0.55,0.2975,False,0,0
3835,202512241348,1.0,1.0,1.0,1.0,71,m1,0,0,1.0,1.0,1.0,1.0,1.0,50.0,0.0,0.0,0.0,0.0,1.0,1.0,0.05,0.525,0.0,0.55,0.2825,False,0,0
3836,202512241349,1.0,1.0,1.0,1.0,92,m1,0,0,1.0,1.0,1.0,1.0,1.0,50.0,0.0,0.0,0.0,0.0,1.0,1.0,0.1,0.525,0.0,0.55,0.2975,False,0,0
3837,202512241350,1.0,1.0,1.0,1.0,226,m1,0,0,1.0,1.0,1.0,1.0,1.0,50.0,0.0,0.0,0.0,0.0,1.0,1.0,0.95,0.525,0.0,0.55,0.5525,False,0,0
3838,202512241351,1.0,1.0,1.0,1.0,142,m1,0,0,1.0,1.0,1.0,1.0,1.0,50.0,0.0,0.0,0.0,0.0,1.0,1.0,0.5,0.525,0.0,0.55,0.4175,False,0,0
3839,202512241352,1.0,1.0,1.0,1.0,133,m1,0,0,1.0,1.0,1.0,1.0,1.0,50.0,0.0,0.0,0.0,0.0,1.0,1.0,0.35,0.525,0.0,0.55,0.37250000000000005,False,0,0
3840,202512241353,1.0,1.0,1.0,1.0,160,m1,0,0,1.0,1.0,1.0,1.0,1.0,50.0,0.0,0.0,0.0,0.0,1.0,1.0,0.7,0.525,0.0,0.55,0.47750000000000004,False,0,0
3841,202512241354,1.0,1.0,1.0,1.0,141,m1,0,0,1.0,1.0,1.0,1.0,1.0,50.0,0.0,0.0,0.0,0.0,1.0,1.0,0.45,0.525,0.0,0.55,0.40249999999999997,False,0,0
3842,202512241355,1.0,1.0,1.0,1.0,152,m1,0,0,1.0,1.0,1.0,1.0,1.0,50.0,0.0,0.0,0.0,0.0,1.0,1.0,0.65,0.525,0.0,0.55,0.4625,False,0,0
3843,202512241356,1.0,1.0,1.0,1.0,116,m1,0,0,1.0,1.0,1.0,1.0,1.0,50.0,0.0,0.0,0.0,0.0,1.0,1.0,0.25,0.525,0.0,0.55,0.3425,False,0,0
3844,202512241357,1.0,1.0,1.0,1.0,137,m1,0,0,1.0,1.0,1.0,1.0,1.0,50.0,0.0,0.0,0.0,0.0,1.0,1.0,0.5,0.525,0.0,0.55,0.4175,False,0,0
3845,202512241358,1.0,1.0,1.0,1.0,146,m1,0,0,1.0,1.0,1.0,1.0,1.0,50.0,0.0,0.0,0.0,0.0,1.0,1.0,0.65,0.525,0.0,0.55,0.4625,False,0,0
3846,202512241359,1.0,1.0,1.0,1.0,114,m1,0,0,1.0,1.0,1.0,1.0,1.0,50.0,0.0,0.0,0.0,0.0,1.0,1.0,0.25,0.525,0.0,0.55,0.3425,False,0,0
3847,202512241400,1.0,1.0,1.0,1.0,248,m1,0,0,1.0,1.0,1.0,1.0,1.0,50.0,0.0,0.0,0.0,0.0,1.0,1.0,1.0,0.525,0.0,0.55,0.5675,False,0,0
3848,202512241401,1.0,1.0,1.0,1.0,137,m1,0,0,1.0,1.0,1.0,1.0,1.0,50.0,0.0,0.0,0.0,0.0,1.0,1.0,0.525,0.525,0.0,0.55,0.42500000000000004,False,0,0
3849,202512241402,1.0,1.0,1.0,1.0,131,m1,0,0,1.0,1.0,1.0,1.0,1.0,50.0,0.0,0.0,0.0,0.0,1.0,1.0,0.35,0.525,0.0,0.55,0.37250000000000005,False,0,0
3850,202512241403,1.0,1.0,1.0,1.0,108,m1,0,0,1.0,1.0,1.0,1.0,1.0,50.0,0.0,0.0,0.0,0.0,1.0,1.0,0.225,0.525,0.0,0.55,0.335,False,0,0
3851,202512241404,1.0,1.0,1.0,1.0,154,m1,0,0,1.0,1.0,1.0,1.0,1.0,50.0,0.0,0.0,0.0,0.0,1.0,1.0,0.85,0.525,0.0,0.55,0.5225,False,0,0
3852,202512241405,1.0,1.0,1.0,1.0,75,m1,0,0,1.0,1.0,1.0,1.0,1.0,50.0,0.0,0.0,0.0,0.0,1.0,1.0,0.1,0.525,0.0,0.55,0.2975,False,0,0
3853,202512241406,1.0,1.0,1.0,1.0,120,m1,0,0,1.0,1.0,1.0,1.0,1.0,50.0,0.0,0.0,0.0,0.0,1.0,1.0,0.4,0.525,0.0,0.55,0.38749999999999996,False,0,0
3854,202512241407,1.0,1.0,1.0,1.0,183,m1,0,0,1.0,1.0,1.0,1.0,1.0,50.0,0.0,0.0,0.0,0.0,1.0,1.0,0.9,0.525,0.0,0.55,0.5375,False,0,0
3855,202512241408,1.0,1.0,1.0,1.0,160,m1,0,0,1.0,1.0,1.0,1.0,1.0,50.0,0.0,0.0,0.0,0.0,1.0,1.0,0.825,0.525,0.0,0.55,0.515,False,0,0
3856,202512241409,1.0,1.0,1.0,1.0,184,m1,0,0,1.0,1.0,1.0,1.0,1.0,50.0,0.0,0.0,0.0,0.0,1.0,1.0,0.9,0.525,0.0,0.55,0.5375,False,0,0
3857,202512241410,1.0,1.0,1.0,1.0,132,m1,0,0,1.0,1.0,1.0,1.0,1.0,50.0,0.0,0.0,0.0,0.0,1.0,1.0,0.35,0.525,0.0,0.55,0.37250000000000005,False,0,0
3858,202512241411,1.0,1.0,1.0,1.0,179,m1,0,0,1.0,1.0,1.0,1.0,1.0,50.0,0.0,0.0,0.0,0.0,1.0,1.0,0.85,0.525,0.0,0.55,0.5225,False,0,0
3859,202512241412,1.0,1.0,1.0,1.0,129,m1,0,0,1.0,1.0,1.0,1.0,1.0,50.0,0.0,0.0,0.0,0.0,1.0,1.0,0.3,0.525,0.0,0.55,0.35750000000000004,False,0,0
3860,202512241413,1.0,1.0,1.0,1.0,140,m1,0,0,1.0,1.0,1.0,1.0,1.0,50.0,0.0,0.0,0.0,0.0,1.0,1.0,0.55,0.525,0.0,0.55,0.4325,False,0,0
3861,202512241414,1.0,1.0,1.0,1.0,107,m1,0,0,1.0,1.0,1.0,1.0,1.0,50.0,0.0,0.0,0.0,0.0,1.0,1.0,0.1,0.525,0.0,0.55,0.2975,False,0,0
3862,202512241415,1.0,1.0,1.0,1.0,69,m1,0,0,1.0,1.0,1.0,1.0,1.0,50.0,0.0,0.0,0.0,0.0,1.0,1.0,0.05,0.525,0.0,0.55,0.2825,False,0,0
3863,202512241416,1.0,1.0,1.0,1.0,118,m1,0,0,1.0,1.0,1.0,1.0,1.0,50.0,0.0,0.0,0.0,0.0,1.0,1.0,0.3,0.525,0.0,0.55,0.35750000000000004,False,0,0
3864,202512241417,1.0,1.0,1.0,1.0,53,m1,0,0,1.0,1.0,1.0,1.0,1.0,50.0,0.0,0.0,0.0,0.0,1.0,1.0,0.05,0.525,0.0,0.55,0.2825,False,0,0
3865,202512241418,1.0,1.0,1.0,1.0,81,m1,0,0,1.0,1.0,1.0,1.0,1.0,50.0,0.0,0.0,0.0,0.0,1.0,1.0,0.2,0.525,0.0,0.55,0.3275,False,0,0
3866,202512241419,1.0,1.0,1.0,1.0,81,m1,0,0,1.0,1.0,1.0,1.0,1.0,50.0,0.0,0.0,0.0,0.0,1.0,1.0,0.225,0.525,0.0,0.55,0.335,False,0,0
3867,202512241420,1.0,1.0,1.0,1.0,63,m1,0,0,1.0,1.0,1.0,1.0,1.0,50.0,0.0,0.0,0.0,0.0,1.0,1.0,0.1,0.525,0.0,0.55,0.2975,False,0,0
3868,202512241421,1.0,1.0,1.0,1.0,87,m1,0,0,1.0,1.0,1.0,1.0,1.0,50.0,0.0,0.0,0.0,0.0,1.0,1.0,0.35,0.525,0.0,0.55,0.37250000000000005,False,0,0
3869,202512241422,1.0,1.0,1.0,1.0,102,m1,0,0,1.0,1.0,1.0,1.0,1.0,50.0,0.0,0.0,0.0,0.0,1.0,1.0,0.4,0.525,0.0,0.55,0.38749999999999996,False,0,0
3870,202512241423,1.0,1.0,1.0,1.0,127,m1,0,0,1.0,1.0,1.0,1.0,1.0,50.0,0.0,0.0,0.0,0.0,1.0,1.0,0.6,0.525,0.0,0.55,0.4475,False,0,0
3871,202512241424,1.0,1.0,1.0,1.0,73,m1,0,0,1.0,1.0,1.0,1.0,1.0,50.0,0.0,0.0,0.0,0.0,1.0,1.0,0.2,0.525,0.0,0.55,0.3275,False,0,0
3872,202512241425,1.0,1.0,1.0,1.0,116,m1,0,0,1.0,1.0,1.0,1.0,1.0,50.0,0.0,0.0,0.0,0.0,1.0,1.0,0.5,0.525,0.0,0.55,0.4175,False,0,0
3873,202512241426,1.0,1.0,1.0,1.0,136,m1,0,0,1.0,1.0,1.0,1.0,1.0,50.0,0.0,0.0,0.0,0.0,1.0,1.0,0.75,0.525,0.0,0.55,0.49249999999999994,False,0,0
3874,202512241427,1.0,1.0,1.0,1.0,98,m1,0,0,1.0,1.0,1.0,1.0,1.0,50.0,0.0,0.0,0.0,0.0,1.0,1.0,0.4,0.525,0.0,0.55,0.38749999999999996,False,0,0
3875,202512241428,1.0,1.0,1.0,1.0,151,m1,0,0,1.0,1.0,1.0,1.0,1.0,50.0,0.0,0.0,0.0,0.0,1.0,1.0,0.9,0.525,0.0,0.55,0.5375,False,0,0
3876,202512241429,1.0,1.0,1.0,1.0,127,m1,0,0,1.0,1.0,1.0,1.0,1.0,50.0,0.0,0.0,0.0,0.0,1.0,1.0,0.675,0.525,0.0,0.55,0.47,False,0,0
3877,202512241430,1.0,1.0,1.0,1.0,226,m1,0,0,1.0,1.0,1.0,1.0,1.0,50.0,0.0,0.0,0.0,0.0,1.0,1.0,1.0,0.525,0.0,0.55,0.5675,False,0,0
3878,202512241431,1.0,1.0,1.0,1.0,138,m1,0,0,1.0,1.0,1.0,1.0,1.0,50.0,0.0,0.0,0.0,0.0,1.0,1.0,0.85,0.525,0.0,0.55,0.5225,False,0,0
3879,202512241432,1.0,1.0,1.0,1.0,231,m1,0,0,1.0,1.0,1.0,1.0,1.0,50.0,0.0,0.0,0.0,0.0,1.0,1.0,1.0,0.525,0.0,0.55,0.5675,False,0,0
3880,202512241433,1.0,1.0,1.0,1.0,101,m1,0,0,1.0,1.0,1.0,1.0,1.0,50.0,0.0,0.0,0.0,0.0,1.0,1.0,0.45,0.525,0.0,0.55,0.40249999999999997,False,0,0
3881,202512241434,1.0,1.0,1.0,1.0,114,m1,0,0,1.0,1.0,1.0,1.0,1.0,50.0,0.0,0.0,0.0,0.0,1.0,1.0,0.55,0.525,0.0,0.55,0.4325,False,0,0
3882,202512241435,1.0,1.0,1.0,1.0,184,m1,0,0,1.0,1.0,1.0,1.0,1.0,50.0,0.0,0.0,0.0,0.0,1.0,1.0,0.9,0.525,0.0,0.55,0.5375,False,0,0
3883,202512241436,1.0,1.0,1.0,1.0,157,m1,0,0,1.0,1.0,1.0,1.0,1.0,50.0,0.0,0.0,0.0,0.0,1.0,1.0,0.85,0.525,0.0,0.55,0.5225,False,0,0
3884,202512241437,1.0,1.0,1.0,1.0,175,m1,0,0,1.0,1.0,1.0,1.0,1.0,50.0,0.0,0.0,0.0,0.0,1.0,1.0,0.85,0.525,0.0,0.55,0.5225,False,0,0
3885,202512241438,1.0,1.0,1.0,1.0,201,m1,0,0,1.0,1.0,1.0,1.0,1.0,50.0,0.0,0.0,0.0,0.0,1.0,1.0,0.9,0.525,0.0,0.55,0.5375,False,0,0
3886,202512241439,1.0,1.0,1.0,1.0,231,m1,0,0,1.0,1.0,1.0,1.0,1.0,50.0,0.0,0.0,0.0,0.0,1.0,1.0,0.975,0.525,0.0,0.55,0.5599999999999999,False,0,0
3887,202512241440,1.0,1.0,1.0,1.0,182,m1,0,0,1.0,1.0,1.0,1.0,1.0,50.0,0.0,0.0,0.0,0.0,1.0,1.0,0.75,0.525,0.0,0.55,0.49249999999999994,False,0,0
3888,202512241441,1.0,1.0,1.0,1.0,142,m1,0,0,1.0,1.0,1.0,1.0,1.0,50.0,0.0,0.0,0.0,0.0,1.0,1.0,0.55,0.525,0.0,0.55,0.4325,False,0,0
3889,202512241442,1.0,1.0,1.0,1.0,147,m1,0,0,1.0,1.0,1.0,1.0,1.0,50.0,0.0,0.0,0.0,0.0,1.0,1.0,0.55,0.525,0.0,0.55,0.4325,False,0,0
3890,202512241443,1.0,1.0,1.0,1.0,139,m1,0,0,1.0,1.0,1.0,1.0,1.0,50.0,0.0,0.0,0.0,0.0,1.0,1.0,0.45,0.525,0.0,0.55,0.40249999999999997,False,0,0
3891,202512241444,1.0,1.0,1.0,1.0,125,m1,0,0,1.0,1.0,1.0,1.0,1.0,50.0,0.0,0.0,0.0,0.0,1.0,1.0,0.25,0.525,0.0,0.55,0.3425,False,0,0
3892,202512241445,1.0,1.0,1.0,1.0,184,m1,0,0,1.0,1.0,1.0,1.0,1.0,50.0,0.0,0.0,0.0,0.0,1.0,1.0,0.775,0.525,0.0,0.55,0.5,False,0,0
3893,202512241446,1.0,1.0,1.0,1.0,194,m1,0,0,1.0,1.0,1.0,1.0,1.0,50.0,0.0,0.0,0.0,0.0,1.0,1.0,0.8,0.525,0.0,0.55,0.5075,False,0,0
3894,202512241447,1.0,1.0,1.0,1.0,185,m1,0,0,1.0,1.0,1.0,1.0,1.0,50.0,0.0,0.0,0.0,0.0,1.0,1.0,0.75,0.525,0.0,0.55,0.49249999999999994,False,0,0
3895,202512241448,1.0,1.0,1.0,1.0,163,m1,0,0,1.0,1.0,1.0,1.0,1.0,50.0,0.0,0.0,0.0,0.0,1.0,1.0,0.5,0.525,0.0,0.55,0.4175,False,0,0
3896,202512241449,1.0,1.0,1.0,1.0,179,m1,0,0,1.0,1.0,1.0,1.0,1.0,50.0,0.0,0.0,0.0,0.0,1.0,1.0,0.55,0.525,0.0,0.55,0.4325,False,0,0
3897,202512241450,1.0,1.0,1.0,1.0,208,m1,0,0,1.0,1.0,1.0,1.0,1.0,50.0,0.0,0.0,0.0,0.0,1.0,1.0,0.9,0.525,0.0,0.55,0.5375,False,0,0
3898,202512241451,1.0,1.0,1.0,1.0,191,m1,0,0,1.0,1.0,1.0,1.0,1.0,50.0,0.0,0.0,0.0,0.0,1.0,1.0,0.75,0.525,0.0,0.55,0.49249999999999994,False,0,0
3899,202512241452,1.0,1.0,1.0,1.0,188,m1,0,0,1.0,1.0,1.0,1.0,1.0,50.0,0.0,0.0,0.0,0.0,1.0,1.0,0.75,0.525,0.0,0.55,0.49249999999999994,False,0,0
3900,202512241453,1.0,1.0,1.0,1.0,173,m1,0,0,1.0,1.0,1.0,1.0,1.0,50.0,0.0,0.0,0.0,0.0,1.0,1.0,0.4,0.525,0.0,0.55,0.38749999999999996,False,0,0
3901,202512241454,1.0,1.0,1.0,1.0,281,m1,0,0,1.0,1.0,1.0,1.0,1.0,50.0,0.0,0.0,0.0,0.0,1.0,1.0,1.0,0.525,0.0,0.55,0.5675,False,0,0
3902,202512241455,1.0,1.0,1.0,1.0,311,m1,0,0,1.0,1.0,1.0,1.0,1.0,50.0,0.0,0.0,0.0,0.0,1.0,1.0,1.0,0.525,0.0,0.55,0.5675,False,0,0
3903,202512241456,1.0,1.0,1.0,1.0,277,m1,0,0,1.0,1.0,1.0,1.0,1.0,50.0,0.0,0.0,0.0,0.0,1.0,1.0,0.9,0.525,0.0,0.55,0.5375,False,0,0
3904,202512241457,1.0,1.0,1.0,1.0,292,m1,0,0,1.0,1.0,1.0,1.0,1.0,50.0,0.0,0.0,0.0,0.0,1.0,1.0,0.95,0.525,0.0,0.55,0.5525,False,0,0
3905,202512241458,1.0,1.0,1.0,1.0,331,m1,0,0,1.0,1.0,1.0,1.0,1.0,50.0,0.0,0.0,0.0,0.0,1.0,1.0,1.0,0.525,0.0,0.55,0.5675,False,0,0
3906,202512241459,1.0,1.0,1.0,1.0,265,m1,0,0,1.0,1.0,1.0,1.0,1.0,50.0,0.0,0.0,0.0,0.0,1.0,1.0,0.75,0.525,0.0,0.55,0.49249999999999994,False,0,0
3907,202512241500,1.0,1.0,1.0,1.0,218,m1,0,0,1.0,1.0,1.0,1.0,1.0,50.0,0.0,0.0,0.0,0.0,1.0,1.0,0.7,0.525,0.0,0.55,0.47750000000000004,False,0,0
3908,202512241501,1.0,1.0,1.0,1.0,208,m1,0,0,1.0,1.0,1.0,1.0,1.0,50.0,0.0,0.0,0.0,0.0,1.0,1.0,0.625,0.525,0.0,0.55,0.45499999999999996,False,0,0
3909,202512241502,1.0,1.0,1.0,1.0,192,m1,0,0,1.0,1.0,1.0,1.0,1.0,50.0,0.0,0.0,0.0,0.0,1.0,1.0,0.5,0.525,0.0,0.55,0.4175,False,0,0
3910,202512241503,1.0,1.0,1.0,1.0,185,m1,0,0,1.0,1.0,1.0,1.0,1.0,50.0,0.0,0.0,0.0,0.0,1.0,1.0,0.325,0.525,0.0,0.55,0.365,False,0,0
3911,202512241504,1.0,1.0,1.0,1.0,209,m1,0,0,1.0,1.0,1.0,1.0,1.0,50.0,0.0,0.0,0.0,0.0,1.0,1.0,0.65,0.525,0.0,0.55,0.4625,False,0,0
3912,202512241505,1.0,1.0,1.0,1.0,190,m1,0,0,1.0,1.0,1.0,1.0,1.0,50.0,0.0,0.0,0.0,0.0,1.0,1.0,0.35,0.525,0.0,0.55,0.37250000000000005,False,0,0
3913,202512241506,1.0,1.0,1.0,1.0,164,m1,0,0,1.0,1.0,1.0,1.0,1.0,50.0,0.0,0.0,0.0,0.0,1.0,1.0,0.1,0.525,0.0,0.55,0.2975,False,0,0
3914,202512241507,1.0,1.0,1.0,1.0,192,m1,0,0,1.0,1.0,1.0,1.0,1.0,50.0,0.0,0.0,0.0,0.0,1.0,1.0,0.475,0.525,0.0,0.55,0.41000000000000003,False,0,0
3915,202512241508,1.0,1.0,1.0,1.0,132,m1,0,0,1.0,1.0,1.0,1.0,1.0,50.0,0.0,0.0,0.0,0.0,1.0,1.0,0.05,0.525,0.0,0.55,0.2825,False,0,0
3916,202512241509,1.0,1.0,1.0,1.0,207,m1,0,0,1.0,1.0,1.0,1.0,1.0,50.0,0.0,0.0,0.0,0.0,1.0,1.0,0.5,0.525,0.0,0.55,0.4175,False,0,0
3917,202512241510,1.0,1.0,1.0,1.0,144,m1,0,0,1.0,1.0,1.0,1.0,1.0,50.0,0.0,0.0,0.0,0.0,1.0,1.0,0.1,0.525,0.0,0.55,0.2975,False,0,0
3918,202512241511,1.0,1.0,1.0,1.0,136,m1,0,0,1.0,1.0,1.0,1.0,1.0,50.0,0.0,0.0,0.0,0.0,1.0,1.0,0.1,0.525,0.0,0.55,0.2975,False,0,0
3919,202512241512,1.0,1.0,1.0,1.0,161,m1,0,0,1.0,1.0,1.0,1.0,1.0,50.0,0.0,0.0,0.0,0.0,1.0,1.0,0.2,0.525,0.0,0.55,0.3275,False,0,0
3920,202512241513,1.0,1.0,1.0,1.0,125,m1,0,0,1.0,1.0,1.0,1.0,1.0,50.0,0.0,0.0,0.0,0.0,1.0,1.0,0.05,0.525,0.0,0.55,0.2825,False,0,0
3921,202512241514,1.0,1.0,1.0,1.0,152,m1,0,0,1.0,1.0,1.0,1.0,1.0,50.0,0.0,0.0,0.0,0.0,1.0,1.0,0.25,0.525,0.0,0.55,0.3425,False,0,0
3922,202512241515,1.0,1.0,1.0,1.0,132,m1,0,0,1.0,1.0,1.0,1.0,1.0,50.0,0.0,0.0,0.0,0.0,1.0,1.0,0.125,0.525,0.0,0.55,0.30500000000000005,False,0,0
3923,202512241516,1.0,1.0,1.0,1.0,132,m1,0,0,1.0,1.0,1.0,1.0,1.0,50.0,0.0,0.0,0.0,0.0,1.0,1.0,0.15,0.525,0.0,0.55,0.3125,False,0,0
3924,202512241517,1.0,1.0,1.0,1.0,197,m1,0,0,1.0,1.0,1.0,1.0,1.0,50.0,0.0,0.0,0.0,0.0,1.0,1.0,0.7,0.525,0.0,0.55,0.47750000000000004,False,0,0
3925,202512241518,1.0,1.0,1.0,1.0,112,m1,0,0,1.0,1.0,1.0,1.0,1.0,50.0,0.0,0.0,0.0,0.0,1.0,1.0,0.05,0.525,0.0,0.55,0.2825,False,0,0
3926,202512241519,1.0,1.0,1.0,1.0,91,m1,0,0,1.0,1.0,1.0,1.0,1.0,50.0,0.0,0.0,0.0,0.0,1.0,1.0,0.05,0.525,0.0,0.55,0.2825,False,0,0
3927,202512241520,1.0,1.0,1.0,1.0,206,m1,0,0,1.0,1.0,1.0,1.0,1.0,50.0,0.0,0.0,0.0,0.0,1.0,1.0,0.85,0.525,0.0,0.55,0.5225,False,0,0
3928,202512241521,1.0,1.0,1.0,1.0,127,m1,0,0,1.0,1.0,1.0,1.0,1.0,50.0,0.0,0.0,0.0,0.0,1.0,1.0,0.2,0.525,0.0,0.55,0.3275,False,0,0
3929,202512241522,1.0,1.0,1.0,1.0,156,m1,0,0,1.0,1.0,1.0,1.0,1.0,50.0,0.0,0.0,0.0,0.0,1.0,1.0,0.55,0.525,0.0,0.55,0.4325,False,0,0
3930,202512241523,1.0,1.0,1.0,1.0,190,m1,0,0,1.0,1.0,1.0,1.0,1.0,50.0,0.0,0.0,0.0,0.0,1.0,1.0,0.725,0.525,0.0,0.55,0.485,False,0,0
3931,202512241524,1.0,1.0,1.0,1.0,161,m1,0,0,1.0,1.0,1.0,1.0,1.0,50.0,0.0,0.0,0.0,0.0,1.0,1.0,0.625,0.525,0.0,0.55,0.45499999999999996,False,0,0
3932,202512241525,1.0,1.0,1.0,1.0,176,m1,0,0,1.0,1.0,1.0,1.0,1.0,50.0,0.0,0.0,0.0,0.0,1.0,1.0,0.75,0.525,0.0,0.55,0.49249999999999994,False,0,0
3933,202512241526,1.0,1.0,1.0,1.0,172,m1,0,0,1.0,1.0,1.0,1.0,1.0,50.0,0.0,0.0,0.0,0.0,1.0,1.0,0.7,0.525,0.0,0.55,0.47750000000000004,False,0,0
3934,202512241527,1.0,1.0,1.0,1.0,109,m1,0,0,1.0,1.0,1.0,1.0,1.0,50.0,0.0,0.0,0.0,0.0,1.0,1.0,0.1,0.525,0.0,0.55,0.2975,False,0,0
3935,202512241528,1.0,1.0,1.0,1.0,185,m1,0,0,1.0,1.0,1.0,1.0,1.0,50.0,0.0,0.0,0.0,0.0,1.0,1.0,0.8,0.525,0.0,0.55,0.5075,False,0,0
3936,202512241529,1.0,1.0,1.0,1.0,144,m1,0,0,1.0,1.0,1.0,1.0,1.0,50.0,0.0,0.0,0.0,0.0,1.0,1.0,0.475,0.525,0.0,0.55,0.41000000000000003,False,0,0
3937,202512241530,1.0,1.0,1.0,1.0,210,m1,0,0,1.0,1.0,1.0,1.0,1.0,50.0,0.0,0.0,0.0,0.0,1.0,1.0,1.0,0.525,0.0,0.55,0.5675,False,0,0
3938,202512241531,1.0,1.0,1.0,1.0,115,m1,0,0,1.0,1.0,1.0,1.0,1.0,50.0,0.0,0.0,0.0,0.0,1.0,1.0,0.2,0.525,0.0,0.55,0.3275,False,0,0
3939,202512241532,1.0,1.0,1.0,1.0,171,m1,0,0,1.0,1.0,1.0,1.0,1.0,50.0,0.0,0.0,0.0,0.0,1.0,1.0,0.65,0.525,0.0,0.55,0.4625,False,0,0
3940,202512241533,1.0,1.0,1.0,1.0,153,m1,0,0,1.0,1.0,1.0,1.0,1.0,50.0,0.0,0.0,0.0,0.0,1.0,1.0,0.5,0.525,0.0,0.55,0.4175,False,0,0
3941,202512241534,1.0,1.0,1.0,1.0,127,m1,0,0,1.0,1.0,1.0,1.0,1.0,50.0,0.0,0.0,0.0,0.0,1.0,1.0,0.275,0.525,0.0,0.55,0.35,False,0,0
3942,202512241535,1.0,1.0,1.0,1.0,190,m1,0,0,1.0,1.0,1.0,1.0,1.0,50.0,0.0,0.0,0.0,0.0,1.0,1.0,0.825,0.525,0.0,0.55,0.515,False,0,0
3943,202512241536,1.0,1.0,1.0,1.0,122,m1,0,0,1.0,1.0,1.0,1.0,1.0,50.0,0.0,0.0,0.0,0.0,1.0,1.0,0.25,0.525,0.0,0.55,0.3425,False,0,0
3944,202512241537,1.0,1.0,1.0,1.0,132,m1,0,0,1.0,1.0,1.0,1.0,1.0,50.0,0.0,0.0,0.0,0.0,1.0,1.0,0.4,0.525,0.0,0.55,0.38749999999999996,False,0,0
3945,202512241538,1.0,1.0,1.0,1.0,130,m1,0,0,1.0,1.0,1.0,1.0,1.0,50.0,0.0,0.0,0.0,0.0,1.0,1.0,0.35,0.525,0.0,0.55,0.37250000000000005,False,0,0
3946,202512241539,1.0,1.0,1.0,1.0,131,m1,0,0,1.0,1.0,1.0,1.0,1.0,50.0,0.0,0.0,0.0,0.0,1.0,1.0,0.35,0.525,0.0,0.55,0.37250000000000005,False,0,0
3947,202512241540,1.0,1.0,1.0,1.0,97,m1,0,0,1.0,1.0,1.0,1.0,1.0,50.0,0.0,0.0,0.0,0.0,1.0,1.0,0.05,0.525,0.0,0.55,0.2825,False,0,0
3948,202512241541,1.0,1.0,1.0,1.0,141,m1,0,0,1.0,1.0,1.0,1.0,1.0,50.0,0.0,0.0,0.0,0.0,1.0,1.0,0.45,0.525,0.0,0.55,0.40249999999999997,False,0,0
3949,202512241542,1.0,1.0,1.0,1.0,71,m1,0,0,1.0,1.0,1.0,1.0,1.0,50.0,0.0,0.0,0.0,0.0,1.0,1.0,0.05,0.525,0.0,0.55,0.2825,False,0,0
3950,202512241543,1.0,1.0,1.0,1.0,189,m1,0,0,1.0,1.0,1.0,1.0,1.0,50.0,0.0,0.0,0.0,0.0,1.0,1.0,0.9,0.525,0.0,0.55,0.5375,False,0,0
3951,202512241544,1.0,1.0,1.0,1.0,148,m1,0,0,1.0,1.0,1.0,1.0,1.0,50.0,0.0,0.0,0.0,0.0,1.0,1.0,0.6,0.525,0.0,0.55,0.4475,False,0,0
3952,202512241545,1.0,1.0,1.0,1.0,189,m1,0,0,1.0,1.0,1.0,1.0,1.0,50.0,0.0,0.0,0.0,0.0,1.0,1.0,0.875,0.525,0.0,0.55,0.53,False,0,0
3953,202512241546,1.0,1.0,1.0,1.0,206,m1,0,0,1.0,1.0,1.0,1.0,1.0,50.0,0.0,0.0,0.0,0.0,1.0,1.0,0.95,0.525,0.0,0.55,0.5525,False,0,0
3954,202512241547,1.0,1.0,1.0,1.0,153,m1,0,0,1.0,1.0,1.0,1.0,1.0,50.0,0.0,0.0,0.0,0.0,1.0,1.0,0.625,0.525,0.0,0.55,0.45499999999999996,False,0,0
3955,202512241548,1.0,1.0,1.0,1.0,162,m1,0,0,1.0,1.0,1.0,1.0,1.0,50.0,0.0,0.0,0.0,0.0,1.0,1.0,0.7,0.525,0.0,0.55,0.47750000000000004,False,0,0
3956,202512241549,1.0,1.0,1.0,1.0,164,m1,0,0,1.0,1.0,1.0,1.0,1.0,50.0,0.0,0.0,0.0,0.0,1.0,1.0,0.7,0.525,0.0,0.55,0.47750000000000004,False,0,0
3957,202512241550,1.0,1.0,1.0,1.0,125,m1,0,0,1.0,1.0,1.0,1.0,1.0,50.0,0.0,0.0,0.0,0.0,1.0,1.0,0.25,0.525,0.0,0.55,0.3425,False,0,0
3958,202512241551,1.0,1.0,1.0,1.0,113,m1,0,0,1.0,1.0,1.0,1.0,1.0,50.0,0.0,0.0,0.0,0.0,1.0,1.0,0.15,0.525,0.0,0.55,0.3125,False,0,0
3959,202512241552,1.0,1.0,1.0,1.0,143,m1,0,0,1.0,1.0,1.0,1.0,1.0,50.0,0.0,0.0,0.0,0.0,1.0,1.0,0.55,0.525,0.0,0.55,0.4325,False,0,0
3960,202512241553,1.0,1.0,1.0,1.0,175,m1,0,0,1.0,1.0,1.0,1.0,1.0,50.0,0.0,0.0,0.0,0.0,1.0,1.0,0.8,0.525,0.0,0.55,0.5075,False,0,0
3961,202512241554,1.0,1.0,1.0,1.0,151,m1,0,0,1.0,1.0,1.0,1.0,1.0,50.0,0.0,0.0,0.0,0.0,1.0,1.0,0.6,0.525,0.0,0.55,0.4475,False,0,0
3962,202512241555,1.0,1.0,1.0,1.0,92,m1,0,0,1.0,1.0,1.0,1.0,1.0,50.0,0.0,0.0,0.0,0.0,1.0,1.0,0.1,0.525,0.0,0.55,0.2975,False,0,0
3963,202512241556,1.0,1.0,1.0,1.0,199,m1,0,0,1.0,1.0,1.0,1.0,1.0,50.0,0.0,0.0,0.0,0.0,1.0,1.0,0.95,0.525,0.0,0.55,0.5525,False,0,0
3964,202512241557,1.0,1.0,1.0,1.0,332,m1,0,0,1.0,1.0,1.0,1.0,1.0,50.0,0.0,0.0,0.0,0.0,1.0,1.0,1.0,0.525,0.0,0.55,0.5675,False,0,0
3965,202512241558,1.0,1.0,1.0,1.0,191,m1,0,0,1.0,1.0,1.0,1.0,1.0,50.0,0.0,0.0,0.0,0.0,1.0,1.0,0.85,0.525,0.0,0.55,0.5225,False,0,0
3966,202512241559,1.0,1.0,1.0,1.0,143,m1,0,0,1.0,1.0,1.0,1.0,1.0,50.0,0.0,0.0,0.0,0.0,1.0,1.0,0.375,0.525,0.0,0.55,0.38,False,0,0
3967,202512241600,1.0,1.0,1.0,1.0,174,m1,0,0,1.0,1.0,1.0,1.0,1.0,50.0,0.0,0.0,0.0,0.0,1.0,1.0,0.65,0.525,0.0,0.55,0.4625,False,0,0
3968,202512241601,1.0,1.0,1.0,1.0,178,m1,0,0,1.0,1.0,1.0,1.0,1.0,50.0,0.0,0.0,0.0,0.0,1.0,1.0,0.7,0.525,0.0,0.55,0.47750000000000004,False,0,0
3969,202512241602,1.0,1.0,1.0,1.0,253,m1,0,0,1.0,1.0,1.0,1.0,1.0,50.0,0.0,0.0,0.0,0.0,1.0,1.0,0.95,0.525,0.0,0.55,0.5525,False,0,0
3970,202512241603,1.0,1.0,1.0,1.0,144,m1,0,0,1.0,1.0,1.0,1.0,1.0,50.0,0.0,0.0,0.0,0.0,1.0,1.0,0.3,0.525,0.0,0.55,0.35750000000000004,False,0,0
3971,202512241604,1.0,1.0,1.0,1.0,127,m1,0,0,1.0,1.0,1.0,1.0,1.0,50.0,0.0,0.0,0.0,0.0,1.0,1.0,0.2,0.525,0.0,0.55,0.3275,False,0,0
3972,202512241605,1.0,1.0,1.0,1.0,114,m1,0,0,1.0,1.0,1.0,1.0,1.0,50.0,0.0,0.0,0.0,0.0,1.0,1.0,0.15,0.525,0.0,0.55,0.3125,False,0,0
3973,202512241606,1.0,1.0,1.0,1.0,151,m1,0,0,1.0,1.0,1.0,1.0,1.0,50.0,0.0,0.0,0.0,0.0,1.0,1.0,0.475,0.525,0.0,0.55,0.41000000000000003,False,0,0
3974,202512241607,1.0,1.0,1.0,1.0,164,m1,0,0,1.0,1.0,1.0,1.0,1.0,50.0,0.0,0.0,0.0,0.0,1.0,1.0,0.625,0.525,0.0,0.55,0.45499999999999996,False,0,0
3975,202512241608,1.0,1.0,1.0,1.0,178,m1,0,0,1.0,1.0,1.0,1.0,1.0,50.0,0.0,0.0,0.0,0.0,1.0,1.0,0.775,0.525,0.0,0.55,0.5,False,0,0
3976,202512241609,1.0,1.0,1.0,1.0,134,m1,0,0,1.0,1.0,1.0,1.0,1.0,50.0,0.0,0.0,0.0,0.0,1.0,1.0,0.3,0.525,0.0,0.55,0.35750000000000004,False,0,0
3977,202512241610,1.0,1.0,1.0,1.0,153,m1,0,0,1.0,1.0,1.0,1.0,1.0,50.0,0.0,0.0,0.0,0.0,1.0,1.0,0.55,0.525,0.0,0.55,0.4325,False,0,0
3978,202512241611,1.0,1.0,1.0,1.0,187,m1,0,0,1.0,1.0,1.0,1.0,1.0,50.0,0.0,0.0,0.0,0.0,1.0,1.0,0.8,0.525,0.0,0.55,0.5075,False,0,0
3979,202512241612,1.0,1.0,1.0,1.0,184,m1,0,0,1.0,1.0,1.0,1.0,1.0,50.0,0.0,0.0,0.0,0.0,1.0,1.0,0.75,0.525,0.0,0.55,0.49249999999999994,False,0,0
3980,202512241613,1.0,1.0,1.0,1.0,85,m1,0,0,1.0,1.0,1.0,1.0,1.0,50.0,0.0,0.0,0.0,0.0,1.0,1.0,0.05,0.525,0.0,0.55,0.2825,False,0,0
3981,202512241614,1.0,1.0,1.0,1.0,136,m1,0,0,1.0,1.0,1.0,1.0,1.0,50.0,0.0,0.0,0.0,0.0,1.0,1.0,0.3,0.525,0.0,0.55,0.35750000000000004,False,0,0
3982,202512241615,1.0,1.0,1.0,1.0,135,m1,0,0,1.0,1.0,1.0,1.0,1.0,50.0,0.0,0.0,0.0,0.0,1.0,1.0,0.25,0.525,0.0,0.55,0.3425,False,0,0
3983,202512241616,1.0,1.0,1.0,1.0,62,m1,0,0,1.0,1.0,1.0,1.0,1.0,50.0,0.0,0.0,0.0,0.0,1.0,1.0,0.05,0.525,0.0,0.55,0.2825,False,0,0
3984,202512241617,1.0,1.0,1.0,1.0,98,m1,0,0,1.0,1.0,1.0,1.0,1.0,50.0,0.0,0.0,0.0,0.0,1.0,1.0,0.15,0.525,0.0,0.55,0.3125,False,0,0
3985,202512241618,1.0,1.0,1.0,1.0,97,m1,0,0,1.0,1.0,1.0,1.0,1.0,50.0,0.0,0.0,0.0,0.0,1.0,1.0,0.15,0.525,0.0,0.55,0.3125,False,0,0
3986,202512241619,1.0,1.0,1.0,1.0,145,m1,0,0,1.0,1.0,1.0,1.0,1.0,50.0,0.0,0.0,0.0,0.0,1.0,1.0,0.55,0.525,0.0,0.55,0.4325,False,0,0
3987,202512241620,1.0,1.0,1.0,1.0,125,m1,0,0,1.0,1.0,1.0,1.0,1.0,50.0,0.0,0.0,0.0,0.0,1.0,1.0,0.3,0.525,0.0,0.55,0.35750000000000004,False,0,0
3988,202512241621,1.0,1.0,1.0,1.0,90,m1,0,0,1.0,1.0,1.0,1.0,1.0,50.0,0.0,0.0,0.0,0.0,1.0,1.0,0.15,0.525,0.0,0.55,0.3125,False,0,0
3989,202512241622,1.0,1.0,1.0,1.0,117,m1,0,0,1.0,1.0,1.0,1.0,1.0,50.0,0.0,0.0,0.0,0.0,1.0,1.0,0.35,0.525,0.0,0.55,0.37250000000000005,False,0,0
3990,202512241623,1.0,1.0,1.0,1.0,186,m1,0,0,1.0,1.0,1.0,1.0,1.0,50.0,0.0,0.0,0.0,0.0,1.0,1.0,0.95,0.525,0.0,0.55,0.5525,False,0,0
3991,202512241624,1.0,1.0,1.0,1.0,154,m1,0,0,1.0,1.0,1.0,1.0,1.0,50.0,0.0,0.0,0.0,0.0,1.0,1.0,0.75,0.525,0.0,0.55,0.49249999999999994,False,0,0
3992,202512241625,1.0,1.0,1.0,1.0,96,m1,0,0,1.0,1.0,1.0,1.0,1.0,50.0,0.0,0.0,0.0,0.0,1.0,1.0,0.2,0.525,0.0,0.55,0.3275,False,0,0
3993,202512241626,1.0,1.0,1.0,1.0,87,m1,0,0,1.0,1.0,1.0,1.0,1.0,50.0,0.0,0.0,0.0,0.0,1.0,1.0,0.15,0.525,0.0,0.55,0.3125,False,0,0
3994,202512241627,1.0,1.0,1.0,1.0,133,m1,0,0,1.0,1.0,1.0,1.0,1.0,50.0,0.0,0.0,0.0,0.0,1.0,1.0,0.5,0.525,0.0,0.55,0.4175,False,0,0
3995,202512241628,1.0,1.0,1.0,1.0,151,m1,0,0,1.0,1.0,1.0,1.0,1.0,50.0,0.0,0.0,0.0,0.0,1.0,1.0,0.75,0.525,0.0,0.55,0.49249999999999994,False,0,0
3996,202512241629,1.0,1.0,1.0,1.0,99,m1,0,0,1.0,1.0,1.0,1.0,1.0,50.0,0.0,0.0,0.0,0.0,1.0,1.0,0.4,0.525,0.0,0.55,0.38749999999999996,False,0,0
3997,202512241630,1.0,1.0,1.0,1.0,95,m1,0,0,1.0,1.0,1.0,1.0,1.0,50.0,0.0,0.0,0.0,0.0,1.0,1.0,0.25,0.525,0.0,0.55,0.3425,False,0,0
3998,202512241631,1.0,1.0,1.0,1.0,86,m1,0,0,1.0,1.0,1.0,1.0,1.0,50.0,0.0,0.0,0.0,0.0,1.0,1.0,0.15,0.525,0.0,0.55,0.3125,False,0,0
3999,202512241632,1.0,1.0,1.0,1.0,138,m1,0,0,1.0,1.0,1.0,1.0,1.0,50.0,0.0,0.0,0.0,0.0,1.0,1.0,0.8,0.525,0.0,0.55,0.5075,False,0,0
4000,202512241633,1.0,1.0,1.0,1.0,70,m1,0,0,1.0,1.0,1.0,1.0,1.0,50.0,0.0,0.0,0.0,0.0,1.0,1.0,0.1,0.525,0.0,0.55,0.2975,False,0,0
4001,202512241634,1.0,1.0,1.0,1.0,85,m1,0,0,1.0,1.0,1.0,1.0,1.0,50.0,0.0,0.0,0.0,0.0,1.0,1.0,0.15,0.525,0.0,0.55,0.3125,False,0,0
4002,202512241635,1.0,1.0,1.0,1.0,85,m1,0,0,1.0,1.0,1.0,1.0,1.0,50.0,0.0,0.0,0.0,0.0,1.0,1.0,0.175,0.525,0.0,0.55,0.32,False,0,0
4003,202512241636,1.0,1.0,1.0,1.0,58,m1,0,0,1.0,1.0,1.0,1.0,1.0,50.0,0.0,0.0,0.0,0.0,1.0,1.0,0.05,0.525,0.0,0.55,0.2825,False,0,0
4004,202512241637,1.0,1.0,1.0,1.0,120,m1,0,0,1.0,1.0,1.0,1.0,1.0,50.0,0.0,0.0,0.0,0.0,1.0,1.0,0.65,0.525,0.0,0.55,0.4625,False,0,0
4005,202512241638,1.0,1.0,1.0,1.0,179,m1,0,0,1.0,1.0,1.0,1.0,1.0,50.0,0.0,0.0,0.0,0.0,1.0,1.0,0.95,0.525,0.0,0.55,0.5525,False,0,0
4006,202512241639,1.0,1.0,1.0,1.0,160,m1,0,0,1.0,1.0,1.0,1.0,1.0,50.0,0.0,0.0,0.0,0.0,1.0,1.0,0.9,0.525,0.0,0.55,0.5375,False,0,0
4007,202512241640,1.0,1.0,1.0,1.0,107,m1,0,0,1.0,1.0,1.0,1.0,1.0,50.0,0.0,0.0,0.0,0.0,1.0,1.0,0.55,0.525,0.0,0.55,0.4325,False,0,0
4008,202512241641,1.0,1.0,1.0,1.0,129,m1,0,0,1.0,1.0,1.0,1.0,1.0,50.0,0.0,0.0,0.0,0.0,1.0,1.0,0.65,0.525,0.0,0.55,0.4625,False,0,0
4009,202512241642,1.0,1.0,1.0,1.0,133,m1,0,0,1.0,1.0,1.0,1.0,1.0,50.0,0.0,0.0,0.0,0.0,1.0,1.0,0.675,0.525,0.0,0.55,0.47,False,0,0
4010,202512241643,1.0,1.0,1.0,1.0,136,m1,0,0,1.0,1.0,1.0,1.0,1.0,50.0,0.0,0.0,0.0,0.0,1.0,1.0,0.75,0.525,0.0,0.55,0.49249999999999994,False,0,0
4011,202512241644,1.0,1.0,1.0,1.0,174,m1,0,0,1.0,1.0,1.0,1.0,1.0,50.0,0.0,0.0,0.0,0.0,1.0,1.0,0.95,0.525,0.0,0.55,0.5525,False,0,0
4012,202512241645,1.0,1.0,1.0,1.0,124,m1,0,0,1.0,1.0,1.0,1.0,1.0,50.0,0.0,0.0,0.0,0.0,1.0,1.0,0.55,0.525,0.0,0.55,0.4325,False,0,0
4013,202512241646,1.0,1.0,1.0,1.0,147,m1,0,0,1.0,1.0,1.0,1.0,1.0,50.0,0.0,0.0,0.0,0.0,1.0,1.0,0.8,0.525,0.0,0.55,0.5075,False,0,0
4014,202512241647,1.0,1.0,1.0,1.0,81,m1,0,0,1.0,1.0,1.0,1.0,1.0,50.0,0.0,0.0,0.0,0.0,1.0,1.0,0.15,0.525,0.0,0.55,0.3125,False,0,0
4015,202512241648,1.0,1.0,1.0,1.0,66,m1,0,0,1.0,1.0,1.0,1.0,1.0,50.0,0.0,0.0,0.0,0.0,1.0,1.0,0.1,0.525,0.0,0.55,0.2975,False,0,0
4016,202512241649,1.0,1.0,1.0,1.0,64,m1,0,0,1.0,1.0,1.0,1.0,1.0,50.0,0.0,0.0,0.0,0.0,1.0,1.0,0.1,0.525,0.0,0.55,0.2975,False,0,0
4017,202512241650,1.0,1.0,1.0,1.0,86,m1,0,0,1.0,1.0,1.0,1.0,1.0,50.0,0.0,0.0,0.0,0.0,1.0,1.0,0.425,0.525,0.0,0.55,0.395,False,0,0
4018,202512241651,1.0,1.0,1.0,1.0,72,m1,0,0,1.0,1.0,1.0,1.0,1.0,50.0,0.0,0.0,0.0,0.0,1.0,1.0,0.25,0.525,0.0,0.55,0.3425,False,0,0
4019,202512241652,1.0,1.0,1.0,1.0,59,m1,0,0,1.0,1.0,1.0,1.0,1.0,50.0,0.0,0.0,0.0,0.0,1.0,1.0,0.1,0.525,0.0,0.55,0.2975,False,0,0
4020,202512241653,1.0,1.0,1.0,1.0,69,m1,0,0,1.0,1.0,1.0,1.0,1.0,50.0,0.0,0.0,0.0,0.0,1.0,1.0,0.25,0.525,0.0,0.55,0.3425,False,0,0
4021,202512241654,1.0,1.0,1.0,1.0,76,m1,0,0,1.0,1.0,1.0,1.0,1.0,50.0,0.0,0.0,0.0,0.0,1.0,1.0,0.35,0.525,0.0,0.55,0.37250000000000005,False,0,0
4022,202512241655,1.0,1.0,1.0,1.0,92,m1,0,0,1.0,1.0,1.0,1.0,1.0,50.0,0.0,0.0,0.0,0.0,1.0,1.0,0.5,0.525,0.0,0.55,0.4175,False,0,0
4023,202512241656,1.0,1.0,1.0,1.0,80,m1,0,0,1.0,1.0,1.0,1.0,1.0,50.0,0.0,0.0,0.0,0.0,1.0,1.0,0.35,0.525,0.0,0.55,0.37250000000000005,False,0,0
4024,202512241657,1.0,1.0,1.0,1.0,107,m1,0,0,1.0,1.0,1.0,1.0,1.0,50.0,0.0,0.0,0.0,0.0,1.0,1.0,0.575,0.525,0.0,0.55,0.43999999999999995,False,0,0
4025,202512241658,1.0,1.0,1.0,1.0,168,m1,0,0,1.0,1.0,1.0,1.0,1.0,50.0,0.0,0.0,0.0,0.0,1.0,1.0,0.95,0.525,0.0,0.55,0.5525,False,0,0
4026,202512241659,1.0,1.0,1.0,1.0,66,m1,0,0,1.0,1.0,1.0,1.0,1.0,50.0,0.0,0.0,0.0,0.0,1.0,1.0,0.175,0.525,0.0,0.55,0.32,False,0,0
4027,202512241700,1.0,1.0,1.0,1.0,141,m1,0,0,1.0,1.0,1.0,1.0,1.0,50.0,0.0,0.0,0.0,0.0,1.0,1.0,0.85,0.525,0.0,0.55,0.5225,False,0,0
4028,202512241701,1.0,1.0,1.0,1.0,104,m1,0,0,1.0,1.0,1.0,1.0,1.0,50.0,0.0,0.0,0.0,0.0,1.0,1.0,0.6,0.525,0.0,0.55,0.4475,False,0,0
4029,202512241702,1.0,1.0,1.0,1.0,136,m1,0,0,1.0,1.0,1.0,1.0,1.0,50.0,0.0,0.0,0.0,0.0,1.0,1.0,0.775,0.525,0.0,0.55,0.5,False,0,0
4030,202512241703,1.0,1.0,1.0,1.0,77,m1,0,0,1.0,1.0,1.0,1.0,1.0,50.0,0.0,0.0,0.0,0.0,1.0,1.0,0.4,0.525,0.0,0.55,0.38749999999999996,False,0,0
4031,202512241704,1.0,1.0,1.0,1.0,69,m1,0,0,1.0,1.0,1.0,1.0,1.0,50.0,0.0,0.0,0.0,0.0,1.0,1.0,0.275,0.525,0.0,0.55,0.35,False,0,0
4032,202512241705,1.0,1.0,1.0,1.0,73,m1,0,0,1.0,1.0,1.0,1.0,1.0,50.0,0.0,0.0,0.0,0.0,1.0,1.0,0.4,0.525,0.0,0.55,0.38749999999999996,False,0,0
4033,202512241706,1.0,1.0,1.0,1.0,79,m1,0,0,1.0,1.0,1.0,1.0,1.0,50.0,0.0,0.0,0.0,0.0,1.0,1.0,0.55,0.525,0.0,0.55,0.4325,False,0,0
4034,202512241707,1.0,1.0,1.0,1.0,61,m1,0,0,1.0,1.0,1.0,1.0,1.0,50.0,0.0,0.0,0.0,0.0,1.0,1.0,0.1,0.525,0.0,0.55,0.2975,False,0,0
4035,202512241708,1.0,1.0,1.0,1.0,73,m1,0,0,1.0,1.0,1.0,1.0,1.0,50.0,0.0,0.0,0.0,0.0,1.0,1.0,0.425,0.525,0.0,0.55,0.395,False,0,0
4036,202512241709,1.0,1.0,1.0,1.0,77,m1,0,0,1.0,1.0,1.0,1.0,1.0,50.0,0.0,0.0,0.0,0.0,1.0,1.0,0.525,0.525,0.0,0.55,0.42500000000000004,False,0,0
4037,202512241710,1.0,1.0,1.0,1.0,102,m1,0,0,1.0,1.0,1.0,1.0,1.0,50.0,0.0,0.0,0.0,0.0,1.0,1.0,0.75,0.525,0.0,0.55,0.49249999999999994,False,0,0
4038,202512241711,1.0,1.0,1.0,1.0,56,m1,0,0,1.0,1.0,1.0,1.0,1.0,50.0,0.0,0.0,0.0,0.0,1.0,1.0,0.05,0.525,0.0,0.55,0.2825,False,0,0
4039,202512241712,1.0,1.0,1.0,1.0,60,m1,0,0,1.0,1.0,1.0,1.0,1.0,50.0,0.0,0.0,0.0,0.0,1.0,1.0,0.1,0.525,0.0,0.55,0.2975,False,0,0
4040,202512241713,1.0,1.0,1.0,1.0,60,m1,0,0,1.0,1.0,1.0,1.0,1.0,50.0,0.0,0.0,0.0,0.0,1.0,1.0,0.125,0.525,0.0,0.55,0.30500000000000005,False,0,0
4041,202512241714,1.0,1.0,1.0,1.0,56,m1,0,0,1.0,1.0,1.0,1.0,1.0,50.0,0.0,0.0,0.0,0.0,1.0,1.0,0.075,0.525,0.0,0.55,0.29000000000000004,False,0,0
4042,202512241715,1.0,1.0,1.0,1.0,71,m1,0,0,1.0,1.0,1.0,1.0,1.0,50.0,0.0,0.0,0.0,0.0,1.0,1.0,0.4,0.525,0.0,0.55,0.38749999999999996,False,0,0
4043,202512241716,1.0,1.0,1.0,1.0,59,m1,0,0,1.0,1.0,1.0,1.0,1.0,50.0,0.0,0.0,0.0,0.0,1.0,1.0,0.15,0.525,0.0,0.55,0.3125,False,0,0
4044,202512241717,1.0,1.0,1.0,1.0,20,m1,0,0,1.0,1.0,1.0,1.0,1.0,50.0,0.0,0.0,0.0,0.0,1.0,1.0,0.05,0.525,0.0,0.55,0.2825,False,0,0
4045,202512241718,1.0,1.0,1.0,1.0,50,m1,0,0,1.0,1.0,1.0,1.0,1.0,50.0,0.0,0.0,0.0,0.0,1.0,1.0,0.1,0.525,0.0,0.55,0.2975,False,0,0
4046,202512241719,1.0,1.0,1.0,1.0,102,m1,0,0,1.0,1.0,1.0,1.0,1.0,50.0,0.0,0.0,0.0,0.0,1.0,1.0,0.825,0.525,0.0,0.55,0.515,False,0,0
4047,202512241720,1.0,1.0,1.0,1.0,99,m1,0,0,1.0,1.0,1.0,1.0,1.0,50.0,0.0,0.0,0.0,0.0,1.0,1.0,0.8,0.525,0.0,0.55,0.5075,False,0,0
4048,202512241721,1.0,1.0,1.0,1.0,55,m1,0,0,1.0,1.0,1.0,1.0,1.0,50.0,0.0,0.0,0.0,0.0,1.0,1.0,0.15,0.525,0.0,0.55,0.3125,False,0,0
4049,202512241722,1.0,1.0,1.0,1.0,59,m1,0,0,1.0,1.0,1.0,1.0,1.0,50.0,0.0,0.0,0.0,0.0,1.0,1.0,0.325,0.525,0.0,0.55,0.365,False,0,0
4050,202512241723,1.0,1.0,1.0,1.0,61,m1,0,0,1.0,1.0,1.0,1.0,1.0,50.0,0.0,0.0,0.0,0.0,1.0,1.0,0.525,0.525,0.0,0.55,0.42500000000000004,False,0,0
4051,202512241724,1.0,1.0,1.0,1.0,55,m1,0,0,1.0,1.0,1.0,1.0,1.0,50.0,0.0,0.0,0.0,0.0,1.0,1.0,0.175,0.525,0.0,0.55,0.32,False,0,0
4052,202512241725,1.0,1.0,1.0,1.0,78,m1,0,0,1.0,1.0,1.0,1.0,1.0,50.0,0.0,0.0,0.0,0.0,1.0,1.0,0.8,0.525,0.0,0.55,0.5075,False,0,0
4053,202512241726,1.0,1.0,1.0,1.0,39,m1,0,0,1.0,1.0,1.0,1.0,1.0,50.0,0.0,0.0,0.0,0.0,1.0,1.0,0.1,0.525,0.0,0.55,0.2975,False,0,0
4054,202512241727,1.0,1.0,1.0,1.0,102,m1,0,0,1.0,1.0,1.0,1.0,1.0,50.0,0.0,0.0,0.0,0.0,1.0,1.0,0.95,0.525,0.0,0.55,0.5525,False,0,0
4055,202512241728,1.0,1.0,1.0,1.0,96,m1,0,0,1.0,1.0,1.0,1.0,1.0,50.0,0.0,0.0,0.0,0.0,1.0,1.0,0.8,0.525,0.0,0.55,0.5075,False,0,0
4056,202512241729,1.0,1.0,1.0,1.0,75,m1,0,0,1.0,1.0,1.0,1.0,1.0,50.0,0.0,0.0,0.0,0.0,1.0,1.0,0.7,0.525,0.0,0.55,0.47750000000000004,False,0,0
4057,202512241730,1.0,1.0,1.0,1.0,135,m1,0,0,1.0,1.0,1.0,1.0,1.0,50.0,0.0,0.0,0.0,0.0,1.0,1.0,1.0,0.525,0.0,0.55,0.5675,False,0,0
4058,202512241731,1.0,1.0,1.0,1.0,53,m1,0,0,1.0,1.0,1.0,1.0,1.0,50.0,0.0,0.0,0.0,0.0,1.0,1.0,0.2,0.525,0.0,0.55,0.3275,False,0,0
4059,202512241732,1.0,1.0,1.0,1.0,48,m1,0,0,1.0,1.0,1.0,1.0,1.0,50.0,0.0,0.0,0.0,0.0,1.0,1.0,0.15,0.525,0.0,0.55,0.3125,False,0,0
4060,202512241733,1.0,1.0,1.0,1.0,44,m1,0,0,1.0,1.0,1.0,1.0,1.0,50.0,0.0,0.0,0.0,0.0,1.0,1.0,0.15,0.525,0.0,0.55,0.3125,False,0,0
4061,202512241734,1.0,1.0,1.0,1.0,43,m1,0,0,1.0,1.0,1.0,1.0,1.0,50.0,0.0,0.0,0.0,0.0,1.0,1.0,0.15,0.525,0.0,0.55,0.3125,False,0,0
4062,202512241735,1.0,1.0,1.0,1.0,34,m1,0,0,1.0,1.0,1.0,1.0,1.0,50.0,0.0,0.0,0.0,0.0,1.0,1.0,0.1,0.525,0.0,0.55,0.2975,False,0,0
4063,202512241736,1.0,1.0,1.0,1.0,131,m1,0,0,1.0,1.0,1.0,1.0,1.0,50.0,0.0,0.0,0.0,0.0,1.0,1.0,0.95,0.525,0.0,0.55,0.5525,False,0,0
4064,202512241737,1.0,1.0,1.0,1.0,79,m1,0,0,1.0,1.0,1.0,1.0,1.0,50.0,0.0,0.0,0.0,0.0,1.0,1.0,0.7,0.525,0.0,0.55,0.47750000000000004,False,0,0
4065,202512241738,1.0,1.0,1.0,1.0,95,m1,0,0,1.0,1.0,1.0,1.0,1.0,50.0,0.0,0.0,0.0,0.0,1.0,1.0,0.7,0.525,0.0,0.55,0.47750000000000004,False,0,0
4066,202512241739,1.0,1.0,1.0,1.0,93,m1,0,0,1.0,1.0,1.0,1.0,1.0,50.0,0.0,0.0,0.0,0.0,1.0,1.0,0.7,0.525,0.0,0.55,0.47750000000000004,False,0,0
4067,202512241740,1.0,1.0,1.0,1.0,54,m1,0,0,1.0,1.0,1.0,1.0,1.0,50.0,0.0,0.0,0.0,0.0,1.0,1.0,0.35,0.525,0.0,0.55,0.37250000000000005,False,0,0
4068,202512241741,1.0,1.0,1.0,1.0,85,m1,0,0,1.0,1.0,1.0,1.0,1.0,50.0,0.0,0.0,0.0,0.0,1.0,1.0,0.7,0.525,0.0,0.55,0.47750000000000004,False,0,0
4069,202512241742,1.0,1.0,1.0,1.0,87,m1,0,0,1.0,1.0,1.0,1.0,1.0,50.0,0.0,0.0,0.0,0.0,1.0,1.0,0.7,0.525,0.0,0.55,0.47750000000000004,False,0,0
4070,202512241743,1.0,1.0,1.0,1.0,82,m1,0,0,1.0,1.0,1.0,1.0,1.0,50.0,0.0,0.0,0.0,0.0,1.0,1.0,0.6,0.525,0.0,0.55,0.4475,False,0,0
4071,202512241744,1.0,1.0,1.0,1.0,89,m1,0,0,1.0,1.0,1.0,1.0,1.0,50.0,0.0,0.0,0.0,0.0,1.0,1.0,0.7,0.525,0.0,0.55,0.47750000000000004,False,0,0
4072,202512241745,1.0,1.0,1.0,1.0,56,m1,0,0,1.0,1.0,1.0,1.0,1.0,50.0,0.0,0.0,0.0,0.0,1.0,1.0,0.4,0.525,0.0,0.55,0.38749999999999996,False,0,0
4073,202512241746,1.0,1.0,1.0,1.0,66,m1,0,0,1.0,1.0,1.0,1.0,1.0,50.0,0.0,0.0,0.0,0.0,1.0,1.0,0.4,0.525,0.0,0.55,0.38749999999999996,False,0,0
4074,202512241747,1.0,1.0,1.0,1.0,79,m1,0,0,1.0,1.0,1.0,1.0,1.0,50.0,0.0,0.0,0.0,0.0,1.0,1.0,0.525,0.525,0.0,0.55,0.42500000000000004,False,0,0
4075,202512241748,1.0,1.0,1.0,1.0,35,m1,0,0,1.0,1.0,1.0,1.0,1.0,50.0,0.0,0.0,0.0,0.0,1.0,1.0,0.1,0.525,0.0,0.55,0.2975,False,0,0
4076,202512241749,1.0,1.0,1.0,1.0,70,m1,0,0,1.0,1.0,1.0,1.0,1.0,50.0,0.0,0.0,0.0,0.0,1.0,1.0,0.5,0.525,0.0,0.55,0.4175,False,0,0
4077,202512241750,1.0,1.0,1.0,1.0,68,m1,0,0,1.0,1.0,1.0,1.0,1.0,50.0,0.0,0.0,0.0,0.0,1.0,1.0,0.5,0.525,0.0,0.55,0.4175,False,0,0
4078,202512241751,1.0,1.0,1.0,1.0,78,m1,0,0,1.0,1.0,1.0,1.0,1.0,50.0,0.0,0.0,0.0,0.0,1.0,1.0,0.55,0.525,0.0,0.55,0.4325,False,0,0
4079,202512241752,1.0,1.0,1.0,1.0,78,m1,0,0,1.0,1.0,1.0,1.0,1.0,50.0,0.0,0.0,0.0,0.0,1.0,1.0,0.525,0.525,0.0,0.55,0.42500000000000004,False,0,0
4080,202512241753,1.0,1.0,1.0,1.0,58,m1,0,0,1.0,1.0,1.0,1.0,1.0,50.0,0.0,0.0,0.0,0.0,1.0,1.0,0.3,0.525,0.0,0.55,0.35750000000000004,False,0,0
4081,202512241754,1.0,1.0,1.0,1.0,69,m1,0,0,1.0,1.0,1.0,1.0,1.0,50.0,0.0,0.0,0.0,0.0,1.0,1.0,0.4,0.525,0.0,0.55,0.38749999999999996,False,0,0
4082,202512241755,1.0,1.0,1.0,1.0,102,m1,0,0,1.0,1.0,1.0,1.0,1.0,50.0,0.0,0.0,0.0,0.0,1.0,1.0,0.95,0.525,0.0,0.55,0.5525,False,0,0
4083,202512241756,1.0,1.0,1.0,1.0,102,m1,0,0,1.0,1.0,1.0,1.0,1.0,50.0,0.0,0.0,0.0,0.0,1.0,1.0,0.975,0.525,0.0,0.55,0.5599999999999999,False,0,0
4084,202512241757,1.0,1.0,1.0,1.0,83,m1,0,0,1.0,1.0,1.0,1.0,1.0,50.0,0.0,0.0,0.0,0.0,1.0,1.0,0.65,0.525,0.0,0.55,0.4625,False,0,0
4085,202512241758,1.0,1.0,1.0,1.0,225,m1,0,0,1.0,1.0,1.0,1.0,1.0,50.0,0.0,0.0,0.0,0.0,1.0,1.0,1.0,0.525,0.0,0.55,0.5675,False,0,0
4086,202512241759,1.0,1.0,1.0,1.0,359,m1,0,0,1.0,1.0,1.0,1.0,1.0,50.0,0.0,0.0,0.0,0.0,1.0,1.0,1.0,0.525,0.0,0.55,0.5675,False,0,0
4087,202512241800,1.0,1.0,1.0,1.0,136,m1,0,0,1.0,1.0,1.0,1.0,1.0,50.0,0.0,0.0,0.0,0.0,1.0,1.0,0.9,0.525,0.0,0.55,0.5375,False,0,0
4088,202512241801,1.0,1.0,1.0,1.0,86,m1,0,0,1.0,1.0,1.0,1.0,1.0,50.0,0.0,0.0,0.0,0.0,1.0,1.0,0.65,0.525,0.0,0.55,0.4625,False,0,0
4089,202512241802,1.0,1.0,1.0,1.0,38,m1,0,0,1.0,1.0,1.0,1.0,1.0,50.0,0.0,0.0,0.0,0.0,1.0,1.0,0.1,0.525,0.0,0.55,0.2975,False,0,0
4090,202512241803,1.0,1.0,1.0,1.0,56,m1,0,0,1.0,1.0,1.0,1.0,1.0,50.0,0.0,0.0,0.0,0.0,1.0,1.0,0.175,0.525,0.0,0.55,0.32,False,0,0
4091,202512241804,1.0,1.0,1.0,1.0,54,m1,0,0,1.0,1.0,1.0,1.0,1.0,50.0,0.0,0.0,0.0,0.0,1.0,1.0,0.15,0.525,0.0,0.55,0.3125,False,0,0
4092,202512241805,1.0,1.0,1.0,1.0,80,m1,0,0,1.0,1.0,1.0,1.0,1.0,50.0,0.0,0.0,0.0,0.0,1.0,1.0,0.65,0.525,0.0,0.55,0.4625,False,0,0
4093,202512241806,1.0,1.0,1.0,1.0,77,m1,0,0,1.0,1.0,1.0,1.0,1.0,50.0,0.0,0.0,0.0,0.0,1.0,1.0,0.45,0.525,0.0,0.55,0.40249999999999997,False,0,0
4094,202512241807,1.0,1.0,1.0,1.0,62,m1,0,0,1.0,1.0,1.0,1.0,1.0,50.0,0.0,0.0,0.0,0.0,1.0,1.0,0.3,0.525,0.0,0.55,0.35750000000000004,False,0,0
4095,202512241808,1.0,1.0,1.0,1.0,48,m1,0,0,1.0,1.0,1.0,1.0,1.0,50.0,0.0,0.0,0.0,0.0,1.0,1.0,0.1,0.525,0.0,0.55,0.2975,False,0,0
4096,202512241809,1.0,1.0,1.0,1.0,89,m1,0,0,1.0,1.0,1.0,1.0,1.0,50.0,0.0,0.0,0.0,0.0,1.0,1.0,0.75,0.525,0.0,0.55,0.49249999999999994,False,0,0
4097,202512241810,1.0,1.0,1.0,1.0,94,m1,0,0,1.0,1.0,1.0,1.0,1.0,50.0,0.0,0.0,0.0,0.0,1.0,1.0,0.75,0.525,0.0,0.55,0.49249999999999994,False,0,0
4098,202512241811,1.0,1.0,1.0,1.0,95,m1,0,0,1.0,1.0,1.0,1.0,1.0,50.0,0.0,0.0,0.0,0.0,1.0,1.0,0.75,0.525,0.0,0.55,0.49249999999999994,False,0,0
4099,202512241812,1.0,1.0,1.0,1.0,121,m1,0,0,1.0,1.0,1.0,1.0,1.0,50.0,0.0,0.0,0.0,0.0,1.0,1.0,0.85,0.525,0.0,0.55,0.5225,False,0,0
4100,202512241813,1.0,1.0,1.0,1.0,116,m1,0,0,1.0,1.0,1.0,1.0,1.0,50.0,0.0,0.0,0.0,0.0,1.0,1.0,0.8,0.525,0.0,0.55,0.5075,False,0,0
4101,202512241814,1.0,1.0,1.0,1.0,434,m1,0,0,1.0,1.0,1.0,1.0,1.0,50.0,0.0,0.0,0.0,0.0,1.0,1.0,1.0,0.525,0.0,0.55,0.5675,False,0,0
4102,202512241815,1.0,1.0,1.0,1.0,111,m1,0,0,1.0,1.0,1.0,1.0,1.0,50.0,0.0,0.0,0.0,0.0,1.0,1.0,0.7,0.525,0.0,0.55,0.47750000000000004,False,0,0
4103,202512241816,1.0,1.0,1.0,1.0,126,m1,0,0,1.0,1.0,1.0,1.0,1.0,50.0,0.0,0.0,0.0,0.0,1.0,1.0,0.8,0.525,0.0,0.55,0.5075,False,0,0
4104,202512241817,1.0,1.0,1.0,1.0,112,m1,0,0,1.0,1.0,1.0,1.0,1.0,50.0,0.0,0.0,0.0,0.0,1.0,1.0,0.65,0.525,0.0,0.55,0.4625,False,0,0
4105,202512241818,1.0,1.0,1.0,1.0,87,m1,0,0,1.0,1.0,1.0,1.0,1.0,50.0,0.0,0.0,0.0,0.0,1.0,1.0,0.45,0.525,0.0,0.55,0.40249999999999997,False,0,0
4106,202512241819,1.0,1.0,1.0,1.0,172,m1,0,0,1.0,1.0,1.0,1.0,1.0,50.0,0.0,0.0,0.0,0.0,1.0,1.0,0.95,0.525,0.0,0.55,0.5525,False,0,0
4107,202512241820,1.0,1.0,1.0,1.0,46,m1,0,0,1.0,1.0,1.0,1.0,1.0,50.0,0.0,0.0,0.0,0.0,1.0,1.0,0.1,0.525,0.0,0.55,0.2975,False,0,0
4108,202512241821,1.0,1.0,1.0,1.0,32,m1,0,0,1.0,1.0,1.0,1.0,1.0,50.0,0.0,0.0,0.0,0.0,1.0,1.0,0.05,0.525,0.0,0.55,0.2825,False,0,0
4109,202512241822,1.0,1.0,1.0,1.0,20,m1,0,0,1.0,1.0,1.0,1.0,1.0,50.0,0.0,0.0,0.0,0.0,1.0,1.0,0.05,0.525,0.0,0.55,0.2825,False,0,0
4110,202512241823,1.0,1.0,1.0,1.0,19,m1,0,0,1.0,1.0,1.0,1.0,1.0,50.0,0.0,0.0,0.0,0.0,1.0,1.0,0.05,0.525,0.0,0.55,0.2825,False,0,0
4111,202512241824,1.0,1.0,1.0,1.0,170,m1,0,0,1.0,1.0,1.0,1.0,1.0,50.0,0.0,0.0,0.0,0.0,1.0,1.0,0.9,0.525,0.0,0.55,0.5375,False,0,0
4112,202512241825,1.0,1.0,1.0,1.0,107,m1,0,0,1.0,1.0,1.0,1.0,1.0,50.0,0.0,0.0,0.0,0.0,1.0,1.0,0.6,0.525,0.0,0.55,0.4475,False,0,0
4113,202512241826,1.0,1.0,1.0,1.0,34,m1,0,0,1.0,1.0,1.0,1.0,1.0,50.0,0.0,0.0,0.0,0.0,1.0,1.0,0.2,0.525,0.0,0.55,0.3275,False,0,0
4114,202512241827,1.0,1.0,1.0,1.0,11,m1,0,0,1.0,1.0,1.0,1.0,1.0,50.0,0.0,0.0,0.0,0.0,1.0,1.0,0.05,0.525,0.0,0.55,0.2825,False,0,0
4115,202512241828,1.0,1.0,1.0,1.0,13,m1,0,0,1.0,1.0,1.0,1.0,1.0,50.0,0.0,0.0,0.0,0.0,1.0,1.0,0.1,0.525,0.0,0.55,0.2975,False,0,0
4116,202512241829,1.0,1.0,1.0,1.0,30,m1,0,0,1.0,1.0,1.0,1.0,1.0,50.0,0.0,0.0,0.0,0.0,1.0,1.0,0.25,0.525,0.0,0.55,0.3425,False,0,0
4117,202512241830,1.0,1.0,1.0,1.0,31,m1,0,0,1.0,1.0,1.0,1.0,1.0,50.0,0.0,0.0,0.0,0.0,1.0,1.0,0.3,0.525,0.0,0.55,0.35750000000000004,False,0,0
4118,202512241831,1.0,1.0,1.0,1.0,50,m1,0,0,1.0,1.0,1.0,1.0,1.0,50.0,0.0,0.0,0.0,0.0,1.0,1.0,0.5,0.525,0.0,0.55,0.4175,False,0,0
4119,202512241832,1.0,1.0,1.0,1.0,40,m1,0,0,1.0,1.0,1.0,1.0,1.0,50.0,0.0,0.0,0.0,0.0,1.0,1.0,0.45,0.525,0.0,0.55,0.40249999999999997,False,0,0
4120,202512241833,1.0,1.0,1.0,1.0,54,m1,0,0,1.0,1.0,1.0,1.0,1.0,50.0,0.0,0.0,0.0,0.0,1.0,1.0,0.6,0.525,0.0,0.55,0.4475,False,0,0
4121,202512241834,1.0,1.0,1.0,1.0,149,m1,0,0,1.0,1.0,1.0,1.0,1.0,50.0,0.0,0.0,0.0,0.0,1.0,1.0,0.9,0.525,0.0,0.55,0.5375,False,0,0
4122,202512241835,1.0,1.0,1.0,1.0,132,m1,0,0,1.0,1.0,1.0,1.0,1.0,50.0,0.0,0.0,0.0,0.0,1.0,1.0,0.85,0.525,0.0,0.55,0.5225,False,0,0
4123,202512241836,1.0,1.0,1.0,1.0,47,m1,0,0,1.0,1.0,1.0,1.0,1.0,50.0,0.0,0.0,0.0,0.0,1.0,1.0,0.55,0.525,0.0,0.55,0.4325,False,0,0
4124,202512241837,1.0,1.0,1.0,1.0,123,m1,0,0,1.0,1.0,1.0,1.0,1.0,50.0,0.0,0.0,0.0,0.0,1.0,1.0,0.8,0.525,0.0,0.55,0.5075,False,0,0
4125,202512241838,1.0,1.0,1.0,1.0,62,m1,0,0,1.0,1.0,1.0,1.0,1.0,50.0,0.0,0.0,0.0,0.0,1.0,1.0,0.7,0.525,0.0,0.55,0.47750000000000004,False,0,0
4126,202512241839,1.0,1.0,1.0,1.0,72,m1,0,0,1.0,1.0,1.0,1.0,1.0,50.0,0.0,0.0,0.0,0.0,1.0,1.0,0.75,0.525,0.0,0.55,0.49249999999999994,False,0,0
4127,202512241840,1.0,1.0,1.0,1.0,59,m1,0,0,1.0,1.0,1.0,1.0,1.0,50.0,0.0,0.0,0.0,0.0,1.0,1.0,0.65,0.525,0.0,0.55,0.4625,False,0,0
4128,202512241841,1.0,1.0,1.0,1.0,62,m1,0,0,1.0,1.0,1.0,1.0,1.0,50.0,0.0,0.0,0.0,0.0,1.0,1.0,0.675,0.525,0.0,0.55,0.47,False,0,0
4129,202512241842,1.0,1.0,1.0,1.0,66,m1,0,0,1.0,1.0,1.0,1.0,1.0,50.0,0.0,0.0,0.0,0.0,1.0,1.0,0.7,0.525,0.0,0.55,0.47750000000000004,False,0,0
4130,202512241843,1.0,1.0,1.0,1.0,62,m1,0,0,1.0,1.0,1.0,1.0,1.0,50.0,0.0,0.0,0.0,0.0,1.0,1.0,0.6,0.525,0.0,0.55,0.4475,False,0,0
4131,202512241844,1.0,1.0,1.0,1.0,53,m1,0,0,1.0,1.0,1.0,1.0,1.0,50.0,0.0,0.0,0.0,0.0,1.0,1.0,0.45,0.525,0.0,0.55,0.40249999999999997,False,0,0
4132,202512241845,1.0,1.0,1.0,1.0,17,m1,0,0,1.0,1.0,1.0,1.0,1.0,50.0,0.0,0.0,0.0,0.0,1.0,1.0,0.15,0.525,0.0,0.55,0.3125,False,0,0
4133,202512241846,1.0,1.0,1.0,1.0,14,m1,0,0,1.0,1.0,1.0,1.0,1.0,50.0,0.0,0.0,0.0,0.0,1.0,1.0,0.15,0.525,0.0,0.55,0.3125,False,0,0
4134,202512241847,1.0,1.0,1.0,1.0,12,m1,0,0,1.0,1.0,1.0,1.0,1.0,50.0,0.0,0.0,0.0,0.0,1.0,1.0,0.05,0.525,0.0,0.55,0.2825,False,0,0
4135,202512241848,1.0,1.0,1.0,1.0,17,m1,0,0,1.0,1.0,1.0,1.0,1.0,50.0,0.0,0.0,0.0,0.0,1.0,1.0,0.175,0.525,0.0,0.55,0.32,False,0,0
4136,202512241849,1.0,1.0,1.0,1.0,21,m1,0,0,1.0,1.0,1.0,1.0,1.0,50.0,0.0,0.0,0.0,0.0,1.0,1.0,0.25,0.525,0.0,0.55,0.3425,False,0,0
4137,202512241850,1.0,1.0,1.0,1.0,20,m1,0,0,1.0,1.0,1.0,1.0,1.0,50.0,0.0,0.0,0.0,0.0,1.0,1.0,0.25,0.525,0.0,0.55,0.3425,False,0,0
4138,202512241851,1.0,1.0,1.0,1.0,11,m1,0,0,1.0,1.0,1.0,1.0,1.0,50.0,0.0,0.0,0.0,0.0,1.0,1.0,0.05,0.525,0.0,0.55,0.2825,False,0,0
4139,202512241852,1.0,1.0,1.0,1.0,24,m1,0,0,1.0,1.0,1.0,1.0,1.0,50.0,0.0,0.0,0.0,0.0,1.0,1.0,0.4,0.525,0.0,0.55,0.38749999999999996,False,0,0
4140,202512241853,1.0,1.0,1.0,1.0,3,m1,0,0,1.0,1.0,1.0,1.0,1.0,50.0,0.0,0.0,0.0,0.0,1.0,1.0,0.05,0.525,0.0,0.55,0.2825,False,0,0
4141,202512241854,1.0,1.0,1.0,1.0,23,m1,0,0,1.0,1.0,1.0,1.0,1.0,50.0,0.0,0.0,0.0,0.0,1.0,1.0,0.45,0.525,0.0,0.55,0.40249999999999997,False,0,0
4142,202512241855,1.0,1.0,1.0,1.0,17,m1,0,0,1.0,1.0,1.0,1.0,1.0,50.0,0.0,0.0,0.0,0.0,1.0,1.0,0.3,0.525,0.0,0.55,0.35750000000000004,False,0,0
4143,202512241856,1.0,1.0,1.0,1.0,19,m1,0,0,1.0,1.0,1.0,1.0,1.0,50.0,0.0,0.0,0.0,0.0,1.0,1.0,0.4,0.525,0.0,0.55,0.38749999999999996,False,0,0
4144,202512241857,1.0,1.0,1.0,1.0,19,m1,0,0,1.0,1.0,1.0,1.0,1.0,50.0,0.0,0.0,0.0,0.0,1.0,1.0,0.425,0.525,0.0,0.55,0.395,False,0,0
4145,202512241858,1.0,1.0,1.0,1.0,7,m1,0,0,1.0,1.0,1.0,1.0,1.0,50.0,0.0,0.0,0.0,0.0,1.0,1.0,0.1,0.525,0.0,0.55,0.2975,False,0,0
4146,202512241859,1.0,1.0,1.0,1.0,6,m1,0,0,1.0,1.0,1.0,1.0,1.0,50.0,0.0,0.0,0.0,0.0,1.0,1.0,0.1,0.525,0.0,0.55,0.2975,False,0,0
4147,202512241900,1.0,1.0,1.0,1.0,6,m1,0,0,1.0,1.0,1.0,1.0,1.0,50.0,0.0,0.0,0.0,0.0,1.0,1.0,0.125,0.525,0.0,0.55,0.30500000000000005,False,0,0
4148,202512241901,1.0,1.0,1.0,1.0,6,m1,0,0,1.0,1.0,1.0,1.0,1.0,50.0,0.0,0.0,0.0,0.0,1.0,1.0,0.15,0.525,0.0,0.55,0.3125,False,0,0
4149,202512260631,1.0,1.0,1.0,1.0,97,m1,0,0,1.0,1.0,1.0,1.0,1.0,50.0,0.0,0.0,0.0,0.0,1.0,1.0,1.0,0.525,0.0,0.55,0.5675,False,0,0
4150,202512260632,1.0,1.0,1.0,1.0,96,m1,0,0,1.0,1.0,1.0,1.0,1.0,50.0,0.0,0.0,0.0,0.0,1.0,1.0,0.95,0.525,0.0,0.55,0.5525,False,0,0
4151,202512260633,1.0,1.0,1.0,1.0,75,m1,0,0,1.0,1.0,1.0,1.0,1.0,50.0,0.0,0.0,0.0,0.0,1.0,1.0,0.9,0.525,0.0,0.55,0.5375,False,0,0
4152,202512260634,1.0,1.0,1.0,1.0,79,m1,0,0,1.0,1.0,1.0,1.0,1.0,50.0,0.0,0.0,0.0,0.0,1.0,1.0,0.9,0.525,0.0,0.55,0.5375,False,0,0
4153,202512260635,1.0,1.0,1.0,1.0,106,m1,0,0,1.0,1.0,1.0,1.0,1.0,50.0,0.0,0.0,0.0,0.0,1.0,1.0,1.0,0.525,0.0,0.55,0.5675,False,0,0
4154,202512260636,1.0,1.0,1.0,1.0,187,m1,0,0,1.0,1.0,1.0,1.0,1.0,50.0,0.0,0.0,0.0,0.0,1.0,1.0,1.0,0.525,0.0,0.55,0.5675,False,0,0
4155,202512260637,1.0,1.0,1.0,1.0,121,m1,0,0,1.0,1.0,1.0,1.0,1.0,50.0,0.0,0.0,0.0,0.0,1.0,1.0,0.95,0.525,0.0,0.55,0.5525,False,0,0
4156,202512260638,1.0,1.0,1.0,1.0,181,m1,0,0,1.0,1.0,1.0,1.0,1.0,50.0,0.0,0.0,0.0,0.0,1.0,1.0,0.95,0.525,0.0,0.55,0.5525,False,0,0
4157,202512260639,1.0,1.0,1.0,1.0,122,m1,0,0,1.0,1.0,1.0,1.0,1.0,50.0,0.0,0.0,0.0,0.0,1.0,1.0,0.9,0.525,0.0,0.55,0.5375,False,0,0
4158,202512260640,1.0,1.0,1.0,1.0,140,m1,0,0,1.0,1.0,1.0,1.0,1.0,50.0,0.0,0.0,0.0,0.0,1.0,1.0,0.9,0.525,0.0,0.55,0.5375,False,0,0
4159,202512260641,1.0,1.0,1.0,1.0,151,m1,0,0,1.0,1.0,1.0,1.0,1.0,50.0,0.0,0.0,0.0,0.0,1.0,1.0,0.9,0.525,0.0,0.55,0.5375,False,0,0
4160,202512260642,1.0,1.0,1.0,1.0,243,m1,0,0,1.0,1.0,1.0,1.0,1.0,50.0,0.0,0.0,0.0,0.0,1.0,1.0,1.0,0.525,0.0,0.55,0.5675,False,0,0
4161,202512260643,1.0,1.0,1.0,1.0,195,m1,0,0,1.0,1.0,1.0,1.0,1.0,50.0,0.0,0.0,0.0,0.0,1.0,1.0,0.95,0.525,0.0,0.55,0.5525,False,0,0
4162,202512260644,1.0,1.0,1.0,1.0,140,m1,0,0,1.0,1.0,1.0,1.0,1.0,50.0,0.0,0.0,0.0,0.0,1.0,1.0,0.725,0.525,0.0,0.55,0.485,False,0,0
4163,202512260645,1.0,1.0,1.0,1.0,60,m1,0,0,1.0,1.0,1.0,1.0,1.0,50.0,0.0,0.0,0.0,0.0,1.0,1.0,0.3,0.525,0.0,0.55,0.35750000000000004,False,0,0
4164,202512260646,1.0,1.0,1.0,1.0,43,m1,0,0,1.0,1.0,1.0,1.0,1.0,50.0,0.0,0.0,0.0,0.0,1.0,1.0,0.25,0.525,0.0,0.55,0.3425,False,0,0
4165,202512260647,1.0,1.0,1.0,1.0,168,m1,0,0,1.0,1.0,1.0,1.0,1.0,50.0,0.0,0.0,0.0,0.0,1.0,1.0,0.8,0.525,0.0,0.55,0.5075,False,0,0
4166,202512260648,1.0,1.0,1.0,1.0,123,m1,0,0,1.0,1.0,1.0,1.0,1.0,50.0,0.0,0.0,0.0,0.0,1.0,1.0,0.6,0.525,0.0,0.55,0.4475,False,0,0
4167,202512260649,1.0,1.0,1.0,1.0,117,m1,0,0,1.0,1.0,1.0,1.0,1.0,50.0,0.0,0.0,0.0,0.0,1.0,1.0,0.45,0.525,0.0,0.55,0.40249999999999997,False,0,0
4168,202512260650,1.0,1.0,1.0,1.0,135,m1,0,0,1.0,1.0,1.0,1.0,1.0,50.0,0.0,0.0,0.0,0.0,1.0,1.0,0.6,0.525,0.0,0.55,0.4475,False,0,0
4169,202512260651,1.0,1.0,1.0,1.0,75,m1,0,0,1.0,1.0,1.0,1.0,1.0,50.0,0.0,0.0,0.0,0.0,1.0,1.0,0.175,0.525,0.0,0.55,0.32,False,0,0
4170,202512260652,1.0,1.0,1.0,1.0,106,m1,0,0,1.0,1.0,1.0,1.0,1.0,50.0,0.0,0.0,0.0,0.0,1.0,1.0,0.325,0.525,0.0,0.55,0.365,False,0,0
4171,202512260653,1.0,1.0,1.0,1.0,125,m1,0,0,1.0,1.0,1.0,1.0,1.0,50.0,0.0,0.0,0.0,0.0,1.0,1.0,0.55,0.525,0.0,0.55,0.4325,False,0,0
4172,202512260654,1.0,1.0,1.0,1.0,148,m1,0,0,1.0,1.0,1.0,1.0,1.0,50.0,0.0,0.0,0.0,0.0,1.0,1.0,0.7,0.525,0.0,0.55,0.47750000000000004,False,0,0
4173,202512260655,1.0,1.0,1.0,1.0,145,m1,0,0,1.0,1.0,1.0,1.0,1.0,50.0,0.0,0.0,0.0,0.0,1.0,1.0,0.65,0.525,0.0,0.55,0.4625,False,0,0
4174,202512260656,1.0,1.0,1.0,1.0,97,m1,0,0,1.0,1.0,1.0,1.0,1.0,50.0,0.0,0.0,0.0,0.0,1.0,1.0,0.2,0.525,0.0,0.55,0.3275,False,0,0
4175,202512260657,1.0,1.0,1.0,1.0,126,m1,0,0,1.0,1.0,1.0,1.0,1.0,50.0,0.0,0.0,0.0,0.0,1.0,1.0,0.5,0.525,0.0,0.55,0.4175,False,0,0
4176,202512260658,1.0,1.0,1.0,1.0,160,m1,0,0,1.0,1.0,1.0,1.0,1.0,50.0,0.0,0.0,0.0,0.0,1.0,1.0,0.85,0.525,0.0,0.55,0.5225,False,0,0
4177,202512260659,1.0,1.0,1.0,1.0,112,m1,0,0,1.0,1.0,1.0,1.0,1.0,50.0,0.0,0.0,0.0,0.0,1.0,1.0,0.3,0.525,0.0,0.55,0.35750000000000004,False,0,0
4178,202512260700,1.0,1.0,1.0,1.0,285,m1,0,0,1.0,1.0,1.0,1.0,1.0,50.0,0.0,0.0,0.0,0.0,1.0,1.0,1.0,0.525,0.0,0.55,0.5675,False,0,0
4179,202512260701,1.0,1.0,1.0,1.0,137,m1,0,0,1.0,1.0,1.0,1.0,1.0,50.0,0.0,0.0,0.0,0.0,1.0,1.0,0.6,0.525,0.0,0.55,0.4475,False,0,0
4180,202512260702,1.0,1.0,1.0,1.0,108,m1,0,0,1.0,1.0,1.0,1.0,1.0,50.0,0.0,0.0,0.0,0.0,1.0,1.0,0.3,0.525,0.0,0.55,0.35750000000000004,False,0,0
4181,202512260703,1.0,1.0,1.0,1.0,101,m1,0,0,1.0,1.0,1.0,1.0,1.0,50.0,0.0,0.0,0.0,0.0,1.0,1.0,0.25,0.525,0.0,0.55,0.3425,False,0,0
4182,202512260704,1.0,1.0,1.0,1.0,125,m1,0,0,1.0,1.0,1.0,1.0,1.0,50.0,0.0,0.0,0.0,0.0,1.0,1.0,0.575,0.525,0.0,0.55,0.43999999999999995,False,0,0
4183,202512260705,1.0,1.0,1.0,1.0,110,m1,0,0,1.0,1.0,1.0,1.0,1.0,50.0,0.0,0.0,0.0,0.0,1.0,1.0,0.35,0.525,0.0,0.55,0.37250000000000005,False,0,0
4184,202512260706,1.0,1.0,1.0,1.0,104,m1,0,0,1.0,1.0,1.0,1.0,1.0,50.0,0.0,0.0,0.0,0.0,1.0,1.0,0.2,0.525,0.0,0.55,0.3275,False,0,0
4185,202512260707,1.0,1.0,1.0,1.0,97,m1,0,0,1.0,1.0,1.0,1.0,1.0,50.0,0.0,0.0,0.0,0.0,1.0,1.0,0.125,0.525,0.0,0.55,0.30500000000000005,False,0,0
4186,202512260708,1.0,1.0,1.0,1.0,86,m1,0,0,1.0,1.0,1.0,1.0,1.0,50.0,0.0,0.0,0.0,0.0,1.0,1.0,0.1,0.525,0.0,0.55,0.2975,False,0,0
4187,202512260709,1.0,1.0,1.0,1.0,166,m1,0,0,1.0,1.0,1.0,1.0,1.0,50.0,0.0,0.0,0.0,0.0,1.0,1.0,0.95,0.525,0.0,0.55,0.5525,False,0,0
4188,202512260710,1.0,1.0,1.0,1.0,133,m1,0,0,1.0,1.0,1.0,1.0,1.0,50.0,0.0,0.0,0.0,0.0,1.0,1.0,0.7,0.525,0.0,0.55,0.47750000000000004,False,0,0
4189,202512260711,1.0,1.0,1.0,1.0,122,m1,0,0,1.0,1.0,1.0,1.0,1.0,50.0,0.0,0.0,0.0,0.0,1.0,1.0,0.5,0.525,0.0,0.55,0.4175,False,0,0
4190,202512260712,1.0,1.0,1.0,1.0,52,m1,0,0,1.0,1.0,1.0,1.0,1.0,50.0,0.0,0.0,0.0,0.0,1.0,1.0,0.05,0.525,0.0,0.55,0.2825,False,0,0
4191,202512260713,1.0,1.0,1.0,1.0,108,m1,0,0,1.0,1.0,1.0,1.0,1.0,50.0,0.0,0.0,0.0,0.0,1.0,1.0,0.375,0.525,0.0,0.55,0.38,False,0,0
4192,202512260714,1.0,1.0,1.0,1.0,76,m1,0,0,1.0,1.0,1.0,1.0,1.0,50.0,0.0,0.0,0.0,0.0,1.0,1.0,0.1,0.525,0.0,0.55,0.2975,False,0,0
4193,202512260715,1.0,1.0,1.0,1.0,89,m1,0,0,1.0,1.0,1.0,1.0,1.0,50.0,0.0,0.0,0.0,0.0,1.0,1.0,0.2,0.525,0.0,0.55,0.3275,False,0,0
4194,202512260716,1.0,1.0,1.0,1.0,91,m1,0,0,1.0,1.0,1.0,1.0,1.0,50.0,0.0,0.0,0.0,0.0,1.0,1.0,0.25,0.525,0.0,0.55,0.3425,False,0,0
4195,202512260717,1.0,1.0,1.0,1.0,104,m1,0,0,1.0,1.0,1.0,1.0,1.0,50.0,0.0,0.0,0.0,0.0,1.0,1.0,0.425,0.525,0.0,0.55,0.395,False,0,0
4196,202512260718,1.0,1.0,1.0,1.0,154,m1,0,0,1.0,1.0,1.0,1.0,1.0,50.0,0.0,0.0,0.0,0.0,1.0,1.0,0.9,0.525,0.0,0.55,0.5375,False,0,0
4197,202512260719,1.0,1.0,1.0,1.0,99,m1,0,0,1.0,1.0,1.0,1.0,1.0,50.0,0.0,0.0,0.0,0.0,1.0,1.0,0.35,0.525,0.0,0.55,0.37250000000000005,False,0,0
4198,202512260720,1.0,1.0,1.0,1.0,126,m1,0,0,1.0,1.0,1.0,1.0,1.0,50.0,0.0,0.0,0.0,0.0,1.0,1.0,0.8,0.525,0.0,0.55,0.5075,False,0,0
4199,202512260721,1.0,1.0,1.0,1.0,121,m1,0,0,1.0,1.0,1.0,1.0,1.0,50.0,0.0,0.0,0.0,0.0,1.0,1.0,0.7,0.525,0.0,0.55,0.47750000000000004,False,0,0
4200,202512260722,1.0,1.0,1.0,1.0,140,m1,0,0,1.0,1.0,1.0,1.0,1.0,50.0,0.0,0.0,0.0,0.0,1.0,1.0,0.9,0.525,0.0,0.55,0.5375,False,0,0
4201,202512260723,1.0,1.0,1.0,1.0,93,m1,0,0,1.0,1.0,1.0,1.0,1.0,50.0,0.0,0.0,0.0,0.0,1.0,1.0,0.3,0.525,0.0,0.55,0.35750000000000004,False,0,0
4202,202512260724,1.0,1.0,1.0,1.0,131,m1,0,0,1.0,1.0,1.0,1.0,1.0,50.0,0.0,0.0,0.0,0.0,1.0,1.0,0.8,0.525,0.0,0.55,0.5075,False,0,0
4203,202512260725,1.0,1.0,1.0,1.0,127,m1,0,0,1.0,1.0,1.0,1.0,1.0,50.0,0.0,0.0,0.0,0.0,1.0,1.0,0.75,0.525,0.0,0.55,0.49249999999999994,False,0,0
4204,202512260726,1.0,1.0,1.0,1.0,144,m1,0,0,1.0,1.0,1.0,1.0,1.0,50.0,0.0,0.0,0.0,0.0,1.0,1.0,0.9,0.525,0.0,0.55,0.5375,False,0,0
4205,202512260727,1.0,1.0,1.0,1.0,105,m1,0,0,1.0,1.0,1.0,1.0,1.0,50.0,0.0,0.0,0.0,0.0,1.0,1.0,0.45,0.525,0.0,0.55,0.40249999999999997,False,0,0
4206,202512260728,1.0,1.0,1.0,1.0,131,m1,0,0,1.0,1.0,1.0,1.0,1.0,50.0,0.0,0.0,0.0,0.0,1.0,1.0,0.725,0.525,0.0,0.55,0.485,False,0,0
4207,202512260729,1.0,1.0,1.0,1.0,153,m1,0,0,1.0,1.0,1.0,1.0,1.0,50.0,0.0,0.0,0.0,0.0,1.0,1.0,0.95,0.525,0.0,0.55,0.5525,False,0,0
4208,202512260730,1.0,1.0,1.0,1.0,130,m1,0,0,1.0,1.0,1.0,1.0,1.0,50.0,0.0,0.0,0.0,0.0,1.0,1.0,0.7,0.525,0.0,0.55,0.47750000000000004,False,0,0
4209,202512260731,1.0,1.0,1.0,1.0,127,m1,0,0,1.0,1.0,1.0,1.0,1.0,50.0,0.0,0.0,0.0,0.0,1.0,1.0,0.625,0.525,0.0,0.55,0.45499999999999996,False,0,0
4210,202512260732,1.0,1.0,1.0,1.0,110,m1,0,0,1.0,1.0,1.0,1.0,1.0,50.0,0.0,0.0,0.0,0.0,1.0,1.0,0.45,0.525,0.0,0.55,0.40249999999999997,False,0,0
4211,202512260733,1.0,1.0,1.0,1.0,140,m1,0,0,1.0,1.0,1.0,1.0,1.0,50.0,0.0,0.0,0.0,0.0,1.0,1.0,0.825,0.525,0.0,0.55,0.515,False,0,0
4212,202512260734,1.0,1.0,1.0,1.0,95,m1,0,0,1.0,1.0,1.0,1.0,1.0,50.0,0.0,0.0,0.0,0.0,1.0,1.0,0.2,0.525,0.0,0.55,0.3275,False,0,0
4213,202512260735,1.0,1.0,1.0,1.0,85,m1,0,0,1.0,1.0,1.0,1.0,1.0,50.0,0.0,0.0,0.0,0.0,1.0,1.0,0.05,0.525,0.0,0.55,0.2825,False,0,0
4214,202512260736,1.0,1.0,1.0,1.0,94,m1,0,0,1.0,1.0,1.0,1.0,1.0,50.0,0.0,0.0,0.0,0.0,1.0,1.0,0.15,0.525,0.0,0.55,0.3125,False,0,0
4215,202512260737,1.0,1.0,1.0,1.0,73,m1,0,0,1.0,1.0,1.0,1.0,1.0,50.0,0.0,0.0,0.0,0.0,1.0,1.0,0.05,0.525,0.0,0.55,0.2825,False,0,0
4216,202512260738,1.0,1.0,1.0,1.0,136,m1,0,0,1.0,1.0,1.0,1.0,1.0,50.0,0.0,0.0,0.0,0.0,1.0,1.0,0.8,0.525,0.0,0.55,0.5075,False,0,0
4217,202512260739,1.0,1.0,1.0,1.0,174,m1,0,0,1.0,1.0,1.0,1.0,1.0,50.0,0.0,0.0,0.0,0.0,1.0,1.0,1.0,0.525,0.0,0.55,0.5675,False,0,0
4218,202512260740,1.0,1.0,1.0,1.0,124,m1,0,0,1.0,1.0,1.0,1.0,1.0,50.0,0.0,0.0,0.0,0.0,1.0,1.0,0.45,0.525,0.0,0.55,0.40249999999999997,False,0,0
4219,202512260741,1.0,1.0,1.0,1.0,224,m1,0,0,1.0,1.0,1.0,1.0,1.0,50.0,0.0,0.0,0.0,0.0,1.0,1.0,1.0,0.525,0.0,0.55,0.5675,False,0,0
4220,202512260742,1.0,1.0,1.0,1.0,138,m1,0,0,1.0,1.0,1.0,1.0,1.0,50.0,0.0,0.0,0.0,0.0,1.0,1.0,0.75,0.525,0.0,0.55,0.49249999999999994,False,0,0
4221,202512260743,1.0,1.0,1.0,1.0,99,m1,0,0,1.0,1.0,1.0,1.0,1.0,50.0,0.0,0.0,0.0,0.0,1.0,1.0,0.25,0.525,0.0,0.55,0.3425,False,0,0
4222,202512260744,1.0,1.0,1.0,1.0,130,m1,0,0,1.0,1.0,1.0,1.0,1.0,50.0,0.0,0.0,0.0,0.0,1.0,1.0,0.575,0.525,0.0,0.55,0.43999999999999995,False,0,0
4223,202512260745,1.0,1.0,1.0,1.0,230,m1,0,0,1.0,1.0,1.0,1.0,1.0,50.0,0.0,0.0,0.0,0.0,1.0,1.0,1.0,0.525,0.0,0.55,0.5675,False,0,0
4224,202512260746,1.0,1.0,1.0,1.0,182,m1,0,0,1.0,1.0,1.0,1.0,1.0,50.0,0.0,0.0,0.0,0.0,1.0,1.0,0.9,0.525,0.0,0.55,0.5375,False,0,0
4225,202512260747,1.0,1.0,1.0,1.0,141,m1,0,0,1.0,1.0,1.0,1.0,1.0,50.0,0.0,0.0,0.0,0.0,1.0,1.0,0.75,0.525,0.0,0.55,0.49249999999999994,False,0,0
4226,202512260748,1.0,1.0,1.0,1.0,154,m1,0,0,1.0,1.0,1.0,1.0,1.0,50.0,0.0,0.0,0.0,0.0,1.0,1.0,0.8,0.525,0.0,0.55,0.5075,False,0,0
4227,202512260749,1.0,1.0,1.0,1.0,136,m1,0,0,1.0,1.0,1.0,1.0,1.0,50.0,0.0,0.0,0.0,0.0,1.0,1.0,0.575,0.525,0.0,0.55,0.43999999999999995,False,0,0
4228,202512260750,1.0,1.0,1.0,1.0,199,m1,0,0,1.0,1.0,1.0,1.0,1.0,50.0,0.0,0.0,0.0,0.0,1.0,1.0,0.9,0.525,0.0,0.55,0.5375,False,0,0
4229,202512260751,1.0,1.0,1.0,1.0,160,m1,0,0,1.0,1.0,1.0,1.0,1.0,50.0,0.0,0.0,0.0,0.0,1.0,1.0,0.75,0.525,0.0,0.55,0.49249999999999994,False,0,0
4230,202512260752,1.0,1.0,1.0,1.0,110,m1,0,0,1.0,1.0,1.0,1.0,1.0,50.0,0.0,0.0,0.0,0.0,1.0,1.0,0.3,0.525,0.0,0.55,0.35750000000000004,False,0,0
4231,202512260753,1.0,1.0,1.0,1.0,178,m1,0,0,1.0,1.0,1.0,1.0,1.0,50.0,0.0,0.0,0.0,0.0,1.0,1.0,0.8,0.525,0.0,0.55,0.5075,False,0,0
4232,202512260754,1.0,1.0,1.0,1.0,240,m1,0,0,1.0,1.0,1.0,1.0,1.0,50.0,0.0,0.0,0.0,0.0,1.0,1.0,1.0,0.525,0.0,0.55,0.5675,False,0,0
4233,202512260755,1.0,1.0,1.0,1.0,191,m1,0,0,1.0,1.0,1.0,1.0,1.0,50.0,0.0,0.0,0.0,0.0,1.0,1.0,0.8,0.525,0.0,0.55,0.5075,False,0,0
4234,202512260756,1.0,1.0,1.0,1.0,284,m1,0,0,1.0,1.0,1.0,1.0,1.0,50.0,0.0,0.0,0.0,0.0,1.0,1.0,1.0,0.525,0.0,0.55,0.5675,False,0,0
4235,202512260757,1.0,1.0,1.0,1.0,264,m1,0,0,1.0,1.0,1.0,1.0,1.0,50.0,0.0,0.0,0.0,0.0,1.0,1.0,0.95,0.525,0.0,0.55,0.5525,False,0,0
4236,202512260758,1.0,1.0,1.0,1.0,200,m1,0,0,1.0,1.0,1.0,1.0,1.0,50.0,0.0,0.0,0.0,0.0,1.0,1.0,0.75,0.525,0.0,0.55,0.49249999999999994,False,0,0
4237,202512260759,1.0,1.0,1.0,1.0,200,m1,0,0,1.0,1.0,1.0,1.0,1.0,50.0,0.0,0.0,0.0,0.0,1.0,1.0,0.725,0.525,0.0,0.55,0.485,False,0,0
4238,202512260800,1.0,1.0,1.0,1.0,251,m1,0,0,1.0,1.0,1.0,1.0,1.0,50.0,0.0,0.0,0.0,0.0,1.0,1.0,0.9,0.525,0.0,0.55,0.5375,False,0,0
4239,202512260801,1.0,1.0,1.0,1.0,243,m1,0,0,1.0,1.0,1.0,1.0,1.0,50.0,0.0,0.0,0.0,0.0,1.0,1.0,0.85,0.525,0.0,0.55,0.5225,False,0,0
4240,202512260802,1.0,1.0,1.0,1.0,242,m1,0,0,1.0,1.0,1.0,1.0,1.0,50.0,0.0,0.0,0.0,0.0,1.0,1.0,0.8,0.525,0.0,0.55,0.5075,False,0,0
4241,202512260803,1.0,1.0,1.0,1.0,146,m1,0,0,1.0,1.0,1.0,1.0,1.0,50.0,0.0,0.0,0.0,0.0,1.0,1.0,0.25,0.525,0.0,0.55,0.3425,False,0,0
4242,202512260804,1.0,1.0,1.0,1.0,190,m1,0,0,1.0,1.0,1.0,1.0,1.0,50.0,0.0,0.0,0.0,0.0,1.0,1.0,0.45,0.525,0.0,0.55,0.40249999999999997,False,0,0
4243,202512260805,1.0,1.0,1.0,1.0,177,m1,0,0,1.0,1.0,1.0,1.0,1.0,50.0,0.0,0.0,0.0,0.0,1.0,1.0,0.35,0.525,0.0,0.55,0.37250000000000005,False,0,0
4244,202512260806,1.0,1.0,1.0,1.0,171,m1,0,0,1.0,1.0,1.0,1.0,1.0,50.0,0.0,0.0,0.0,0.0,1.0,1.0,0.35,0.525,0.0,0.55,0.37250000000000005,False,0,0
4245,202512260807,1.0,1.0,1.0,1.0,191,m1,0,0,1.0,1.0,1.0,1.0,1.0,50.0,0.0,0.0,0.0,0.0,1.0,1.0,0.525,0.525,0.0,0.55,0.42500000000000004,False,0,0
4246,202512260808,1.0,1.0,1.0,1.0,142,m1,0,0,1.0,1.0,1.0,1.0,1.0,50.0,0.0,0.0,0.0,0.0,1.0,1.0,0.15,0.525,0.0,0.55,0.3125,False,0,0
4247,202512260809,1.0,1.0,1.0,1.0,183,m1,0,0,1.0,1.0,1.0,1.0,1.0,50.0,0.0,0.0,0.0,0.0,1.0,1.0,0.4,0.525,0.0,0.55,0.38749999999999996,False,0,0
4248,202512260810,1.0,1.0,1.0,1.0,193,m1,0,0,1.0,1.0,1.0,1.0,1.0,50.0,0.0,0.0,0.0,0.0,1.0,1.0,0.6,0.525,0.0,0.55,0.4475,False,0,0
4249,202512260811,1.0,1.0,1.0,1.0,110,m1,0,0,1.0,1.0,1.0,1.0,1.0,50.0,0.0,0.0,0.0,0.0,1.0,1.0,0.075,0.525,0.0,0.55,0.29000000000000004,False,0,0
4250,202512260812,1.0,1.0,1.0,1.0,151,m1,0,0,1.0,1.0,1.0,1.0,1.0,50.0,0.0,0.0,0.0,0.0,1.0,1.0,0.2,0.525,0.0,0.55,0.3275,False,0,0
4251,202512260813,1.0,1.0,1.0,1.0,120,m1,0,0,1.0,1.0,1.0,1.0,1.0,50.0,0.0,0.0,0.0,0.0,1.0,1.0,0.1,0.525,0.0,0.55,0.2975,False,0,0
4252,202512260814,1.0,1.0,1.0,1.0,139,m1,0,0,1.0,1.0,1.0,1.0,1.0,50.0,0.0,0.0,0.0,0.0,1.0,1.0,0.15,0.525,0.0,0.55,0.3125,False,0,0
4253,202512260815,1.0,1.0,1.0,1.0,123,m1,0,0,1.0,1.0,1.0,1.0,1.0,50.0,0.0,0.0,0.0,0.0,1.0,1.0,0.15,0.525,0.0,0.55,0.3125,False,0,0
4254,202512260816,1.0,1.0,1.0,1.0,160,m1,0,0,1.0,1.0,1.0,1.0,1.0,50.0,0.0,0.0,0.0,0.0,1.0,1.0,0.4,0.525,0.0,0.55,0.38749999999999996,False,0,0
4255,202512260817,1.0,1.0,1.0,1.0,139,m1,0,0,1.0,1.0,1.0,1.0,1.0,50.0,0.0,0.0,0.0,0.0,1.0,1.0,0.225,0.525,0.0,0.55,0.335,False,0,0
4256,202512260818,1.0,1.0,1.0,1.0,148,m1,0,0,1.0,1.0,1.0,1.0,1.0,50.0,0.0,0.0,0.0,0.0,1.0,1.0,0.4,0.525,0.0,0.55,0.38749999999999996,False,0,0
4257,202512260819,1.0,1.0,1.0,1.0,76,m1,0,0,1.0,1.0,1.0,1.0,1.0,50.0,0.0,0.0,0.0,0.0,1.0,1.0,0.05,0.525,0.0,0.55,0.2825,False,0,0
4258,202512260820,1.0,1.0,1.0,1.0,153,m1,0,0,1.0,1.0,1.0,1.0,1.0,50.0,0.0,0.0,0.0,0.0,1.0,1.0,0.55,0.525,0.0,0.55,0.4325,False,0,0
4259,202512260821,1.0,1.0,1.0,1.0,125,m1,0,0,1.0,1.0,1.0,1.0,1.0,50.0,0.0,0.0,0.0,0.0,1.0,1.0,0.25,0.525,0.0,0.55,0.3425,False,0,0
4260,202512260822,1.0,1.0,1.0,1.0,79,m1,0,0,1.0,1.0,1.0,1.0,1.0,50.0,0.0,0.0,0.0,0.0,1.0,1.0,0.1,0.525,0.0,0.55,0.2975,False,0,0
4261,202512260823,1.0,1.0,1.0,1.0,129,m1,0,0,1.0,1.0,1.0,1.0,1.0,50.0,0.0,0.0,0.0,0.0,1.0,1.0,0.35,0.525,0.0,0.55,0.37250000000000005,False,0,0
4262,202512260824,1.0,1.0,1.0,1.0,124,m1,0,0,1.0,1.0,1.0,1.0,1.0,50.0,0.0,0.0,0.0,0.0,1.0,1.0,0.3,0.525,0.0,0.55,0.35750000000000004,False,0,0
4263,202512260825,1.0,1.0,1.0,1.0,94,m1,0,0,1.0,1.0,1.0,1.0,1.0,50.0,0.0,0.0,0.0,0.0,1.0,1.0,0.15,0.525,0.0,0.55,0.3125,False,0,0
4264,202512260826,1.0,1.0,1.0,1.0,104,m1,0,0,1.0,1.0,1.0,1.0,1.0,50.0,0.0,0.0,0.0,0.0,1.0,1.0,0.2,0.525,0.0,0.55,0.3275,False,0,0
4265,202512260827,1.0,1.0,1.0,1.0,117,m1,0,0,1.0,1.0,1.0,1.0,1.0,50.0,0.0,0.0,0.0,0.0,1.0,1.0,0.3,0.525,0.0,0.55,0.35750000000000004,False,0,0
4266,202512260828,1.0,1.0,1.0,1.0,114,m1,0,0,1.0,1.0,1.0,1.0,1.0,50.0,0.0,0.0,0.0,0.0,1.0,1.0,0.3,0.525,0.0,0.55,0.35750000000000004,False,0,0
4267,202512260829,1.0,1.0,1.0,1.0,177,m1,0,0,1.0,1.0,1.0,1.0,1.0,50.0,0.0,0.0,0.0,0.0,1.0,1.0,0.95,0.525,0.0,0.55,0.5525,False,0,0
4268,202512260830,1.0,1.0,1.0,1.0,88,m1,0,0,1.0,1.0,1.0,1.0,1.0,50.0,0.0,0.0,0.0,0.0,1.0,1.0,0.15,0.525,0.0,0.55,0.3125,False,0,0
4269,202512260831,1.0,1.0,1.0,1.0,170,m1,0,0,1.0,1.0,1.0,1.0,1.0,50.0,0.0,0.0,0.0,0.0,1.0,1.0,0.95,0.525,0.0,0.55,0.5525,False,0,0
4270,202512260832,1.0,1.0,1.0,1.0,139,m1,0,0,1.0,1.0,1.0,1.0,1.0,50.0,0.0,0.0,0.0,0.0,1.0,1.0,0.7,0.525,0.0,0.55,0.47750000000000004,False,0,0
4271,202512260833,1.0,1.0,1.0,1.0,40,m1,0,0,1.0,1.0,1.0,1.0,1.0,50.0,0.0,0.0,0.0,0.0,1.0,1.0,0.05,0.525,0.0,0.55,0.2825,False,0,0
4272,202512260834,1.0,1.0,1.0,1.0,78,m1,0,0,1.0,1.0,1.0,1.0,1.0,50.0,0.0,0.0,0.0,0.0,1.0,1.0,0.15,0.525,0.0,0.55,0.3125,False,0,0
4273,202512260835,1.0,1.0,1.0,1.0,62,m1,0,0,1.0,1.0,1.0,1.0,1.0,50.0,0.0,0.0,0.0,0.0,1.0,1.0,0.1,0.525,0.0,0.55,0.2975,False,0,0
4274,202512260836,1.0,1.0,1.0,1.0,75,m1,0,0,1.0,1.0,1.0,1.0,1.0,50.0,0.0,0.0,0.0,0.0,1.0,1.0,0.15,0.525,0.0,0.55,0.3125,False,0,0
4275,202512260837,1.0,1.0,1.0,1.0,70,m1,0,0,1.0,1.0,1.0,1.0,1.0,50.0,0.0,0.0,0.0,0.0,1.0,1.0,0.15,0.525,0.0,0.55,0.3125,False,0,0
4276,202512260838,1.0,1.0,1.0,1.0,97,m1,0,0,1.0,1.0,1.0,1.0,1.0,50.0,0.0,0.0,0.0,0.0,1.0,1.0,0.5,0.525,0.0,0.55,0.4175,False,0,0
4277,202512260839,1.0,1.0,1.0,1.0,75,m1,0,0,1.0,1.0,1.0,1.0,1.0,50.0,0.0,0.0,0.0,0.0,1.0,1.0,0.225,0.525,0.0,0.55,0.335,False,0,0
4278,202512260840,1.0,1.0,1.0,1.0,64,m1,0,0,1.0,1.0,1.0,1.0,1.0,50.0,0.0,0.0,0.0,0.0,1.0,1.0,0.15,0.525,0.0,0.55,0.3125,False,0,0
4279,202512260841,1.0,1.0,1.0,1.0,84,m1,0,0,1.0,1.0,1.0,1.0,1.0,50.0,0.0,0.0,0.0,0.0,1.0,1.0,0.45,0.525,0.0,0.55,0.40249999999999997,False,0,0
4280,202512260842,1.0,1.0,1.0,1.0,69,m1,0,0,1.0,1.0,1.0,1.0,1.0,50.0,0.0,0.0,0.0,0.0,1.0,1.0,0.2,0.525,0.0,0.55,0.3275,False,0,0
4281,202512260843,1.0,1.0,1.0,1.0,191,m1,0,0,1.0,1.0,1.0,1.0,1.0,50.0,0.0,0.0,0.0,0.0,1.0,1.0,1.0,0.525,0.0,0.55,0.5675,False,0,0
4282,202512260844,1.0,1.0,1.0,1.0,105,m1,0,0,1.0,1.0,1.0,1.0,1.0,50.0,0.0,0.0,0.0,0.0,1.0,1.0,0.7,0.525,0.0,0.55,0.47750000000000004,False,0,0
4283,202512260845,1.0,1.0,1.0,1.0,86,m1,0,0,1.0,1.0,1.0,1.0,1.0,50.0,0.0,0.0,0.0,0.0,1.0,1.0,0.5,0.525,0.0,0.55,0.4175,False,0,0
4284,202512260846,1.0,1.0,1.0,1.0,78,m1,0,0,1.0,1.0,1.0,1.0,1.0,50.0,0.0,0.0,0.0,0.0,1.0,1.0,0.425,0.525,0.0,0.55,0.395,False,0,0
4285,202512260847,1.0,1.0,1.0,1.0,112,m1,0,0,1.0,1.0,1.0,1.0,1.0,50.0,0.0,0.0,0.0,0.0,1.0,1.0,0.75,0.525,0.0,0.55,0.49249999999999994,False,0,0
4286,202512260848,1.0,1.0,1.0,1.0,128,m1,0,0,1.0,1.0,1.0,1.0,1.0,50.0,0.0,0.0,0.0,0.0,1.0,1.0,0.8,0.525,0.0,0.55,0.5075,False,0,0
4287,202512260849,1.0,1.0,1.0,1.0,126,m1,0,0,1.0,1.0,1.0,1.0,1.0,50.0,0.0,0.0,0.0,0.0,1.0,1.0,0.8,0.525,0.0,0.55,0.5075,False,0,0
4288,202512260850,1.0,1.0,1.0,1.0,74,m1,0,0,1.0,1.0,1.0,1.0,1.0,50.0,0.0,0.0,0.0,0.0,1.0,1.0,0.3,0.525,0.0,0.55,0.35750000000000004,False,0,0
4289,202512260851,1.0,1.0,1.0,1.0,85,m1,0,0,1.0,1.0,1.0,1.0,1.0,50.0,0.0,0.0,0.0,0.0,1.0,1.0,0.6,0.525,0.0,0.55,0.4475,False,0,0
4290,202512260852,1.0,1.0,1.0,1.0,75,m1,0,0,1.0,1.0,1.0,1.0,1.0,50.0,0.0,0.0,0.0,0.0,1.0,1.0,0.4,0.525,0.0,0.55,0.38749999999999996,False,0,0
4291,202512260853,1.0,1.0,1.0,1.0,80,m1,0,0,1.0,1.0,1.0,1.0,1.0,50.0,0.0,0.0,0.0,0.0,1.0,1.0,0.55,0.525,0.0,0.55,0.4325,False,0,0
4292,202512260854,1.0,1.0,1.0,1.0,89,m1,0,0,1.0,1.0,1.0,1.0,1.0,50.0,0.0,0.0,0.0,0.0,1.0,1.0,0.7,0.525,0.0,0.55,0.47750000000000004,False,0,0
4293,202512260855,1.0,1.0,1.0,1.0,70,m1,0,0,1.0,1.0,1.0,1.0,1.0,50.0,0.0,0.0,0.0,0.0,1.0,1.0,0.175,0.525,0.0,0.55,0.32,False,0,0
4294,202512260856,1.0,1.0,1.0,1.0,64,m1,0,0,1.0,1.0,1.0,1.0,1.0,50.0,0.0,0.0,0.0,0.0,1.0,1.0,0.075,0.525,0.0,0.55,0.29000000000000004,False,0,0
4295,202512260857,1.0,1.0,1.0,1.0,68,m1,0,0,1.0,1.0,1.0,1.0,1.0,50.0,0.0,0.0,0.0,0.0,1.0,1.0,0.15,0.525,0.0,0.55,0.3125,False,0,0
4296,202512260858,1.0,1.0,1.0,1.0,99,m1,0,0,1.0,1.0,1.0,1.0,1.0,50.0,0.0,0.0,0.0,0.0,1.0,1.0,0.75,0.525,0.0,0.55,0.49249999999999994,False,0,0
4297,202512260859,1.0,1.0,1.0,1.0,192,m1,0,0,1.0,1.0,1.0,1.0,1.0,50.0,0.0,0.0,0.0,0.0,1.0,1.0,1.0,0.525,0.0,0.55,0.5675,False,0,0
4298,202512260900,1.0,1.0,1.0,1.0,125,m1,0,0,1.0,1.0,1.0,1.0,1.0,50.0,0.0,0.0,0.0,0.0,1.0,1.0,0.8,0.525,0.0,0.55,0.5075,False,0,0
4299,202512260901,1.0,1.0,1.0,1.0,108,m1,0,0,1.0,1.0,1.0,1.0,1.0,50.0,0.0,0.0,0.0,0.0,1.0,1.0,0.7,0.525,0.0,0.55,0.47750000000000004,False,0,0
4300,202512260902,1.0,1.0,1.0,1.0,102,m1,0,0,1.0,1.0,1.0,1.0,1.0,50.0,0.0,0.0,0.0,0.0,1.0,1.0,0.6,0.525,0.0,0.55,0.4475,False,0,0
4301,202512260903,1.0,1.0,1.0,1.0,137,m1,0,0,1.0,1.0,1.0,1.0,1.0,50.0,0.0,0.0,0.0,0.0,1.0,1.0,0.95,0.525,0.0,0.55,0.5525,False,0,0
4302,202512260904,1.0,1.0,1.0,1.0,104,m1,0,0,1.0,1.0,1.0,1.0,1.0,50.0,0.0,0.0,0.0,0.0,1.0,1.0,0.65,0.525,0.0,0.55,0.4625,False,0,0
4303,202512260905,1.0,1.0,1.0,1.0,106,m1,0,0,1.0,1.0,1.0,1.0,1.0,50.0,0.0,0.0,0.0,0.0,1.0,1.0,0.65,0.525,0.0,0.55,0.4625,False,0,0
4304,202512260906,1.0,1.0,1.0,1.0,46,m1,0,0,1.0,1.0,1.0,1.0,1.0,50.0,0.0,0.0,0.0,0.0,1.0,1.0,0.05,0.525,0.0,0.55,0.2825,False,0,0
4305,202512260907,1.0,1.0,1.0,1.0,141,m1,0,0,1.0,1.0,1.0,1.0,1.0,50.0,0.0,0.0,0.0,0.0,1.0,1.0,0.95,0.525,0.0,0.55,0.5525,False,0,0
4306,202512260908,1.0,1.0,1.0,1.0,170,m1,0,0,1.0,1.0,1.0,1.0,1.0,50.0,0.0,0.0,0.0,0.0,1.0,1.0,0.95,0.525,0.0,0.55,0.5525,False,0,0
4307,202512260909,1.0,1.0,1.0,1.0,166,m1,0,0,1.0,1.0,1.0,1.0,1.0,50.0,0.0,0.0,0.0,0.0,1.0,1.0,0.9,0.525,0.0,0.55,0.5375,False,0,0
4308,202512260910,1.0,1.0,1.0,1.0,102,m1,0,0,1.0,1.0,1.0,1.0,1.0,50.0,0.0,0.0,0.0,0.0,1.0,1.0,0.525,0.525,0.0,0.55,0.42500000000000004,False,0,0
4309,202512260911,1.0,1.0,1.0,1.0,135,m1,0,0,1.0,1.0,1.0,1.0,1.0,50.0,0.0,0.0,0.0,0.0,1.0,1.0,0.75,0.525,0.0,0.55,0.49249999999999994,False,0,0
4310,202512260912,1.0,1.0,1.0,1.0,117,m1,0,0,1.0,1.0,1.0,1.0,1.0,50.0,0.0,0.0,0.0,0.0,1.0,1.0,0.65,0.525,0.0,0.55,0.4625,False,0,0
4311,202512260913,1.0,1.0,1.0,1.0,90,m1,0,0,1.0,1.0,1.0,1.0,1.0,50.0,0.0,0.0,0.0,0.0,1.0,1.0,0.3,0.525,0.0,0.55,0.35750000000000004,False,0,0
4312,202512260914,1.0,1.0,1.0,1.0,117,m1,0,0,1.0,1.0,1.0,1.0,1.0,50.0,0.0,0.0,0.0,0.0,1.0,1.0,0.625,0.525,0.0,0.55,0.45499999999999996,False,0,0
4313,202512260915,1.0,1.0,1.0,1.0,78,m1,0,0,1.0,1.0,1.0,1.0,1.0,50.0,0.0,0.0,0.0,0.0,1.0,1.0,0.2,0.525,0.0,0.55,0.3275,False,0,0
4314,202512260916,1.0,1.0,1.0,1.0,127,m1,0,0,1.0,1.0,1.0,1.0,1.0,50.0,0.0,0.0,0.0,0.0,1.0,1.0,0.7,0.525,0.0,0.55,0.47750000000000004,False,0,0
4315,202512260917,1.0,1.0,1.0,1.0,119,m1,0,0,1.0,1.0,1.0,1.0,1.0,50.0,0.0,0.0,0.0,0.0,1.0,1.0,0.6,0.525,0.0,0.55,0.4475,False,0,0
4316,202512260918,1.0,1.0,1.0,1.0,108,m1,0,0,1.0,1.0,1.0,1.0,1.0,50.0,0.0,0.0,0.0,0.0,1.0,1.0,0.425,0.525,0.0,0.55,0.395,False,0,0
4317,202512260919,1.0,1.0,1.0,1.0,119,m1,0,0,1.0,1.0,1.0,1.0,1.0,50.0,0.0,0.0,0.0,0.0,1.0,1.0,0.625,0.525,0.0,0.55,0.45499999999999996,False,0,0
4318,202512260920,1.0,1.0,1.0,1.0,72,m1,0,0,1.0,1.0,1.0,1.0,1.0,50.0,0.0,0.0,0.0,0.0,1.0,1.0,0.1,0.525,0.0,0.55,0.2975,False,0,0
4319,202512260921,1.0,1.0,1.0,1.0,117,m1,0,0,1.0,1.0,1.0,1.0,1.0,50.0,0.0,0.0,0.0,0.0,1.0,1.0,0.55,0.525,0.0,0.55,0.4325,False,0,0
4320,202512260922,1.0,1.0,1.0,1.0,101,m1,0,0,1.0,1.0,1.0,1.0,1.0,50.0,0.0,0.0,0.0,0.0,1.0,1.0,0.25,0.525,0.0,0.55,0.3425,False,0,0
4321,202512260923,1.0,1.0,1.0,1.0,84,m1,0,0,1.0,1.0,1.0,1.0,1.0,50.0,0.0,0.0,0.0,0.0,1.0,1.0,0.2,0.525,0.0,0.55,0.3275,False,0,0
4322,202512260924,1.0,1.0,1.0,1.0,99,m1,0,0,1.0,1.0,1.0,1.0,1.0,50.0,0.0,0.0,0.0,0.0,1.0,1.0,0.3,0.525,0.0,0.55,0.35750000000000004,False,0,0
4323,202512260925,1.0,1.0,1.0,1.0,80,m1,0,0,1.0,1.0,1.0,1.0,1.0,50.0,0.0,0.0,0.0,0.0,1.0,1.0,0.2,0.525,0.0,0.55,0.3275,False,0,0
4324,202512260926,1.0,1.0,1.0,1.0,104,m1,0,0,1.0,1.0,1.0,1.0,1.0,50.0,0.0,0.0,0.0,0.0,1.0,1.0,0.45,0.525,0.0,0.55,0.40249999999999997,False,0,0
4325,202512260927,1.0,1.0,1.0,1.0,124,m1,0,0,1.0,1.0,1.0,1.0,1.0,50.0,0.0,0.0,0.0,0.0,1.0,1.0,0.8,0.525,0.0,0.55,0.5075,False,0,0
4326,202512260928,1.0,1.0,1.0,1.0,140,m1,0,0,1.0,1.0,1.0,1.0,1.0,50.0,0.0,0.0,0.0,0.0,1.0,1.0,0.95,0.525,0.0,0.55,0.5525,False,0,0
4327,202512260929,1.0,1.0,1.0,1.0,168,m1,0,0,1.0,1.0,1.0,1.0,1.0,50.0,0.0,0.0,0.0,0.0,1.0,1.0,1.0,0.525,0.0,0.55,0.5675,False,0,0
4328,202512260930,1.0,1.0,1.0,1.0,113,m1,0,0,1.0,1.0,1.0,1.0,1.0,50.0,0.0,0.0,0.0,0.0,1.0,1.0,0.5,0.525,0.0,0.55,0.4175,False,0,0
4329,202512260931,1.0,1.0,1.0,1.0,100,m1,0,0,1.0,1.0,1.0,1.0,1.0,50.0,0.0,0.0,0.0,0.0,1.0,1.0,0.35,0.525,0.0,0.55,0.37250000000000005,False,0,0
4330,202512260932,1.0,1.0,1.0,1.0,68,m1,0,0,1.0,1.0,1.0,1.0,1.0,50.0,0.0,0.0,0.0,0.0,1.0,1.0,0.05,0.525,0.0,0.55,0.2825,False,0,0
4331,202512260933,1.0,1.0,1.0,1.0,100,m1,0,0,1.0,1.0,1.0,1.0,1.0,50.0,0.0,0.0,0.0,0.0,1.0,1.0,0.375,0.525,0.0,0.55,0.38,False,0,0
4332,202512260934,1.0,1.0,1.0,1.0,107,m1,0,0,1.0,1.0,1.0,1.0,1.0,50.0,0.0,0.0,0.0,0.0,1.0,1.0,0.55,0.525,0.0,0.55,0.4325,False,0,0
4333,202512260935,1.0,1.0,1.0,1.0,114,m1,0,0,1.0,1.0,1.0,1.0,1.0,50.0,0.0,0.0,0.0,0.0,1.0,1.0,0.65,0.525,0.0,0.55,0.4625,False,0,0
4334,202512260936,1.0,1.0,1.0,1.0,70,m1,0,0,1.0,1.0,1.0,1.0,1.0,50.0,0.0,0.0,0.0,0.0,1.0,1.0,0.1,0.525,0.0,0.55,0.2975,False,0,0
4335,202512260937,1.0,1.0,1.0,1.0,104,m1,0,0,1.0,1.0,1.0,1.0,1.0,50.0,0.0,0.0,0.0,0.0,1.0,1.0,0.525,0.525,0.0,0.55,0.42500000000000004,False,0,0
4336,202512260938,1.0,1.0,1.0,1.0,53,m1,0,0,1.0,1.0,1.0,1.0,1.0,50.0,0.0,0.0,0.0,0.0,1.0,1.0,0.05,0.525,0.0,0.55,0.2825,False,0,0
4337,202512260939,1.0,1.0,1.0,1.0,69,m1,0,0,1.0,1.0,1.0,1.0,1.0,50.0,0.0,0.0,0.0,0.0,1.0,1.0,0.15,0.525,0.0,0.55,0.3125,False,0,0
4338,202512260940,1.0,1.0,1.0,1.0,123,m1,0,0,1.0,1.0,1.0,1.0,1.0,50.0,0.0,0.0,0.0,0.0,1.0,1.0,0.85,0.525,0.0,0.55,0.5225,False,0,0
4339,202512260941,1.0,1.0,1.0,1.0,80,m1,0,0,1.0,1.0,1.0,1.0,1.0,50.0,0.0,0.0,0.0,0.0,1.0,1.0,0.275,0.525,0.0,0.55,0.35,False,0,0
4340,202512260942,1.0,1.0,1.0,1.0,77,m1,0,0,1.0,1.0,1.0,1.0,1.0,50.0,0.0,0.0,0.0,0.0,1.0,1.0,0.25,0.525,0.0,0.55,0.3425,False,0,0
4341,202512260943,1.0,1.0,1.0,1.0,77,m1,0,0,1.0,1.0,1.0,1.0,1.0,50.0,0.0,0.0,0.0,0.0,1.0,1.0,0.275,0.525,0.0,0.55,0.35,False,0,0
4342,202512260944,1.0,1.0,1.0,1.0,43,m1,0,0,1.0,1.0,1.0,1.0,1.0,50.0,0.0,0.0,0.0,0.0,1.0,1.0,0.05,0.525,0.0,0.55,0.2825,False,0,0
4343,202512260945,1.0,1.0,1.0,1.0,62,m1,0,0,1.0,1.0,1.0,1.0,1.0,50.0,0.0,0.0,0.0,0.0,1.0,1.0,0.15,0.525,0.0,0.55,0.3125,False,0,0
4344,202512260946,1.0,1.0,1.0,1.0,69,m1,0,0,1.0,1.0,1.0,1.0,1.0,50.0,0.0,0.0,0.0,0.0,1.0,1.0,0.275,0.525,0.0,0.55,0.35,False,0,0
4345,202512260947,1.0,1.0,1.0,1.0,89,m1,0,0,1.0,1.0,1.0,1.0,1.0,50.0,0.0,0.0,0.0,0.0,1.0,1.0,0.55,0.525,0.0,0.55,0.4325,False,0,0
4346,202512260948,1.0,1.0,1.0,1.0,136,m1,0,0,1.0,1.0,1.0,1.0,1.0,50.0,0.0,0.0,0.0,0.0,1.0,1.0,0.95,0.525,0.0,0.55,0.5525,False,0,0
4347,202512260949,1.0,1.0,1.0,1.0,116,m1,0,0,1.0,1.0,1.0,1.0,1.0,50.0,0.0,0.0,0.0,0.0,1.0,1.0,0.9,0.525,0.0,0.55,0.5375,False,0,0
4348,202512260950,1.0,1.0,1.0,1.0,93,m1,0,0,1.0,1.0,1.0,1.0,1.0,50.0,0.0,0.0,0.0,0.0,1.0,1.0,0.6,0.525,0.0,0.55,0.4475,False,0,0
4349,202512260951,1.0,1.0,1.0,1.0,98,m1,0,0,1.0,1.0,1.0,1.0,1.0,50.0,0.0,0.0,0.0,0.0,1.0,1.0,0.65,0.525,0.0,0.55,0.4625,False,0,0
4350,202512260952,1.0,1.0,1.0,1.0,62,m1,0,0,1.0,1.0,1.0,1.0,1.0,50.0,0.0,0.0,0.0,0.0,1.0,1.0,0.175,0.525,0.0,0.55,0.32,False,0,0
4351,202512260953,1.0,1.0,1.0,1.0,92,m1,0,0,1.0,1.0,1.0,1.0,1.0,50.0,0.0,0.0,0.0,0.0,1.0,1.0,0.6,0.525,0.0,0.55,0.4475,False,0,0
4352,202512260954,1.0,1.0,1.0,1.0,101,m1,0,0,1.0,1.0,1.0,1.0,1.0,50.0,0.0,0.0,0.0,0.0,1.0,1.0,0.75,0.525,0.0,0.55,0.49249999999999994,False,0,0
4353,202512260955,1.0,1.0,1.0,1.0,59,m1,0,0,1.0,1.0,1.0,1.0,1.0,50.0,0.0,0.0,0.0,0.0,1.0,1.0,0.15,0.525,0.0,0.55,0.3125,False,0,0
4354,202512260956,1.0,1.0,1.0,1.0,36,m1,0,0,1.0,1.0,1.0,1.0,1.0,50.0,0.0,0.0,0.0,0.0,1.0,1.0,0.05,0.525,0.0,0.55,0.2825,False,0,0
4355,202512260957,1.0,1.0,1.0,1.0,72,m1,0,0,1.0,1.0,1.0,1.0,1.0,50.0,0.0,0.0,0.0,0.0,1.0,1.0,0.45,0.525,0.0,0.55,0.40249999999999997,False,0,0
4356,202512260958,1.0,1.0,1.0,1.0,82,m1,0,0,1.0,1.0,1.0,1.0,1.0,50.0,0.0,0.0,0.0,0.0,1.0,1.0,0.6,0.525,0.0,0.55,0.4475,False,0,0
4357,202512260959,1.0,1.0,1.0,1.0,125,m1,0,0,1.0,1.0,1.0,1.0,1.0,50.0,0.0,0.0,0.0,0.0,1.0,1.0,0.95,0.525,0.0,0.55,0.5525,False,0,0
4358,202512261000,1.0,1.0,1.0,1.0,110,m1,0,0,1.0,1.0,1.0,1.0,1.0,50.0,0.0,0.0,0.0,0.0,1.0,1.0,0.85,0.525,0.0,0.55,0.5225,False,0,0
4359,202512261001,1.0,1.0,1.0,1.0,69,m1,0,0,1.0,1.0,1.0,1.0,1.0,50.0,0.0,0.0,0.0,0.0,1.0,1.0,0.325,0.525,0.0,0.55,0.365,False,0,0
4360,202512261002,1.0,1.0,1.0,1.0,59,m1,0,0,1.0,1.0,1.0,1.0,1.0,50.0,0.0,0.0,0.0,0.0,1.0,1.0,0.175,0.525,0.0,0.55,0.32,False,0,0
4361,202512261003,1.0,1.0,1.0,1.0,35,m1,0,0,1.0,1.0,1.0,1.0,1.0,50.0,0.0,0.0,0.0,0.0,1.0,1.0,0.05,0.525,0.0,0.55,0.2825,False,0,0
4362,202512261004,1.0,1.0,1.0,1.0,75,m1,0,0,1.0,1.0,1.0,1.0,1.0,50.0,0.0,0.0,0.0,0.0,1.0,1.0,0.5,0.525,0.0,0.55,0.4175,False,0,0
4363,202512261005,1.0,1.0,1.0,1.0,54,m1,0,0,1.0,1.0,1.0,1.0,1.0,50.0,0.0,0.0,0.0,0.0,1.0,1.0,0.15,0.525,0.0,0.55,0.3125,False,0,0
4364,202512261006,1.0,1.0,1.0,1.0,94,m1,0,0,1.0,1.0,1.0,1.0,1.0,50.0,0.0,0.0,0.0,0.0,1.0,1.0,0.7,0.525,0.0,0.55,0.47750000000000004,False,0,0
4365,202512261007,1.0,1.0,1.0,1.0,65,m1,0,0,1.0,1.0,1.0,1.0,1.0,50.0,0.0,0.0,0.0,0.0,1.0,1.0,0.35,0.525,0.0,0.55,0.37250000000000005,False,0,0
4366,202512261008,1.0,1.0,1.0,1.0,93,m1,0,0,1.0,1.0,1.0,1.0,1.0,50.0,0.0,0.0,0.0,0.0,1.0,1.0,0.675,0.525,0.0,0.55,0.47,False,0,0
4367,202512261009,1.0,1.0,1.0,1.0,54,m1,0,0,1.0,1.0,1.0,1.0,1.0,50.0,0.0,0.0,0.0,0.0,1.0,1.0,0.175,0.525,0.0,0.55,0.32,False,0,0
4368,202512261010,1.0,1.0,1.0,1.0,47,m1,0,0,1.0,1.0,1.0,1.0,1.0,50.0,0.0,0.0,0.0,0.0,1.0,1.0,0.15,0.525,0.0,0.55,0.3125,False,0,0
4369,202512261011,1.0,1.0,1.0,1.0,124,m1,0,0,1.0,1.0,1.0,1.0,1.0,50.0,0.0,0.0,0.0,0.0,1.0,1.0,0.95,0.525,0.0,0.55,0.5525,False,0,0
4370,202512261012,1.0,1.0,1.0,1.0,101,m1,0,0,1.0,1.0,1.0,1.0,1.0,50.0,0.0,0.0,0.0,0.0,1.0,1.0,0.825,0.525,0.0,0.55,0.515,False,0,0
4371,202512261013,1.0,1.0,1.0,1.0,144,m1,0,0,1.0,1.0,1.0,1.0,1.0,50.0,0.0,0.0,0.0,0.0,1.0,1.0,1.0,0.525,0.0,0.55,0.5675,False,0,0
4372,202512261014,1.0,1.0,1.0,1.0,77,m1,0,0,1.0,1.0,1.0,1.0,1.0,50.0,0.0,0.0,0.0,0.0,1.0,1.0,0.6,0.525,0.0,0.55,0.4475,False,0,0
4373,202512261015,1.0,1.0,1.0,1.0,106,m1,0,0,1.0,1.0,1.0,1.0,1.0,50.0,0.0,0.0,0.0,0.0,1.0,1.0,0.8,0.525,0.0,0.55,0.5075,False,0,0
4374,202512261016,1.0,1.0,1.0,1.0,71,m1,0,0,1.0,1.0,1.0,1.0,1.0,50.0,0.0,0.0,0.0,0.0,1.0,1.0,0.4,0.525,0.0,0.55,0.38749999999999996,False,0,0
4375,202512261017,1.0,1.0,1.0,1.0,74,m1,0,0,1.0,1.0,1.0,1.0,1.0,50.0,0.0,0.0,0.0,0.0,1.0,1.0,0.45,0.525,0.0,0.55,0.40249999999999997,False,0,0
4376,202512261018,1.0,1.0,1.0,1.0,69,m1,0,0,1.0,1.0,1.0,1.0,1.0,50.0,0.0,0.0,0.0,0.0,1.0,1.0,0.375,0.525,0.0,0.55,0.38,False,0,0
4377,202512261019,1.0,1.0,1.0,1.0,63,m1,0,0,1.0,1.0,1.0,1.0,1.0,50.0,0.0,0.0,0.0,0.0,1.0,1.0,0.3,0.525,0.0,0.55,0.35750000000000004,False,0,0
4378,202512261020,1.0,1.0,1.0,1.0,105,m1,0,0,1.0,1.0,1.0,1.0,1.0,50.0,0.0,0.0,0.0,0.0,1.0,1.0,0.85,0.525,0.0,0.55,0.5225,False,0,0
4379,202512261021,1.0,1.0,1.0,1.0,86,m1,0,0,1.0,1.0,1.0,1.0,1.0,50.0,0.0,0.0,0.0,0.0,1.0,1.0,0.65,0.525,0.0,0.55,0.4625,False,0,0
4380,202512261022,1.0,1.0,1.0,1.0,113,m1,0,0,1.0,1.0,1.0,1.0,1.0,50.0,0.0,0.0,0.0,0.0,1.0,1.0,0.9,0.525,0.0,0.55,0.5375,False,0,0
4381,202512261023,1.0,1.0,1.0,1.0,67,m1,0,0,1.0,1.0,1.0,1.0,1.0,50.0,0.0,0.0,0.0,0.0,1.0,1.0,0.3,0.525,0.0,0.55,0.35750000000000004,False,0,0
4382,202512261024,1.0,1.0,1.0,1.0,123,m1,0,0,1.0,1.0,1.0,1.0,1.0,50.0,0.0,0.0,0.0,0.0,1.0,1.0,0.9,0.525,0.0,0.55,0.5375,False,0,0
4383,202512261025,1.0,1.0,1.0,1.0,150,m1,0,0,1.0,1.0,1.0,1.0,1.0,50.0,0.0,0.0,0.0,0.0,1.0,1.0,1.0,0.525,0.0,0.55,0.5675,False,0,0
4384,202512261026,1.0,1.0,1.0,1.0,109,m1,0,0,1.0,1.0,1.0,1.0,1.0,50.0,0.0,0.0,0.0,0.0,1.0,1.0,0.75,0.525,0.0,0.55,0.49249999999999994,False,0,0
4385,202512261027,1.0,1.0,1.0,1.0,124,m1,0,0,1.0,1.0,1.0,1.0,1.0,50.0,0.0,0.0,0.0,0.0,1.0,1.0,0.875,0.525,0.0,0.55,0.53,False,0,0
4386,202512261028,1.0,1.0,1.0,1.0,28,m1,0,0,1.0,1.0,1.0,1.0,1.0,50.0,0.0,0.0,0.0,0.0,1.0,1.0,0.05,0.525,0.0,0.55,0.2825,False,0,0
4387,202512261029,1.0,1.0,1.0,1.0,113,m1,0,0,1.0,1.0,1.0,1.0,1.0,50.0,0.0,0.0,0.0,0.0,1.0,1.0,0.725,0.525,0.0,0.55,0.485,False,0,0
4388,202512261030,1.0,1.0,1.0,1.0,97,m1,0,0,1.0,1.0,1.0,1.0,1.0,50.0,0.0,0.0,0.0,0.0,1.0,1.0,0.45,0.525,0.0,0.55,0.40249999999999997,False,0,0
4389,202512261031,1.0,1.0,1.0,1.0,58,m1,0,0,1.0,1.0,1.0,1.0,1.0,50.0,0.0,0.0,0.0,0.0,1.0,1.0,0.1,0.525,0.0,0.55,0.2975,False,0,0
4390,202512261032,1.0,1.0,1.0,1.0,80,m1,0,0,1.0,1.0,1.0,1.0,1.0,50.0,0.0,0.0,0.0,0.0,1.0,1.0,0.45,0.525,0.0,0.55,0.40249999999999997,False,0,0
4391,202512261033,1.0,1.0,1.0,1.0,86,m1,0,0,1.0,1.0,1.0,1.0,1.0,50.0,0.0,0.0,0.0,0.0,1.0,1.0,0.525,0.525,0.0,0.55,0.42500000000000004,False,0,0
4392,202512261034,1.0,1.0,1.0,1.0,88,m1,0,0,1.0,1.0,1.0,1.0,1.0,50.0,0.0,0.0,0.0,0.0,1.0,1.0,0.55,0.525,0.0,0.55,0.4325,False,0,0
4393,202512261035,1.0,1.0,1.0,1.0,119,m1,0,0,1.0,1.0,1.0,1.0,1.0,50.0,0.0,0.0,0.0,0.0,1.0,1.0,0.85,0.525,0.0,0.55,0.5225,False,0,0
4394,202512261036,1.0,1.0,1.0,1.0,115,m1,0,0,1.0,1.0,1.0,1.0,1.0,50.0,0.0,0.0,0.0,0.0,1.0,1.0,0.8,0.525,0.0,0.55,0.5075,False,0,0
4395,202512261037,1.0,1.0,1.0,1.0,109,m1,0,0,1.0,1.0,1.0,1.0,1.0,50.0,0.0,0.0,0.0,0.0,1.0,1.0,0.625,0.525,0.0,0.55,0.45499999999999996,False,0,0
4396,202512261038,1.0,1.0,1.0,1.0,100,m1,0,0,1.0,1.0,1.0,1.0,1.0,50.0,0.0,0.0,0.0,0.0,1.0,1.0,0.5,0.525,0.0,0.55,0.4175,False,0,0
4397,202512261039,1.0,1.0,1.0,1.0,90,m1,0,0,1.0,1.0,1.0,1.0,1.0,50.0,0.0,0.0,0.0,0.0,1.0,1.0,0.4,0.525,0.0,0.55,0.38749999999999996,False,0,0
4398,202512261040,1.0,1.0,1.0,1.0,130,m1,0,0,1.0,1.0,1.0,1.0,1.0,50.0,0.0,0.0,0.0,0.0,1.0,1.0,0.95,0.525,0.0,0.55,0.5525,False,0,0
4399,202512261041,1.0,1.0,1.0,1.0,82,m1,0,0,1.0,1.0,1.0,1.0,1.0,50.0,0.0,0.0,0.0,0.0,1.0,1.0,0.25,0.525,0.0,0.55,0.3425,False,0,0
4400,202512261042,1.0,1.0,1.0,1.0,119,m1,0,0,1.0,1.0,1.0,1.0,1.0,50.0,0.0,0.0,0.0,0.0,1.0,1.0,0.775,0.525,0.0,0.55,0.5,False,0,0
4401,202512261043,1.0,1.0,1.0,1.0,161,m1,0,0,1.0,1.0,1.0,1.0,1.0,50.0,0.0,0.0,0.0,0.0,1.0,1.0,1.0,0.525,0.0,0.55,0.5675,False,0,0
4402,202512261044,1.0,1.0,1.0,1.0,65,m1,0,0,1.0,1.0,1.0,1.0,1.0,50.0,0.0,0.0,0.0,0.0,1.0,1.0,0.15,0.525,0.0,0.55,0.3125,False,0,0
4403,202512261045,1.0,1.0,1.0,1.0,165,m1,0,0,1.0,1.0,1.0,1.0,1.0,50.0,0.0,0.0,0.0,0.0,1.0,1.0,1.0,0.525,0.0,0.55,0.5675,False,0,0
4404,202512261046,1.0,1.0,1.0,1.0,110,m1,0,0,1.0,1.0,1.0,1.0,1.0,50.0,0.0,0.0,0.0,0.0,1.0,1.0,0.6,0.525,0.0,0.55,0.4475,False,0,0
4405,202512261047,1.0,1.0,1.0,1.0,170,m1,0,0,1.0,1.0,1.0,1.0,1.0,50.0,0.0,0.0,0.0,0.0,1.0,1.0,1.0,0.525,0.0,0.55,0.5675,False,0,0
4406,202512261048,1.0,1.0,1.0,1.0,181,m1,0,0,1.0,1.0,1.0,1.0,1.0,50.0,0.0,0.0,0.0,0.0,1.0,1.0,1.0,0.525,0.0,0.55,0.5675,False,0,0
4407,202512261049,1.0,1.0,1.0,1.0,134,m1,0,0,1.0,1.0,1.0,1.0,1.0,50.0,0.0,0.0,0.0,0.0,1.0,1.0,0.8,0.525,0.0,0.55,0.5075,False,0,0
4408,202512261050,1.0,1.0,1.0,1.0,84,m1,0,0,1.0,1.0,1.0,1.0,1.0,50.0,0.0,0.0,0.0,0.0,1.0,1.0,0.25,0.525,0.0,0.55,0.3425,False,0,0
4409,202512261051,1.0,1.0,1.0,1.0,113,m1,0,0,1.0,1.0,1.0,1.0,1.0,50.0,0.0,0.0,0.0,0.0,1.0,1.0,0.55,0.525,0.0,0.55,0.4325,False,0,0
4410,202512261052,1.0,1.0,1.0,1.0,75,m1,0,0,1.0,1.0,1.0,1.0,1.0,50.0,0.0,0.0,0.0,0.0,1.0,1.0,0.1,0.525,0.0,0.55,0.2975,False,0,0
4411,202512261053,1.0,1.0,1.0,1.0,72,m1,0,0,1.0,1.0,1.0,1.0,1.0,50.0,0.0,0.0,0.0,0.0,1.0,1.0,0.1,0.525,0.0,0.55,0.2975,False,0,0
4412,202512261054,1.0,1.0,1.0,1.0,84,m1,0,0,1.0,1.0,1.0,1.0,1.0,50.0,0.0,0.0,0.0,0.0,1.0,1.0,0.275,0.525,0.0,0.55,0.35,False,0,0
4413,202512261055,1.0,1.0,1.0,1.0,85,m1,0,0,1.0,1.0,1.0,1.0,1.0,50.0,0.0,0.0,0.0,0.0,1.0,1.0,0.35,0.525,0.0,0.55,0.37250000000000005,False,0,0
4414,202512261056,1.0,1.0,1.0,1.0,69,m1,0,0,1.0,1.0,1.0,1.0,1.0,50.0,0.0,0.0,0.0,0.0,1.0,1.0,0.1,0.525,0.0,0.55,0.2975,False,0,0
4415,202512261057,1.0,1.0,1.0,1.0,89,m1,0,0,1.0,1.0,1.0,1.0,1.0,50.0,0.0,0.0,0.0,0.0,1.0,1.0,0.45,0.525,0.0,0.55,0.40249999999999997,False,0,0
4416,202512261058,1.0,1.0,1.0,1.0,115,m1,0,0,1.0,1.0,1.0,1.0,1.0,50.0,0.0,0.0,0.0,0.0,1.0,1.0,0.65,0.525,0.0,0.55,0.4625,False,0,0
4417,202512261059,1.0,1.0,1.0,1.0,195,m1,0,0,1.0,1.0,1.0,1.0,1.0,50.0,0.0,0.0,0.0,0.0,1.0,1.0,1.0,0.525,0.0,0.55,0.5675,False,0,0
4418,202512261100,1.0,1.0,1.0,1.0,183,m1,0,0,1.0,1.0,1.0,1.0,1.0,50.0,0.0,0.0,0.0,0.0,1.0,1.0,0.95,0.525,0.0,0.55,0.5525,False,0,0
4419,202512261101,1.0,1.0,1.0,1.0,133,m1,0,0,1.0,1.0,1.0,1.0,1.0,50.0,0.0,0.0,0.0,0.0,1.0,1.0,0.65,0.525,0.0,0.55,0.4625,False,0,0
4420,202512261102,1.0,1.0,1.0,1.0,117,m1,0,0,1.0,1.0,1.0,1.0,1.0,50.0,0.0,0.0,0.0,0.0,1.0,1.0,0.6,0.525,0.0,0.55,0.4475,False,0,0
4421,202512261103,1.0,1.0,1.0,1.0,133,m1,0,0,1.0,1.0,1.0,1.0,1.0,50.0,0.0,0.0,0.0,0.0,1.0,1.0,0.675,0.525,0.0,0.55,0.47,False,0,0
4422,202512261104,1.0,1.0,1.0,1.0,120,m1,0,0,1.0,1.0,1.0,1.0,1.0,50.0,0.0,0.0,0.0,0.0,1.0,1.0,0.6,0.525,0.0,0.55,0.4475,False,0,0
4423,202512261105,1.0,1.0,1.0,1.0,92,m1,0,0,1.0,1.0,1.0,1.0,1.0,50.0,0.0,0.0,0.0,0.0,1.0,1.0,0.4,0.525,0.0,0.55,0.38749999999999996,False,0,0
4424,202512261106,1.0,1.0,1.0,1.0,75,m1,0,0,1.0,1.0,1.0,1.0,1.0,50.0,0.0,0.0,0.0,0.0,1.0,1.0,0.175,0.525,0.0,0.55,0.32,False,0,0
4425,202512261107,1.0,1.0,1.0,1.0,109,m1,0,0,1.0,1.0,1.0,1.0,1.0,50.0,0.0,0.0,0.0,0.0,1.0,1.0,0.5,0.525,0.0,0.55,0.4175,False,0,0
4426,202512261108,1.0,1.0,1.0,1.0,77,m1,0,0,1.0,1.0,1.0,1.0,1.0,50.0,0.0,0.0,0.0,0.0,1.0,1.0,0.25,0.525,0.0,0.55,0.3425,False,0,0
4427,202512261109,1.0,1.0,1.0,1.0,127,m1,0,0,1.0,1.0,1.0,1.0,1.0,50.0,0.0,0.0,0.0,0.0,1.0,1.0,0.8,0.525,0.0,0.55,0.5075,False,0,0
4428,202512261110,1.0,1.0,1.0,1.0,75,m1,0,0,1.0,1.0,1.0,1.0,1.0,50.0,0.0,0.0,0.0,0.0,1.0,1.0,0.2,0.525,0.0,0.55,0.3275,False,0,0
4429,202512261111,1.0,1.0,1.0,1.0,116,m1,0,0,1.0,1.0,1.0,1.0,1.0,50.0,0.0,0.0,0.0,0.0,1.0,1.0,0.65,0.525,0.0,0.55,0.4625,False,0,0
4430,202512261112,1.0,1.0,1.0,1.0,83,m1,0,0,1.0,1.0,1.0,1.0,1.0,50.0,0.0,0.0,0.0,0.0,1.0,1.0,0.3,0.525,0.0,0.55,0.35750000000000004,False,0,0
4431,202512261113,1.0,1.0,1.0,1.0,147,m1,0,0,1.0,1.0,1.0,1.0,1.0,50.0,0.0,0.0,0.0,0.0,1.0,1.0,0.9,0.525,0.0,0.55,0.5375,False,0,0
4432,202512261114,1.0,1.0,1.0,1.0,96,m1,0,0,1.0,1.0,1.0,1.0,1.0,50.0,0.0,0.0,0.0,0.0,1.0,1.0,0.45,0.525,0.0,0.55,0.40249999999999997,False,0,0
4433,202512261115,1.0,1.0,1.0,1.0,95,m1,0,0,1.0,1.0,1.0,1.0,1.0,50.0,0.0,0.0,0.0,0.0,1.0,1.0,0.4,0.525,0.0,0.55,0.38749999999999996,False,0,0
4434,202512261116,1.0,1.0,1.0,1.0,114,m1,0,0,1.0,1.0,1.0,1.0,1.0,50.0,0.0,0.0,0.0,0.0,1.0,1.0,0.5,0.525,0.0,0.55,0.4175,False,0,0
4435,202512261117,1.0,1.0,1.0,1.0,77,m1,0,0,1.0,1.0,1.0,1.0,1.0,50.0,0.0,0.0,0.0,0.0,1.0,1.0,0.175,0.525,0.0,0.55,0.32,False,0,0
4436,202512261118,1.0,1.0,1.0,1.0,120,m1,0,0,1.0,1.0,1.0,1.0,1.0,50.0,0.0,0.0,0.0,0.0,1.0,1.0,0.675,0.525,0.0,0.55,0.47,False,0,0
4437,202512261119,1.0,1.0,1.0,1.0,78,m1,0,0,1.0,1.0,1.0,1.0,1.0,50.0,0.0,0.0,0.0,0.0,1.0,1.0,0.25,0.525,0.0,0.55,0.3425,False,0,0
4438,202512261120,1.0,1.0,1.0,1.0,73,m1,0,0,1.0,1.0,1.0,1.0,1.0,50.0,0.0,0.0,0.0,0.0,1.0,1.0,0.05,0.525,0.0,0.55,0.2825,False,0,0
4439,202512261121,1.0,1.0,1.0,1.0,113,m1,0,0,1.0,1.0,1.0,1.0,1.0,50.0,0.0,0.0,0.0,0.0,1.0,1.0,0.6,0.525,0.0,0.55,0.4475,False,0,0
4440,202512261122,1.0,1.0,1.0,1.0,133,m1,0,0,1.0,1.0,1.0,1.0,1.0,50.0,0.0,0.0,0.0,0.0,1.0,1.0,0.925,0.525,0.0,0.55,0.545,False,0,0
4441,202512261123,1.0,1.0,1.0,1.0,95,m1,0,0,1.0,1.0,1.0,1.0,1.0,50.0,0.0,0.0,0.0,0.0,1.0,1.0,0.475,0.525,0.0,0.55,0.41000000000000003,False,0,0
4442,202512261124,1.0,1.0,1.0,1.0,131,m1,0,0,1.0,1.0,1.0,1.0,1.0,50.0,0.0,0.0,0.0,0.0,1.0,1.0,0.9,0.525,0.0,0.55,0.5375,False,0,0
4443,202512261125,1.0,1.0,1.0,1.0,72,m1,0,0,1.0,1.0,1.0,1.0,1.0,50.0,0.0,0.0,0.0,0.0,1.0,1.0,0.05,0.525,0.0,0.55,0.2825,False,0,0
4444,202512261126,1.0,1.0,1.0,1.0,82,m1,0,0,1.0,1.0,1.0,1.0,1.0,50.0,0.0,0.0,0.0,0.0,1.0,1.0,0.35,0.525,0.0,0.55,0.37250000000000005,False,0,0
4445,202512261127,1.0,1.0,1.0,1.0,90,m1,0,0,1.0,1.0,1.0,1.0,1.0,50.0,0.0,0.0,0.0,0.0,1.0,1.0,0.45,0.525,0.0,0.55,0.40249999999999997,False,0,0
4446,202512261128,1.0,1.0,1.0,1.0,47,m1,0,0,1.0,1.0,1.0,1.0,1.0,50.0,0.0,0.0,0.0,0.0,1.0,1.0,0.05,0.525,0.0,0.55,0.2825,False,0,0
4447,202512261129,1.0,1.0,1.0,1.0,82,m1,0,0,1.0,1.0,1.0,1.0,1.0,50.0,0.0,0.0,0.0,0.0,1.0,1.0,0.375,0.525,0.0,0.55,0.38,False,0,0
4448,202512261130,1.0,1.0,1.0,1.0,148,m1,0,0,1.0,1.0,1.0,1.0,1.0,50.0,0.0,0.0,0.0,0.0,1.0,1.0,1.0,0.525,0.0,0.55,0.5675,False,0,0
4449,202512261131,1.0,1.0,1.0,1.0,67,m1,0,0,1.0,1.0,1.0,1.0,1.0,50.0,0.0,0.0,0.0,0.0,1.0,1.0,0.1,0.525,0.0,0.55,0.2975,False,0,0
4450,202512261132,1.0,1.0,1.0,1.0,85,m1,0,0,1.0,1.0,1.0,1.0,1.0,50.0,0.0,0.0,0.0,0.0,1.0,1.0,0.45,0.525,0.0,0.55,0.40249999999999997,False,0,0
4451,202512261133,1.0,1.0,1.0,1.0,60,m1,0,0,1.0,1.0,1.0,1.0,1.0,50.0,0.0,0.0,0.0,0.0,1.0,1.0,0.1,0.525,0.0,0.55,0.2975,False,0,0
4452,202512261134,1.0,1.0,1.0,1.0,33,m1,0,0,1.0,1.0,1.0,1.0,1.0,50.0,0.0,0.0,0.0,0.0,1.0,1.0,0.05,0.525,0.0,0.55,0.2825,False,0,0
4453,202512261135,1.0,1.0,1.0,1.0,110,m1,0,0,1.0,1.0,1.0,1.0,1.0,50.0,0.0,0.0,0.0,0.0,1.0,1.0,0.7,0.525,0.0,0.55,0.47750000000000004,False,0,0
4454,202512261136,1.0,1.0,1.0,1.0,87,m1,0,0,1.0,1.0,1.0,1.0,1.0,50.0,0.0,0.0,0.0,0.0,1.0,1.0,0.6,0.525,0.0,0.55,0.4475,False,0,0
4455,202512261137,1.0,1.0,1.0,1.0,121,m1,0,0,1.0,1.0,1.0,1.0,1.0,50.0,0.0,0.0,0.0,0.0,1.0,1.0,0.85,0.525,0.0,0.55,0.5225,False,0,0
4456,202512261138,1.0,1.0,1.0,1.0,95,m1,0,0,1.0,1.0,1.0,1.0,1.0,50.0,0.0,0.0,0.0,0.0,1.0,1.0,0.675,0.525,0.0,0.55,0.47,False,0,0
4457,202512261139,1.0,1.0,1.0,1.0,44,m1,0,0,1.0,1.0,1.0,1.0,1.0,50.0,0.0,0.0,0.0,0.0,1.0,1.0,0.1,0.525,0.0,0.55,0.2975,False,0,0
4458,202512261140,1.0,1.0,1.0,1.0,79,m1,0,0,1.0,1.0,1.0,1.0,1.0,50.0,0.0,0.0,0.0,0.0,1.0,1.0,0.35,0.525,0.0,0.55,0.37250000000000005,False,0,0
4459,202512261141,1.0,1.0,1.0,1.0,49,m1,0,0,1.0,1.0,1.0,1.0,1.0,50.0,0.0,0.0,0.0,0.0,1.0,1.0,0.2,0.525,0.0,0.55,0.3275,False,0,0
4460,202512261142,1.0,1.0,1.0,1.0,87,m1,0,0,1.0,1.0,1.0,1.0,1.0,50.0,0.0,0.0,0.0,0.0,1.0,1.0,0.625,0.525,0.0,0.55,0.45499999999999996,False,0,0
4461,202512261143,1.0,1.0,1.0,1.0,23,m1,0,0,1.0,1.0,1.0,1.0,1.0,50.0,0.0,0.0,0.0,0.0,1.0,1.0,0.05,0.525,0.0,0.55,0.2825,False,0,0
4462,202512261144,1.0,1.0,1.0,1.0,34,m1,0,0,1.0,1.0,1.0,1.0,1.0,50.0,0.0,0.0,0.0,0.0,1.0,1.0,0.15,0.525,0.0,0.55,0.3125,False,0,0
4463,202512261145,1.0,1.0,1.0,1.0,164,m1,0,0,1.0,1.0,1.0,1.0,1.0,50.0,0.0,0.0,0.0,0.0,1.0,1.0,1.0,0.525,0.0,0.55,0.5675,False,0,0
4464,202512261146,1.0,1.0,1.0,1.0,171,m1,0,0,1.0,1.0,1.0,1.0,1.0,50.0,0.0,0.0,0.0,0.0,1.0,1.0,1.0,0.525,0.0,0.55,0.5675,False,0,0
4465,202512261147,1.0,1.0,1.0,1.0,129,m1,0,0,1.0,1.0,1.0,1.0,1.0,50.0,0.0,0.0,0.0,0.0,1.0,1.0,0.85,0.525,0.0,0.55,0.5225,False,0,0
4466,202512261148,1.0,1.0,1.0,1.0,67,m1,0,0,1.0,1.0,1.0,1.0,1.0,50.0,0.0,0.0,0.0,0.0,1.0,1.0,0.375,0.525,0.0,0.55,0.38,False,0,0
4467,202512261149,1.0,1.0,1.0,1.0,76,m1,0,0,1.0,1.0,1.0,1.0,1.0,50.0,0.0,0.0,0.0,0.0,1.0,1.0,0.45,0.525,0.0,0.55,0.40249999999999997,False,0,0
4468,202512261150,1.0,1.0,1.0,1.0,127,m1,0,0,1.0,1.0,1.0,1.0,1.0,50.0,0.0,0.0,0.0,0.0,1.0,1.0,0.85,0.525,0.0,0.55,0.5225,False,0,0
4469,202512261151,1.0,1.0,1.0,1.0,102,m1,0,0,1.0,1.0,1.0,1.0,1.0,50.0,0.0,0.0,0.0,0.0,1.0,1.0,0.7,0.525,0.0,0.55,0.47750000000000004,False,0,0
4470,202512261152,1.0,1.0,1.0,1.0,85,m1,0,0,1.0,1.0,1.0,1.0,1.0,50.0,0.0,0.0,0.0,0.0,1.0,1.0,0.5,0.525,0.0,0.55,0.4175,False,0,0
4471,202512261153,1.0,1.0,1.0,1.0,89,m1,0,0,1.0,1.0,1.0,1.0,1.0,50.0,0.0,0.0,0.0,0.0,1.0,1.0,0.6,0.525,0.0,0.55,0.4475,False,0,0
4472,202512261154,1.0,1.0,1.0,1.0,111,m1,0,0,1.0,1.0,1.0,1.0,1.0,50.0,0.0,0.0,0.0,0.0,1.0,1.0,0.75,0.525,0.0,0.55,0.49249999999999994,False,0,0
4473,202512261155,1.0,1.0,1.0,1.0,61,m1,0,0,1.0,1.0,1.0,1.0,1.0,50.0,0.0,0.0,0.0,0.0,1.0,1.0,0.25,0.525,0.0,0.55,0.3425,False,0,0
4474,202512261156,1.0,1.0,1.0,1.0,43,m1,0,0,1.0,1.0,1.0,1.0,1.0,50.0,0.0,0.0,0.0,0.0,1.0,1.0,0.15,0.525,0.0,0.55,0.3125,False,0,0
4475,202512261157,1.0,1.0,1.0,1.0,94,m1,0,0,1.0,1.0,1.0,1.0,1.0,50.0,0.0,0.0,0.0,0.0,1.0,1.0,0.65,0.525,0.0,0.55,0.4625,False,0,0
4476,202512261158,1.0,1.0,1.0,1.0,63,m1,0,0,1.0,1.0,1.0,1.0,1.0,50.0,0.0,0.0,0.0,0.0,1.0,1.0,0.35,0.525,0.0,0.55,0.37250000000000005,False,0,0
4477,202512261159,1.0,1.0,1.0,1.0,112,m1,0,0,1.0,1.0,1.0,1.0,1.0,50.0,0.0,0.0,0.0,0.0,1.0,1.0,0.8,0.525,0.0,0.55,0.5075,False,0,0
4478,202512261200,1.0,1.0,1.0,1.0,83,m1,0,0,1.0,1.0,1.0,1.0,1.0,50.0,0.0,0.0,0.0,0.0,1.0,1.0,0.45,0.525,0.0,0.55,0.40249999999999997,False,0,0
4479,202512261201,1.0,1.0,1.0,1.0,85,m1,0,0,1.0,1.0,1.0,1.0,1.0,50.0,0.0,0.0,0.0,0.0,1.0,1.0,0.475,0.525,0.0,0.55,0.41000000000000003,False,0,0
4480,202512261202,1.0,1.0,1.0,1.0,124,m1,0,0,1.0,1.0,1.0,1.0,1.0,50.0,0.0,0.0,0.0,0.0,1.0,1.0,0.8,0.525,0.0,0.55,0.5075,False,0,0
4481,202512261203,1.0,1.0,1.0,1.0,140,m1,0,0,1.0,1.0,1.0,1.0,1.0,50.0,0.0,0.0,0.0,0.0,1.0,1.0,0.9,0.525,0.0,0.55,0.5375,False,0,0
4482,202512261204,1.0,1.0,1.0,1.0,78,m1,0,0,1.0,1.0,1.0,1.0,1.0,50.0,0.0,0.0,0.0,0.0,1.0,1.0,0.3,0.525,0.0,0.55,0.35750000000000004,False,0,0
4483,202512261205,1.0,1.0,1.0,1.0,98,m1,0,0,1.0,1.0,1.0,1.0,1.0,50.0,0.0,0.0,0.0,0.0,1.0,1.0,0.6,0.525,0.0,0.55,0.4475,False,0,0
4484,202512261206,1.0,1.0,1.0,1.0,43,m1,0,0,1.0,1.0,1.0,1.0,1.0,50.0,0.0,0.0,0.0,0.0,1.0,1.0,0.075,0.525,0.0,0.55,0.29000000000000004,False,0,0
4485,202512261207,1.0,1.0,1.0,1.0,46,m1,0,0,1.0,1.0,1.0,1.0,1.0,50.0,0.0,0.0,0.0,0.0,1.0,1.0,0.15,0.525,0.0,0.55,0.3125,False,0,0
4486,202512261208,1.0,1.0,1.0,1.0,84,m1,0,0,1.0,1.0,1.0,1.0,1.0,50.0,0.0,0.0,0.0,0.0,1.0,1.0,0.45,0.525,0.0,0.55,0.40249999999999997,False,0,0
4487,202512261209,1.0,1.0,1.0,1.0,50,m1,0,0,1.0,1.0,1.0,1.0,1.0,50.0,0.0,0.0,0.0,0.0,1.0,1.0,0.2,0.525,0.0,0.55,0.3275,False,0,0
4488,202512261210,1.0,1.0,1.0,1.0,52,m1,0,0,1.0,1.0,1.0,1.0,1.0,50.0,0.0,0.0,0.0,0.0,1.0,1.0,0.25,0.525,0.0,0.55,0.3425,False,0,0
4489,202512261211,1.0,1.0,1.0,1.0,54,m1,0,0,1.0,1.0,1.0,1.0,1.0,50.0,0.0,0.0,0.0,0.0,1.0,1.0,0.3,0.525,0.0,0.55,0.35750000000000004,False,0,0
4490,202512261212,1.0,1.0,1.0,1.0,92,m1,0,0,1.0,1.0,1.0,1.0,1.0,50.0,0.0,0.0,0.0,0.0,1.0,1.0,0.7,0.525,0.0,0.55,0.47750000000000004,False,0,0
4491,202512261213,1.0,1.0,1.0,1.0,32,m1,0,0,1.0,1.0,1.0,1.0,1.0,50.0,0.0,0.0,0.0,0.0,1.0,1.0,0.05,0.525,0.0,0.55,0.2825,False,0,0
4492,202512261214,1.0,1.0,1.0,1.0,69,m1,0,0,1.0,1.0,1.0,1.0,1.0,50.0,0.0,0.0,0.0,0.0,1.0,1.0,0.5,0.525,0.0,0.55,0.4175,False,0,0
4493,202512261215,1.0,1.0,1.0,1.0,98,m1,0,0,1.0,1.0,1.0,1.0,1.0,50.0,0.0,0.0,0.0,0.0,1.0,1.0,0.825,0.525,0.0,0.55,0.515,False,0,0
4494,202512261216,1.0,1.0,1.0,1.0,68,m1,0,0,1.0,1.0,1.0,1.0,1.0,50.0,0.0,0.0,0.0,0.0,1.0,1.0,0.4,0.525,0.0,0.55,0.38749999999999996,False,0,0
4495,202512261217,1.0,1.0,1.0,1.0,104,m1,0,0,1.0,1.0,1.0,1.0,1.0,50.0,0.0,0.0,0.0,0.0,1.0,1.0,0.85,0.525,0.0,0.55,0.5225,False,0,0
4496,202512261218,1.0,1.0,1.0,1.0,69,m1,0,0,1.0,1.0,1.0,1.0,1.0,50.0,0.0,0.0,0.0,0.0,1.0,1.0,0.425,0.525,0.0,0.55,0.395,False,0,0
4497,202512261219,1.0,1.0,1.0,1.0,88,m1,0,0,1.0,1.0,1.0,1.0,1.0,50.0,0.0,0.0,0.0,0.0,1.0,1.0,0.7,0.525,0.0,0.55,0.47750000000000004,False,0,0
4498,202512261220,1.0,1.0,1.0,1.0,156,m1,0,0,1.0,1.0,1.0,1.0,1.0,50.0,0.0,0.0,0.0,0.0,1.0,1.0,1.0,0.525,0.0,0.55,0.5675,False,0,0
4499,202512261221,1.0,1.0,1.0,1.0,93,m1,0,0,1.0,1.0,1.0,1.0,1.0,50.0,0.0,0.0,0.0,0.0,1.0,1.0,0.7,0.525,0.0,0.55,0.47750000000000004,False,0,0
4500,202512261222,1.0,1.0,1.0,1.0,66,m1,0,0,1.0,1.0,1.0,1.0,1.0,50.0,0.0,0.0,0.0,0.0,1.0,1.0,0.35,0.525,0.0,0.55,0.37250000000000005,False,0,0
4501,202512261223,1.0,1.0,1.0,1.0,64,m1,0,0,1.0,1.0,1.0,1.0,1.0,50.0,0.0,0.0,0.0,0.0,1.0,1.0,0.35,0.525,0.0,0.55,0.37250000000000005,False,0,0
4502,202512261224,1.0,1.0,1.0,1.0,78,m1,0,0,1.0,1.0,1.0,1.0,1.0,50.0,0.0,0.0,0.0,0.0,1.0,1.0,0.6,0.525,0.0,0.55,0.4475,False,0,0
4503,202512261225,1.0,1.0,1.0,1.0,77,m1,0,0,1.0,1.0,1.0,1.0,1.0,50.0,0.0,0.0,0.0,0.0,1.0,1.0,0.6,0.525,0.0,0.55,0.4475,False,0,0
4504,202512261226,1.0,1.0,1.0,1.0,63,m1,0,0,1.0,1.0,1.0,1.0,1.0,50.0,0.0,0.0,0.0,0.0,1.0,1.0,0.3,0.525,0.0,0.55,0.35750000000000004,False,0,0
4505,202512261227,1.0,1.0,1.0,1.0,53,m1,0,0,1.0,1.0,1.0,1.0,1.0,50.0,0.0,0.0,0.0,0.0,1.0,1.0,0.2,0.525,0.0,0.55,0.3275,False,0,0
4506,202512261228,1.0,1.0,1.0,1.0,92,m1,0,0,1.0,1.0,1.0,1.0,1.0,50.0,0.0,0.0,0.0,0.0,1.0,1.0,0.775,0.525,0.0,0.55,0.5,False,0,0
4507,202512261229,1.0,1.0,1.0,1.0,101,m1,0,0,1.0,1.0,1.0,1.0,1.0,50.0,0.0,0.0,0.0,0.0,1.0,1.0,0.9,0.525,0.0,0.55,0.5375,False,0,0
4508,202512261230,1.0,1.0,1.0,1.0,83,m1,0,0,1.0,1.0,1.0,1.0,1.0,50.0,0.0,0.0,0.0,0.0,1.0,1.0,0.6,0.525,0.0,0.55,0.4475,False,0,0
4509,202512261231,1.0,1.0,1.0,1.0,70,m1,0,0,1.0,1.0,1.0,1.0,1.0,50.0,0.0,0.0,0.0,0.0,1.0,1.0,0.45,0.525,0.0,0.55,0.40249999999999997,False,0,0
4510,202512261232,1.0,1.0,1.0,1.0,44,m1,0,0,1.0,1.0,1.0,1.0,1.0,50.0,0.0,0.0,0.0,0.0,1.0,1.0,0.1,0.525,0.0,0.55,0.2975,False,0,0
4511,202512261233,1.0,1.0,1.0,1.0,82,m1,0,0,1.0,1.0,1.0,1.0,1.0,50.0,0.0,0.0,0.0,0.0,1.0,1.0,0.6,0.525,0.0,0.55,0.4475,False,0,0
4512,202512261234,1.0,1.0,1.0,1.0,72,m1,0,0,1.0,1.0,1.0,1.0,1.0,50.0,0.0,0.0,0.0,0.0,1.0,1.0,0.45,0.525,0.0,0.55,0.40249999999999997,False,0,0
4513,202512261235,1.0,1.0,1.0,1.0,73,m1,0,0,1.0,1.0,1.0,1.0,1.0,50.0,0.0,0.0,0.0,0.0,1.0,1.0,0.5,0.525,0.0,0.55,0.4175,False,0,0
4514,202512261236,1.0,1.0,1.0,1.0,71,m1,0,0,1.0,1.0,1.0,1.0,1.0,50.0,0.0,0.0,0.0,0.0,1.0,1.0,0.4,0.525,0.0,0.55,0.38749999999999996,False,0,0
4515,202512261237,1.0,1.0,1.0,1.0,85,m1,0,0,1.0,1.0,1.0,1.0,1.0,50.0,0.0,0.0,0.0,0.0,1.0,1.0,0.75,0.525,0.0,0.55,0.49249999999999994,False,0,0
4516,202512261238,1.0,1.0,1.0,1.0,84,m1,0,0,1.0,1.0,1.0,1.0,1.0,50.0,0.0,0.0,0.0,0.0,1.0,1.0,0.7,0.525,0.0,0.55,0.47750000000000004,False,0,0
4517,202512261239,1.0,1.0,1.0,1.0,95,m1,0,0,1.0,1.0,1.0,1.0,1.0,50.0,0.0,0.0,0.0,0.0,1.0,1.0,0.9,0.525,0.0,0.55,0.5375,False,0,0
4518,202512261240,1.0,1.0,1.0,1.0,94,m1,0,0,1.0,1.0,1.0,1.0,1.0,50.0,0.0,0.0,0.0,0.0,1.0,1.0,0.9,0.525,0.0,0.55,0.5375,False,0,0
4519,202512261241,1.0,1.0,1.0,1.0,66,m1,0,0,1.0,1.0,1.0,1.0,1.0,50.0,0.0,0.0,0.0,0.0,1.0,1.0,0.275,0.525,0.0,0.55,0.35,False,0,0
4520,202512261242,1.0,1.0,1.0,1.0,113,m1,0,0,1.0,1.0,1.0,1.0,1.0,50.0,0.0,0.0,0.0,0.0,1.0,1.0,1.0,0.525,0.0,0.55,0.5675,False,0,0
4521,202512261243,1.0,1.0,1.0,1.0,93,m1,0,0,1.0,1.0,1.0,1.0,1.0,50.0,0.0,0.0,0.0,0.0,1.0,1.0,0.8,0.525,0.0,0.55,0.5075,False,0,0
4522,202512261244,1.0,1.0,1.0,1.0,122,m1,0,0,1.0,1.0,1.0,1.0,1.0,50.0,0.0,0.0,0.0,0.0,1.0,1.0,1.0,0.525,0.0,0.55,0.5675,False,0,0
4523,202512261245,1.0,1.0,1.0,1.0,161,m1,0,0,1.0,1.0,1.0,1.0,1.0,50.0,0.0,0.0,0.0,0.0,1.0,1.0,1.0,0.525,0.0,0.55,0.5675,False,0,0
4524,202512261246,1.0,1.0,1.0,1.0,151,m1,0,0,1.0,1.0,1.0,1.0,1.0,50.0,0.0,0.0,0.0,0.0,1.0,1.0,0.95,0.525,0.0,0.55,0.5525,False,0,0
4525,202512261247,1.0,1.0,1.0,1.0,101,m1,0,0,1.0,1.0,1.0,1.0,1.0,50.0,0.0,0.0,0.0,0.0,1.0,1.0,0.775,0.525,0.0,0.55,0.5,False,0,0
4526,202512261248,1.0,1.0,1.0,1.0,106,m1,0,0,1.0,1.0,1.0,1.0,1.0,50.0,0.0,0.0,0.0,0.0,1.0,1.0,0.8,0.525,0.0,0.55,0.5075,False,0,0
4527,202512261249,1.0,1.0,1.0,1.0,114,m1,0,0,1.0,1.0,1.0,1.0,1.0,50.0,0.0,0.0,0.0,0.0,1.0,1.0,0.85,0.525,0.0,0.55,0.5225,False,0,0
4528,202512261250,1.0,1.0,1.0,1.0,101,m1,0,0,1.0,1.0,1.0,1.0,1.0,50.0,0.0,0.0,0.0,0.0,1.0,1.0,0.675,0.525,0.0,0.55,0.47,False,0,0
4529,202512261251,1.0,1.0,1.0,1.0,65,m1,0,0,1.0,1.0,1.0,1.0,1.0,50.0,0.0,0.0,0.0,0.0,1.0,1.0,0.1,0.525,0.0,0.55,0.2975,False,0,0
4530,202512261252,1.0,1.0,1.0,1.0,127,m1,0,0,1.0,1.0,1.0,1.0,1.0,50.0,0.0,0.0,0.0,0.0,1.0,1.0,0.9,0.525,0.0,0.55,0.5375,False,0,0
4531,202512261253,1.0,1.0,1.0,1.0,87,m1,0,0,1.0,1.0,1.0,1.0,1.0,50.0,0.0,0.0,0.0,0.0,1.0,1.0,0.4,0.525,0.0,0.55,0.38749999999999996,False,0,0
4532,202512261254,1.0,1.0,1.0,1.0,93,m1,0,0,1.0,1.0,1.0,1.0,1.0,50.0,0.0,0.0,0.0,0.0,1.0,1.0,0.425,0.525,0.0,0.55,0.395,False,0,0
4533,202512261255,1.0,1.0,1.0,1.0,164,m1,0,0,1.0,1.0,1.0,1.0,1.0,50.0,0.0,0.0,0.0,0.0,1.0,1.0,1.0,0.525,0.0,0.55,0.5675,False,0,0
4534,202512261256,1.0,1.0,1.0,1.0,193,m1,0,0,1.0,1.0,1.0,1.0,1.0,50.0,0.0,0.0,0.0,0.0,1.0,1.0,1.0,0.525,0.0,0.55,0.5675,False,0,0
4535,202512261257,1.0,1.0,1.0,1.0,132,m1,0,0,1.0,1.0,1.0,1.0,1.0,50.0,0.0,0.0,0.0,0.0,1.0,1.0,0.8,0.525,0.0,0.55,0.5075,False,0,0
4536,202512261258,1.0,1.0,1.0,1.0,79,m1,0,0,1.0,1.0,1.0,1.0,1.0,50.0,0.0,0.0,0.0,0.0,1.0,1.0,0.15,0.525,0.0,0.55,0.3125,False,0,0
4537,202512261259,1.0,1.0,1.0,1.0,132,m1,0,0,1.0,1.0,1.0,1.0,1.0,50.0,0.0,0.0,0.0,0.0,1.0,1.0,0.775,0.525,0.0,0.55,0.5,False,0,0
4538,202512261300,1.0,1.0,1.0,1.0,227,m1,0,0,1.0,1.0,1.0,1.0,1.0,50.0,0.0,0.0,0.0,0.0,1.0,1.0,1.0,0.525,0.0,0.55,0.5675,False,0,0
4539,202512261301,1.0,1.0,1.0,1.0,193,m1,0,0,1.0,1.0,1.0,1.0,1.0,50.0,0.0,0.0,0.0,0.0,1.0,1.0,0.925,0.525,0.0,0.55,0.545,False,0,0
4540,202512261302,1.0,1.0,1.0,1.0,146,m1,0,0,1.0,1.0,1.0,1.0,1.0,50.0,0.0,0.0,0.0,0.0,1.0,1.0,0.7,0.525,0.0,0.55,0.47750000000000004,False,0,0
4541,202512261303,1.0,1.0,1.0,1.0,112,m1,0,0,1.0,1.0,1.0,1.0,1.0,50.0,0.0,0.0,0.0,0.0,1.0,1.0,0.4,0.525,0.0,0.55,0.38749999999999996,False,0,0
4542,202512261304,1.0,1.0,1.0,1.0,205,m1,0,0,1.0,1.0,1.0,1.0,1.0,50.0,0.0,0.0,0.0,0.0,1.0,1.0,0.95,0.525,0.0,0.55,0.5525,False,0,0
4543,202512261305,1.0,1.0,1.0,1.0,119,m1,0,0,1.0,1.0,1.0,1.0,1.0,50.0,0.0,0.0,0.0,0.0,1.0,1.0,0.5,0.525,0.0,0.55,0.4175,False,0,0
4544,202512261306,1.0,1.0,1.0,1.0,238,m1,0,0,1.0,1.0,1.0,1.0,1.0,50.0,0.0,0.0,0.0,0.0,1.0,1.0,1.0,0.525,0.0,0.55,0.5675,False,0,0
4545,202512261307,1.0,1.0,1.0,1.0,271,m1,0,0,1.0,1.0,1.0,1.0,1.0,50.0,0.0,0.0,0.0,0.0,1.0,1.0,1.0,0.525,0.0,0.55,0.5675,False,0,0
4546,202512261308,1.0,1.0,1.0,1.0,332,m1,0,0,1.0,1.0,1.0,1.0,1.0,50.0,0.0,0.0,0.0,0.0,1.0,1.0,1.0,0.525,0.0,0.55,0.5675,False,0,0
4547,202512261309,1.0,1.0,1.0,1.0,231,m1,0,0,1.0,1.0,1.0,1.0,1.0,50.0,0.0,0.0,0.0,0.0,1.0,1.0,0.85,0.525,0.0,0.55,0.5225,False,0,0
4548,202512261310,1.0,1.0,1.0,1.0,244,m1,0,0,1.0,1.0,1.0,1.0,1.0,50.0,0.0,0.0,0.0,0.0,1.0,1.0,0.9,0.525,0.0,0.55,0.5375,False,0,0
4549,202512261311,1.0,1.0,1.0,1.0,168,m1,0,0,1.0,1.0,1.0,1.0,1.0,50.0,0.0,0.0,0.0,0.0,1.0,1.0,0.55,0.525,0.0,0.55,0.4325,False,0,0
4550,202512261312,1.0,1.0,1.0,1.0,98,m1,0,0,1.0,1.0,1.0,1.0,1.0,50.0,0.0,0.0,0.0,0.0,1.0,1.0,0.2,0.525,0.0,0.55,0.3275,False,0,0
4551,202512261313,1.0,1.0,1.0,1.0,72,m1,0,0,1.0,1.0,1.0,1.0,1.0,50.0,0.0,0.0,0.0,0.0,1.0,1.0,0.05,0.525,0.0,0.55,0.2825,False,0,0
4552,202512261314,1.0,1.0,1.0,1.0,91,m1,0,0,1.0,1.0,1.0,1.0,1.0,50.0,0.0,0.0,0.0,0.0,1.0,1.0,0.15,0.525,0.0,0.55,0.3125,False,0,0
4553,202512261315,1.0,1.0,1.0,1.0,69,m1,0,0,1.0,1.0,1.0,1.0,1.0,50.0,0.0,0.0,0.0,0.0,1.0,1.0,0.05,0.525,0.0,0.55,0.2825,False,0,0
4554,202512261316,1.0,1.0,1.0,1.0,105,m1,0,0,1.0,1.0,1.0,1.0,1.0,50.0,0.0,0.0,0.0,0.0,1.0,1.0,0.3,0.525,0.0,0.55,0.35750000000000004,False,0,0
4555,202512261317,1.0,1.0,1.0,1.0,156,m1,0,0,1.0,1.0,1.0,1.0,1.0,50.0,0.0,0.0,0.0,0.0,1.0,1.0,0.55,0.525,0.0,0.55,0.4325,False,0,0
4556,202512261318,1.0,1.0,1.0,1.0,157,m1,0,0,1.0,1.0,1.0,1.0,1.0,50.0,0.0,0.0,0.0,0.0,1.0,1.0,0.55,0.525,0.0,0.55,0.4325,False,0,0
4557,202512261319,1.0,1.0,1.0,1.0,235,m1,0,0,1.0,1.0,1.0,1.0,1.0,50.0,0.0,0.0,0.0,0.0,1.0,1.0,0.8,0.525,0.0,0.55,0.5075,False,0,0
4558,202512261320,1.0,1.0,1.0,1.0,264,m1,0,0,1.0,1.0,1.0,1.0,1.0,50.0,0.0,0.0,0.0,0.0,1.0,1.0,0.9,0.525,0.0,0.55,0.5375,False,0,0
4559,202512261321,1.0,1.0,1.0,1.0,177,m1,0,0,1.0,1.0,1.0,1.0,1.0,50.0,0.0,0.0,0.0,0.0,1.0,1.0,0.6,0.525,0.0,0.55,0.4475,False,0,0
4560,202512261322,1.0,1.0,1.0,1.0,128,m1,0,0,1.0,1.0,1.0,1.0,1.0,50.0,0.0,0.0,0.0,0.0,1.0,1.0,0.4,0.525,0.0,0.55,0.38749999999999996,False,0,0
4561,202512261323,1.0,1.0,1.0,1.0,198,m1,0,0,1.0,1.0,1.0,1.0,1.0,50.0,0.0,0.0,0.0,0.0,1.0,1.0,0.6,0.525,0.0,0.55,0.4475,False,0,0
4562,202512261324,1.0,1.0,1.0,1.0,142,m1,0,0,1.0,1.0,1.0,1.0,1.0,50.0,0.0,0.0,0.0,0.0,1.0,1.0,0.4,0.525,0.0,0.55,0.38749999999999996,False,0,0
4563,202512261325,1.0,1.0,1.0,1.0,122,m1,0,0,1.0,1.0,1.0,1.0,1.0,50.0,0.0,0.0,0.0,0.0,1.0,1.0,0.3,0.525,0.0,0.55,0.35750000000000004,False,0,0
4564,202512261326,1.0,1.0,1.0,1.0,81,m1,0,0,1.0,1.0,1.0,1.0,1.0,50.0,0.0,0.0,0.0,0.0,1.0,1.0,0.15,0.525,0.0,0.55,0.3125,False,0,0
4565,202512261327,1.0,1.0,1.0,1.0,151,m1,0,0,1.0,1.0,1.0,1.0,1.0,50.0,0.0,0.0,0.0,0.0,1.0,1.0,0.5,0.525,0.0,0.55,0.4175,False,0,0
4566,202512261328,1.0,1.0,1.0,1.0,170,m1,0,0,1.0,1.0,1.0,1.0,1.0,50.0,0.0,0.0,0.0,0.0,1.0,1.0,0.7,0.525,0.0,0.55,0.47750000000000004,False,0,0
4567,202512261329,1.0,1.0,1.0,1.0,115,m1,0,0,1.0,1.0,1.0,1.0,1.0,50.0,0.0,0.0,0.0,0.0,1.0,1.0,0.35,0.525,0.0,0.55,0.37250000000000005,False,0,0
4568,202512261330,1.0,1.0,1.0,1.0,199,m1,0,0,1.0,1.0,1.0,1.0,1.0,50.0,0.0,0.0,0.0,0.0,1.0,1.0,0.9,0.525,0.0,0.55,0.5375,False,0,0
4569,202512261331,1.0,1.0,1.0,1.0,131,m1,0,0,1.0,1.0,1.0,1.0,1.0,50.0,0.0,0.0,0.0,0.0,1.0,1.0,0.5,0.525,0.0,0.55,0.4175,False,0,0
4570,202512261332,1.0,1.0,1.0,1.0,73,m1,0,0,1.0,1.0,1.0,1.0,1.0,50.0,0.0,0.0,0.0,0.0,1.0,1.0,0.15,0.525,0.0,0.55,0.3125,False,0,0
4571,202512261333,1.0,1.0,1.0,1.0,97,m1,0,0,1.0,1.0,1.0,1.0,1.0,50.0,0.0,0.0,0.0,0.0,1.0,1.0,0.25,0.525,0.0,0.55,0.3425,False,0,0
4572,202512261334,1.0,1.0,1.0,1.0,142,m1,0,0,1.0,1.0,1.0,1.0,1.0,50.0,0.0,0.0,0.0,0.0,1.0,1.0,0.525,0.525,0.0,0.55,0.42500000000000004,False,0,0
4573,202512261335,1.0,1.0,1.0,1.0,136,m1,0,0,1.0,1.0,1.0,1.0,1.0,50.0,0.0,0.0,0.0,0.0,1.0,1.0,0.45,0.525,0.0,0.55,0.40249999999999997,False,0,0
4574,202512261336,1.0,1.0,1.0,1.0,248,m1,0,0,1.0,1.0,1.0,1.0,1.0,50.0,0.0,0.0,0.0,0.0,1.0,1.0,0.95,0.525,0.0,0.55,0.5525,False,0,0
4575,202512261337,1.0,1.0,1.0,1.0,155,m1,0,0,1.0,1.0,1.0,1.0,1.0,50.0,0.0,0.0,0.0,0.0,1.0,1.0,0.6,0.525,0.0,0.55,0.4475,False,0,0
4576,202512261338,1.0,1.0,1.0,1.0,146,m1,0,0,1.0,1.0,1.0,1.0,1.0,50.0,0.0,0.0,0.0,0.0,1.0,1.0,0.55,0.525,0.0,0.55,0.4325,False,0,0
4577,202512261339,1.0,1.0,1.0,1.0,108,m1,0,0,1.0,1.0,1.0,1.0,1.0,50.0,0.0,0.0,0.0,0.0,1.0,1.0,0.2,0.525,0.0,0.55,0.3275,False,0,0
4578,202512261340,1.0,1.0,1.0,1.0,128,m1,0,0,1.0,1.0,1.0,1.0,1.0,50.0,0.0,0.0,0.0,0.0,1.0,1.0,0.375,0.525,0.0,0.55,0.38,False,0,0
4579,202512261341,1.0,1.0,1.0,1.0,166,m1,0,0,1.0,1.0,1.0,1.0,1.0,50.0,0.0,0.0,0.0,0.0,1.0,1.0,0.8,0.525,0.0,0.55,0.5075,False,0,0
4580,202512261342,1.0,1.0,1.0,1.0,82,m1,0,0,1.0,1.0,1.0,1.0,1.0,50.0,0.0,0.0,0.0,0.0,1.0,1.0,0.15,0.525,0.0,0.55,0.3125,False,0,0
4581,202512261343,1.0,1.0,1.0,1.0,172,m1,0,0,1.0,1.0,1.0,1.0,1.0,50.0,0.0,0.0,0.0,0.0,1.0,1.0,0.9,0.525,0.0,0.55,0.5375,False,0,0
4582,202512261344,1.0,1.0,1.0,1.0,209,m1,0,0,1.0,1.0,1.0,1.0,1.0,50.0,0.0,0.0,0.0,0.0,1.0,1.0,0.95,0.525,0.0,0.55,0.5525,False,0,0
4583,202512261345,1.0,1.0,1.0,1.0,204,m1,0,0,1.0,1.0,1.0,1.0,1.0,50.0,0.0,0.0,0.0,0.0,1.0,1.0,0.9,0.525,0.0,0.55,0.5375,False,0,0
4584,202512261346,1.0,1.0,1.0,1.0,207,m1,0,0,1.0,1.0,1.0,1.0,1.0,50.0,0.0,0.0,0.0,0.0,1.0,1.0,0.9,0.525,0.0,0.55,0.5375,False,0,0
4585,202512261347,1.0,1.0,1.0,1.0,179,m1,0,0,1.0,1.0,1.0,1.0,1.0,50.0,0.0,0.0,0.0,0.0,1.0,1.0,0.75,0.525,0.0,0.55,0.49249999999999994,False,0,0
4586,202512261348,1.0,1.0,1.0,1.0,125,m1,0,0,1.0,1.0,1.0,1.0,1.0,50.0,0.0,0.0,0.0,0.0,1.0,1.0,0.3,0.525,0.0,0.55,0.35750000000000004,False,0,0
4587,202512261349,1.0,1.0,1.0,1.0,205,m1,0,0,1.0,1.0,1.0,1.0,1.0,50.0,0.0,0.0,0.0,0.0,1.0,1.0,0.85,0.525,0.0,0.55,0.5225,False,0,0
4588,202512261350,1.0,1.0,1.0,1.0,258,m1,0,0,1.0,1.0,1.0,1.0,1.0,50.0,0.0,0.0,0.0,0.0,1.0,1.0,1.0,0.525,0.0,0.55,0.5675,False,0,0
4589,202512261351,1.0,1.0,1.0,1.0,259,m1,0,0,1.0,1.0,1.0,1.0,1.0,50.0,0.0,0.0,0.0,0.0,1.0,1.0,1.0,0.525,0.0,0.55,0.5675,False,0,0
4590,202512261352,1.0,1.0,1.0,1.0,216,m1,0,0,1.0,1.0,1.0,1.0,1.0,50.0,0.0,0.0,0.0,0.0,1.0,1.0,0.85,0.525,0.0,0.55,0.5225,False,0,0
4591,202512261353,1.0,1.0,1.0,1.0,166,m1,0,0,1.0,1.0,1.0,1.0,1.0,50.0,0.0,0.0,0.0,0.0,1.0,1.0,0.475,0.525,0.0,0.55,0.41000000000000003,False,0,0
4592,202512261354,1.0,1.0,1.0,1.0,188,m1,0,0,1.0,1.0,1.0,1.0,1.0,50.0,0.0,0.0,0.0,0.0,1.0,1.0,0.6,0.525,0.0,0.55,0.4475,False,0,0
4593,202512261355,1.0,1.0,1.0,1.0,204,m1,0,0,1.0,1.0,1.0,1.0,1.0,50.0,0.0,0.0,0.0,0.0,1.0,1.0,0.625,0.525,0.0,0.55,0.45499999999999996,False,0,0
4594,202512261356,1.0,1.0,1.0,1.0,133,m1,0,0,1.0,1.0,1.0,1.0,1.0,50.0,0.0,0.0,0.0,0.0,1.0,1.0,0.25,0.525,0.0,0.55,0.3425,False,0,0
4595,202512261357,1.0,1.0,1.0,1.0,173,m1,0,0,1.0,1.0,1.0,1.0,1.0,50.0,0.0,0.0,0.0,0.0,1.0,1.0,0.5,0.525,0.0,0.55,0.4175,False,0,0
4596,202512261358,1.0,1.0,1.0,1.0,173,m1,0,0,1.0,1.0,1.0,1.0,1.0,50.0,0.0,0.0,0.0,0.0,1.0,1.0,0.475,0.525,0.0,0.55,0.41000000000000003,False,0,0
4597,202512261359,1.0,1.0,1.0,1.0,229,m1,0,0,1.0,1.0,1.0,1.0,1.0,50.0,0.0,0.0,0.0,0.0,1.0,1.0,0.9,0.525,0.0,0.55,0.5375,False,0,0
4598,202512261400,1.0,1.0,1.0,1.0,179,m1,0,0,1.0,1.0,1.0,1.0,1.0,50.0,0.0,0.0,0.0,0.0,1.0,1.0,0.475,0.525,0.0,0.55,0.41000000000000003,False,0,0
4599,202512261401,1.0,1.0,1.0,1.0,147,m1,0,0,1.0,1.0,1.0,1.0,1.0,50.0,0.0,0.0,0.0,0.0,1.0,1.0,0.2,0.525,0.0,0.55,0.3275,False,0,0
4600,202512261402,1.0,1.0,1.0,1.0,214,m1,0,0,1.0,1.0,1.0,1.0,1.0,50.0,0.0,0.0,0.0,0.0,1.0,1.0,0.8,0.525,0.0,0.55,0.5075,False,0,0
4601,202512261403,1.0,1.0,1.0,1.0,207,m1,0,0,1.0,1.0,1.0,1.0,1.0,50.0,0.0,0.0,0.0,0.0,1.0,1.0,0.675,0.525,0.0,0.55,0.47,False,0,0
4602,202512261404,1.0,1.0,1.0,1.0,165,m1,0,0,1.0,1.0,1.0,1.0,1.0,50.0,0.0,0.0,0.0,0.0,1.0,1.0,0.2,0.525,0.0,0.55,0.3275,False,0,0
4603,202512261405,1.0,1.0,1.0,1.0,149,m1,0,0,1.0,1.0,1.0,1.0,1.0,50.0,0.0,0.0,0.0,0.0,1.0,1.0,0.2,0.525,0.0,0.55,0.3275,False,0,0
4604,202512261406,1.0,1.0,1.0,1.0,187,m1,0,0,1.0,1.0,1.0,1.0,1.0,50.0,0.0,0.0,0.0,0.0,1.0,1.0,0.55,0.525,0.0,0.55,0.4325,False,0,0
4605,202512261407,1.0,1.0,1.0,1.0,132,m1,0,0,1.0,1.0,1.0,1.0,1.0,50.0,0.0,0.0,0.0,0.0,1.0,1.0,0.1,0.525,0.0,0.55,0.2975,False,0,0
4606,202512261408,1.0,1.0,1.0,1.0,106,m1,0,0,1.0,1.0,1.0,1.0,1.0,50.0,0.0,0.0,0.0,0.0,1.0,1.0,0.05,0.525,0.0,0.55,0.2825,False,0,0
4607,202512261409,1.0,1.0,1.0,1.0,137,m1,0,0,1.0,1.0,1.0,1.0,1.0,50.0,0.0,0.0,0.0,0.0,1.0,1.0,0.2,0.525,0.0,0.55,0.3275,False,0,0
4608,202512261410,1.0,1.0,1.0,1.0,113,m1,0,0,1.0,1.0,1.0,1.0,1.0,50.0,0.0,0.0,0.0,0.0,1.0,1.0,0.1,0.525,0.0,0.55,0.2975,False,0,0
4609,202512261411,1.0,1.0,1.0,1.0,77,m1,0,0,1.0,1.0,1.0,1.0,1.0,50.0,0.0,0.0,0.0,0.0,1.0,1.0,0.05,0.525,0.0,0.55,0.2825,False,0,0
4610,202512261412,1.0,1.0,1.0,1.0,161,m1,0,0,1.0,1.0,1.0,1.0,1.0,50.0,0.0,0.0,0.0,0.0,1.0,1.0,0.45,0.525,0.0,0.55,0.40249999999999997,False,0,0
4611,202512261413,1.0,1.0,1.0,1.0,135,m1,0,0,1.0,1.0,1.0,1.0,1.0,50.0,0.0,0.0,0.0,0.0,1.0,1.0,0.3,0.525,0.0,0.55,0.35750000000000004,False,0,0
4612,202512261414,1.0,1.0,1.0,1.0,104,m1,0,0,1.0,1.0,1.0,1.0,1.0,50.0,0.0,0.0,0.0,0.0,1.0,1.0,0.1,0.525,0.0,0.55,0.2975,False,0,0
4613,202512261415,1.0,1.0,1.0,1.0,96,m1,0,0,1.0,1.0,1.0,1.0,1.0,50.0,0.0,0.0,0.0,0.0,1.0,1.0,0.1,0.525,0.0,0.55,0.2975,False,0,0
4614,202512261416,1.0,1.0,1.0,1.0,148,m1,0,0,1.0,1.0,1.0,1.0,1.0,50.0,0.0,0.0,0.0,0.0,1.0,1.0,0.5,0.525,0.0,0.55,0.4175,False,0,0
4615,202512261417,1.0,1.0,1.0,1.0,196,m1,0,0,1.0,1.0,1.0,1.0,1.0,50.0,0.0,0.0,0.0,0.0,1.0,1.0,0.85,0.525,0.0,0.55,0.5225,False,0,0
4616,202512261418,1.0,1.0,1.0,1.0,140,m1,0,0,1.0,1.0,1.0,1.0,1.0,50.0,0.0,0.0,0.0,0.0,1.0,1.0,0.45,0.525,0.0,0.55,0.40249999999999997,False,0,0
4617,202512261419,1.0,1.0,1.0,1.0,108,m1,0,0,1.0,1.0,1.0,1.0,1.0,50.0,0.0,0.0,0.0,0.0,1.0,1.0,0.25,0.525,0.0,0.55,0.3425,False,0,0
4618,202512261420,1.0,1.0,1.0,1.0,135,m1,0,0,1.0,1.0,1.0,1.0,1.0,50.0,0.0,0.0,0.0,0.0,1.0,1.0,0.425,0.525,0.0,0.55,0.395,False,0,0
4619,202512261421,1.0,1.0,1.0,1.0,96,m1,0,0,1.0,1.0,1.0,1.0,1.0,50.0,0.0,0.0,0.0,0.0,1.0,1.0,0.125,0.525,0.0,0.55,0.30500000000000005,False,0,0
4620,202512261422,1.0,1.0,1.0,1.0,132,m1,0,0,1.0,1.0,1.0,1.0,1.0,50.0,0.0,0.0,0.0,0.0,1.0,1.0,0.425,0.525,0.0,0.55,0.395,False,0,0
4621,202512261423,1.0,1.0,1.0,1.0,102,m1,0,0,1.0,1.0,1.0,1.0,1.0,50.0,0.0,0.0,0.0,0.0,1.0,1.0,0.2,0.525,0.0,0.55,0.3275,False,0,0
4622,202512261424,1.0,1.0,1.0,1.0,116,m1,0,0,1.0,1.0,1.0,1.0,1.0,50.0,0.0,0.0,0.0,0.0,1.0,1.0,0.45,0.525,0.0,0.55,0.40249999999999997,False,0,0
4623,202512261425,1.0,1.0,1.0,1.0,136,m1,0,0,1.0,1.0,1.0,1.0,1.0,50.0,0.0,0.0,0.0,0.0,1.0,1.0,0.7,0.525,0.0,0.55,0.47750000000000004,False,0,0
4624,202512261426,1.0,1.0,1.0,1.0,81,m1,0,0,1.0,1.0,1.0,1.0,1.0,50.0,0.0,0.0,0.0,0.0,1.0,1.0,0.1,0.525,0.0,0.55,0.2975,False,0,0
4625,202512261427,1.0,1.0,1.0,1.0,132,m1,0,0,1.0,1.0,1.0,1.0,1.0,50.0,0.0,0.0,0.0,0.0,1.0,1.0,0.575,0.525,0.0,0.55,0.43999999999999995,False,0,0
4626,202512261428,1.0,1.0,1.0,1.0,175,m1,0,0,1.0,1.0,1.0,1.0,1.0,50.0,0.0,0.0,0.0,0.0,1.0,1.0,0.95,0.525,0.0,0.55,0.5525,False,0,0
4627,202512261429,1.0,1.0,1.0,1.0,160,m1,0,0,1.0,1.0,1.0,1.0,1.0,50.0,0.0,0.0,0.0,0.0,1.0,1.0,0.85,0.525,0.0,0.55,0.5225,False,0,0
4628,202512261430,1.0,1.0,1.0,1.0,145,m1,0,0,1.0,1.0,1.0,1.0,1.0,50.0,0.0,0.0,0.0,0.0,1.0,1.0,0.75,0.525,0.0,0.55,0.49249999999999994,False,0,0
4629,202512261431,1.0,1.0,1.0,1.0,170,m1,0,0,1.0,1.0,1.0,1.0,1.0,50.0,0.0,0.0,0.0,0.0,1.0,1.0,0.9,0.525,0.0,0.55,0.5375,False,0,0
4630,202512261432,1.0,1.0,1.0,1.0,141,m1,0,0,1.0,1.0,1.0,1.0,1.0,50.0,0.0,0.0,0.0,0.0,1.0,1.0,0.7,0.525,0.0,0.55,0.47750000000000004,False,0,0
4631,202512261433,1.0,1.0,1.0,1.0,163,m1,0,0,1.0,1.0,1.0,1.0,1.0,50.0,0.0,0.0,0.0,0.0,1.0,1.0,0.85,0.525,0.0,0.55,0.5225,False,0,0
4632,202512261434,1.0,1.0,1.0,1.0,170,m1,0,0,1.0,1.0,1.0,1.0,1.0,50.0,0.0,0.0,0.0,0.0,1.0,1.0,0.875,0.525,0.0,0.55,0.53,False,0,0
4633,202512261435,1.0,1.0,1.0,1.0,286,m1,0,0,1.0,1.0,1.0,1.0,1.0,50.0,0.0,0.0,0.0,0.0,1.0,1.0,1.0,0.525,0.0,0.55,0.5675,False,0,0
4634,202512261436,1.0,1.0,1.0,1.0,132,m1,0,0,1.0,1.0,1.0,1.0,1.0,50.0,0.0,0.0,0.0,0.0,1.0,1.0,0.35,0.525,0.0,0.55,0.37250000000000005,False,0,0
4635,202512261437,1.0,1.0,1.0,1.0,130,m1,0,0,1.0,1.0,1.0,1.0,1.0,50.0,0.0,0.0,0.0,0.0,1.0,1.0,0.3,0.525,0.0,0.55,0.35750000000000004,False,0,0
4636,202512261438,1.0,1.0,1.0,1.0,148,m1,0,0,1.0,1.0,1.0,1.0,1.0,50.0,0.0,0.0,0.0,0.0,1.0,1.0,0.7,0.525,0.0,0.55,0.47750000000000004,False,0,0
4637,202512261439,1.0,1.0,1.0,1.0,158,m1,0,0,1.0,1.0,1.0,1.0,1.0,50.0,0.0,0.0,0.0,0.0,1.0,1.0,0.7,0.525,0.0,0.55,0.47750000000000004,False,0,0
4638,202512261440,1.0,1.0,1.0,1.0,123,m1,0,0,1.0,1.0,1.0,1.0,1.0,50.0,0.0,0.0,0.0,0.0,1.0,1.0,0.25,0.525,0.0,0.55,0.3425,False,0,0
4639,202512261441,1.0,1.0,1.0,1.0,172,m1,0,0,1.0,1.0,1.0,1.0,1.0,50.0,0.0,0.0,0.0,0.0,1.0,1.0,0.9,0.525,0.0,0.55,0.5375,False,0,0
4640,202512261442,1.0,1.0,1.0,1.0,149,m1,0,0,1.0,1.0,1.0,1.0,1.0,50.0,0.0,0.0,0.0,0.0,1.0,1.0,0.6,0.525,0.0,0.55,0.4475,False,0,0
4641,202512261443,1.0,1.0,1.0,1.0,196,m1,0,0,1.0,1.0,1.0,1.0,1.0,50.0,0.0,0.0,0.0,0.0,1.0,1.0,0.95,0.525,0.0,0.55,0.5525,False,0,0
4642,202512261444,1.0,1.0,1.0,1.0,179,m1,0,0,1.0,1.0,1.0,1.0,1.0,50.0,0.0,0.0,0.0,0.0,1.0,1.0,0.9,0.525,0.0,0.55,0.5375,False,0,0
4643,202512261445,1.0,1.0,1.0,1.0,190,m1,0,0,1.0,1.0,1.0,1.0,1.0,50.0,0.0,0.0,0.0,0.0,1.0,1.0,0.9,0.525,0.0,0.55,0.5375,False,0,0
4644,202512261446,1.0,1.0,1.0,1.0,229,m1,0,0,1.0,1.0,1.0,1.0,1.0,50.0,0.0,0.0,0.0,0.0,1.0,1.0,0.95,0.525,0.0,0.55,0.5525,False,0,0
4645,202512261447,1.0,1.0,1.0,1.0,130,m1,0,0,1.0,1.0,1.0,1.0,1.0,50.0,0.0,0.0,0.0,0.0,1.0,1.0,0.125,0.525,0.0,0.55,0.30500000000000005,False,0,0
4646,202512261448,1.0,1.0,1.0,1.0,123,m1,0,0,1.0,1.0,1.0,1.0,1.0,50.0,0.0,0.0,0.0,0.0,1.0,1.0,0.075,0.525,0.0,0.55,0.29000000000000004,False,0,0
4647,202512261449,1.0,1.0,1.0,1.0,122,m1,0,0,1.0,1.0,1.0,1.0,1.0,50.0,0.0,0.0,0.0,0.0,1.0,1.0,0.05,0.525,0.0,0.55,0.2825,False,0,0
4648,202512261450,1.0,1.0,1.0,1.0,115,m1,0,0,1.0,1.0,1.0,1.0,1.0,50.0,0.0,0.0,0.0,0.0,1.0,1.0,0.05,0.525,0.0,0.55,0.2825,False,0,0
4649,202512261451,1.0,1.0,1.0,1.0,134,m1,0,0,1.0,1.0,1.0,1.0,1.0,50.0,0.0,0.0,0.0,0.0,1.0,1.0,0.4,0.525,0.0,0.55,0.38749999999999996,False,0,0
4650,202512261452,1.0,1.0,1.0,1.0,168,m1,0,0,1.0,1.0,1.0,1.0,1.0,50.0,0.0,0.0,0.0,0.0,1.0,1.0,0.65,0.525,0.0,0.55,0.4625,False,0,0
4651,202512261453,1.0,1.0,1.0,1.0,140,m1,0,0,1.0,1.0,1.0,1.0,1.0,50.0,0.0,0.0,0.0,0.0,1.0,1.0,0.45,0.525,0.0,0.55,0.40249999999999997,False,0,0
4652,202512261454,1.0,1.0,1.0,1.0,219,m1,0,0,1.0,1.0,1.0,1.0,1.0,50.0,0.0,0.0,0.0,0.0,1.0,1.0,0.9,0.525,0.0,0.55,0.5375,False,0,0
4653,202512261455,1.0,1.0,1.0,1.0,156,m1,0,0,1.0,1.0,1.0,1.0,1.0,50.0,0.0,0.0,0.0,0.0,1.0,1.0,0.6,0.525,0.0,0.55,0.4475,False,0,0
4654,202512261456,1.0,1.0,1.0,1.0,126,m1,0,0,1.0,1.0,1.0,1.0,1.0,50.0,0.0,0.0,0.0,0.0,1.0,1.0,0.25,0.525,0.0,0.55,0.3425,False,0,0
4655,202512261457,1.0,1.0,1.0,1.0,78,m1,0,0,1.0,1.0,1.0,1.0,1.0,50.0,0.0,0.0,0.0,0.0,1.0,1.0,0.05,0.525,0.0,0.55,0.2825,False,0,0
4656,202512261458,1.0,1.0,1.0,1.0,132,m1,0,0,1.0,1.0,1.0,1.0,1.0,50.0,0.0,0.0,0.0,0.0,1.0,1.0,0.4,0.525,0.0,0.55,0.38749999999999996,False,0,0
4657,202512261459,1.0,1.0,1.0,1.0,123,m1,0,0,1.0,1.0,1.0,1.0,1.0,50.0,0.0,0.0,0.0,0.0,1.0,1.0,0.25,0.525,0.0,0.55,0.3425,False,0,0
4658,202512261500,1.0,1.0,1.0,1.0,140,m1,0,0,1.0,1.0,1.0,1.0,1.0,50.0,0.0,0.0,0.0,0.0,1.0,1.0,0.525,0.525,0.0,0.55,0.42500000000000004,False,0,0
4659,202512261501,1.0,1.0,1.0,1.0,122,m1,0,0,1.0,1.0,1.0,1.0,1.0,50.0,0.0,0.0,0.0,0.0,1.0,1.0,0.175,0.525,0.0,0.55,0.32,False,0,0
4660,202512261502,1.0,1.0,1.0,1.0,176,m1,0,0,1.0,1.0,1.0,1.0,1.0,50.0,0.0,0.0,0.0,0.0,1.0,1.0,0.75,0.525,0.0,0.55,0.49249999999999994,False,0,0
4661,202512261503,1.0,1.0,1.0,1.0,241,m1,0,0,1.0,1.0,1.0,1.0,1.0,50.0,0.0,0.0,0.0,0.0,1.0,1.0,1.0,0.525,0.0,0.55,0.5675,False,0,0
4662,202512261504,1.0,1.0,1.0,1.0,200,m1,0,0,1.0,1.0,1.0,1.0,1.0,50.0,0.0,0.0,0.0,0.0,1.0,1.0,0.85,0.525,0.0,0.55,0.5225,False,0,0
4663,202512261505,1.0,1.0,1.0,1.0,188,m1,0,0,1.0,1.0,1.0,1.0,1.0,50.0,0.0,0.0,0.0,0.0,1.0,1.0,0.8,0.525,0.0,0.55,0.5075,False,0,0
4664,202512261506,1.0,1.0,1.0,1.0,224,m1,0,0,1.0,1.0,1.0,1.0,1.0,50.0,0.0,0.0,0.0,0.0,1.0,1.0,0.95,0.525,0.0,0.55,0.5525,False,0,0
4665,202512261507,1.0,1.0,1.0,1.0,153,m1,0,0,1.0,1.0,1.0,1.0,1.0,50.0,0.0,0.0,0.0,0.0,1.0,1.0,0.6,0.525,0.0,0.55,0.4475,False,0,0
4666,202512261508,1.0,1.0,1.0,1.0,119,m1,0,0,1.0,1.0,1.0,1.0,1.0,50.0,0.0,0.0,0.0,0.0,1.0,1.0,0.15,0.525,0.0,0.55,0.3125,False,0,0
4667,202512261509,1.0,1.0,1.0,1.0,131,m1,0,0,1.0,1.0,1.0,1.0,1.0,50.0,0.0,0.0,0.0,0.0,1.0,1.0,0.35,0.525,0.0,0.55,0.37250000000000005,False,0,0
4668,202512261510,1.0,1.0,1.0,1.0,225,m1,0,0,1.0,1.0,1.0,1.0,1.0,50.0,0.0,0.0,0.0,0.0,1.0,1.0,0.95,0.525,0.0,0.55,0.5525,False,0,0
4669,202512261511,1.0,1.0,1.0,1.0,160,m1,0,0,1.0,1.0,1.0,1.0,1.0,50.0,0.0,0.0,0.0,0.0,1.0,1.0,0.6,0.525,0.0,0.55,0.4475,False,0,0
4670,202512261512,1.0,1.0,1.0,1.0,112,m1,0,0,1.0,1.0,1.0,1.0,1.0,50.0,0.0,0.0,0.0,0.0,1.0,1.0,0.1,0.525,0.0,0.55,0.2975,False,0,0
4671,202512261513,1.0,1.0,1.0,1.0,92,m1,0,0,1.0,1.0,1.0,1.0,1.0,50.0,0.0,0.0,0.0,0.0,1.0,1.0,0.1,0.525,0.0,0.55,0.2975,False,0,0
4672,202512261514,1.0,1.0,1.0,1.0,123,m1,0,0,1.0,1.0,1.0,1.0,1.0,50.0,0.0,0.0,0.0,0.0,1.0,1.0,0.325,0.525,0.0,0.55,0.365,False,0,0
4673,202512261515,1.0,1.0,1.0,1.0,166,m1,0,0,1.0,1.0,1.0,1.0,1.0,50.0,0.0,0.0,0.0,0.0,1.0,1.0,0.7,0.525,0.0,0.55,0.47750000000000004,False,0,0
4674,202512261516,1.0,1.0,1.0,1.0,125,m1,0,0,1.0,1.0,1.0,1.0,1.0,50.0,0.0,0.0,0.0,0.0,1.0,1.0,0.4,0.525,0.0,0.55,0.38749999999999996,False,0,0
4675,202512261517,1.0,1.0,1.0,1.0,97,m1,0,0,1.0,1.0,1.0,1.0,1.0,50.0,0.0,0.0,0.0,0.0,1.0,1.0,0.1,0.525,0.0,0.55,0.2975,False,0,0
4676,202512261518,1.0,1.0,1.0,1.0,96,m1,0,0,1.0,1.0,1.0,1.0,1.0,50.0,0.0,0.0,0.0,0.0,1.0,1.0,0.1,0.525,0.0,0.55,0.2975,False,0,0
4677,202512261519,1.0,1.0,1.0,1.0,103,m1,0,0,1.0,1.0,1.0,1.0,1.0,50.0,0.0,0.0,0.0,0.0,1.0,1.0,0.2,0.525,0.0,0.55,0.3275,False,0,0
4678,202512261520,1.0,1.0,1.0,1.0,126,m1,0,0,1.0,1.0,1.0,1.0,1.0,50.0,0.0,0.0,0.0,0.0,1.0,1.0,0.5,0.525,0.0,0.55,0.4175,False,0,0
4679,202512261521,1.0,1.0,1.0,1.0,142,m1,0,0,1.0,1.0,1.0,1.0,1.0,50.0,0.0,0.0,0.0,0.0,1.0,1.0,0.55,0.525,0.0,0.55,0.4325,False,0,0
4680,202512261522,1.0,1.0,1.0,1.0,148,m1,0,0,1.0,1.0,1.0,1.0,1.0,50.0,0.0,0.0,0.0,0.0,1.0,1.0,0.6,0.525,0.0,0.55,0.4475,False,0,0
4681,202512261523,1.0,1.0,1.0,1.0,116,m1,0,0,1.0,1.0,1.0,1.0,1.0,50.0,0.0,0.0,0.0,0.0,1.0,1.0,0.3,0.525,0.0,0.55,0.35750000000000004,False,0,0
4682,202512261524,1.0,1.0,1.0,1.0,118,m1,0,0,1.0,1.0,1.0,1.0,1.0,50.0,0.0,0.0,0.0,0.0,1.0,1.0,0.35,0.525,0.0,0.55,0.37250000000000005,False,0,0
4683,202512261525,1.0,1.0,1.0,1.0,68,m1,0,0,1.0,1.0,1.0,1.0,1.0,50.0,0.0,0.0,0.0,0.0,1.0,1.0,0.05,0.525,0.0,0.55,0.2825,False,0,0
4684,202512261526,1.0,1.0,1.0,1.0,97,m1,0,0,1.0,1.0,1.0,1.0,1.0,50.0,0.0,0.0,0.0,0.0,1.0,1.0,0.225,0.525,0.0,0.55,0.335,False,0,0
4685,202512261527,1.0,1.0,1.0,1.0,125,m1,0,0,1.0,1.0,1.0,1.0,1.0,50.0,0.0,0.0,0.0,0.0,1.0,1.0,0.625,0.525,0.0,0.55,0.45499999999999996,False,0,0
4686,202512261528,1.0,1.0,1.0,1.0,109,m1,0,0,1.0,1.0,1.0,1.0,1.0,50.0,0.0,0.0,0.0,0.0,1.0,1.0,0.35,0.525,0.0,0.55,0.37250000000000005,False,0,0
4687,202512261529,1.0,1.0,1.0,1.0,172,m1,0,0,1.0,1.0,1.0,1.0,1.0,50.0,0.0,0.0,0.0,0.0,1.0,1.0,0.95,0.525,0.0,0.55,0.5525,False,0,0
4688,202512261530,1.0,1.0,1.0,1.0,131,m1,0,0,1.0,1.0,1.0,1.0,1.0,50.0,0.0,0.0,0.0,0.0,1.0,1.0,0.75,0.525,0.0,0.55,0.49249999999999994,False,0,0
4689,202512261531,1.0,1.0,1.0,1.0,128,m1,0,0,1.0,1.0,1.0,1.0,1.0,50.0,0.0,0.0,0.0,0.0,1.0,1.0,0.75,0.525,0.0,0.55,0.49249999999999994,False,0,0
4690,202512261532,1.0,1.0,1.0,1.0,141,m1,0,0,1.0,1.0,1.0,1.0,1.0,50.0,0.0,0.0,0.0,0.0,1.0,1.0,0.8,0.525,0.0,0.55,0.5075,False,0,0
4691,202512261533,1.0,1.0,1.0,1.0,151,m1,0,0,1.0,1.0,1.0,1.0,1.0,50.0,0.0,0.0,0.0,0.0,1.0,1.0,0.9,0.525,0.0,0.55,0.5375,False,0,0
4692,202512261534,1.0,1.0,1.0,1.0,92,m1,0,0,1.0,1.0,1.0,1.0,1.0,50.0,0.0,0.0,0.0,0.0,1.0,1.0,0.1,0.525,0.0,0.55,0.2975,False,0,0
4693,202512261535,1.0,1.0,1.0,1.0,107,m1,0,0,1.0,1.0,1.0,1.0,1.0,50.0,0.0,0.0,0.0,0.0,1.0,1.0,0.35,0.525,0.0,0.55,0.37250000000000005,False,0,0
4694,202512261536,1.0,1.0,1.0,1.0,123,m1,0,0,1.0,1.0,1.0,1.0,1.0,50.0,0.0,0.0,0.0,0.0,1.0,1.0,0.55,0.525,0.0,0.55,0.4325,False,0,0
4695,202512261537,1.0,1.0,1.0,1.0,139,m1,0,0,1.0,1.0,1.0,1.0,1.0,50.0,0.0,0.0,0.0,0.0,1.0,1.0,0.75,0.525,0.0,0.55,0.49249999999999994,False,0,0
4696,202512261538,1.0,1.0,1.0,1.0,137,m1,0,0,1.0,1.0,1.0,1.0,1.0,50.0,0.0,0.0,0.0,0.0,1.0,1.0,0.7,0.525,0.0,0.55,0.47750000000000004,False,0,0
4697,202512261539,1.0,1.0,1.0,1.0,79,m1,0,0,1.0,1.0,1.0,1.0,1.0,50.0,0.0,0.0,0.0,0.0,1.0,1.0,0.1,0.525,0.0,0.55,0.2975,False,0,0
4698,202512261540,1.0,1.0,1.0,1.0,103,m1,0,0,1.0,1.0,1.0,1.0,1.0,50.0,0.0,0.0,0.0,0.0,1.0,1.0,0.25,0.525,0.0,0.55,0.3425,False,0,0
4699,202512261541,1.0,1.0,1.0,1.0,65,m1,0,0,1.0,1.0,1.0,1.0,1.0,50.0,0.0,0.0,0.0,0.0,1.0,1.0,0.05,0.525,0.0,0.55,0.2825,False,0,0
4700,202512261542,1.0,1.0,1.0,1.0,176,m1,0,0,1.0,1.0,1.0,1.0,1.0,50.0,0.0,0.0,0.0,0.0,1.0,1.0,1.0,0.525,0.0,0.55,0.5675,False,0,0
4701,202512261543,1.0,1.0,1.0,1.0,77,m1,0,0,1.0,1.0,1.0,1.0,1.0,50.0,0.0,0.0,0.0,0.0,1.0,1.0,0.15,0.525,0.0,0.55,0.3125,False,0,0
4702,202512261544,1.0,1.0,1.0,1.0,129,m1,0,0,1.0,1.0,1.0,1.0,1.0,50.0,0.0,0.0,0.0,0.0,1.0,1.0,0.65,0.525,0.0,0.55,0.4625,False,0,0
4703,202512261545,1.0,1.0,1.0,1.0,93,m1,0,0,1.0,1.0,1.0,1.0,1.0,50.0,0.0,0.0,0.0,0.0,1.0,1.0,0.25,0.525,0.0,0.55,0.3425,False,0,0
4704,202512261546,1.0,1.0,1.0,1.0,109,m1,0,0,1.0,1.0,1.0,1.0,1.0,50.0,0.0,0.0,0.0,0.0,1.0,1.0,0.425,0.525,0.0,0.55,0.395,False,0,0
4705,202512261547,1.0,1.0,1.0,1.0,67,m1,0,0,1.0,1.0,1.0,1.0,1.0,50.0,0.0,0.0,0.0,0.0,1.0,1.0,0.1,0.525,0.0,0.55,0.2975,False,0,0
4706,202512261548,1.0,1.0,1.0,1.0,114,m1,0,0,1.0,1.0,1.0,1.0,1.0,50.0,0.0,0.0,0.0,0.0,1.0,1.0,0.5,0.525,0.0,0.55,0.4175,False,0,0
4707,202512261549,1.0,1.0,1.0,1.0,132,m1,0,0,1.0,1.0,1.0,1.0,1.0,50.0,0.0,0.0,0.0,0.0,1.0,1.0,0.75,0.525,0.0,0.55,0.49249999999999994,False,0,0
4708,202512261550,1.0,1.0,1.0,1.0,124,m1,0,0,1.0,1.0,1.0,1.0,1.0,50.0,0.0,0.0,0.0,0.0,1.0,1.0,0.6,0.525,0.0,0.55,0.4475,False,0,0
4709,202512261551,1.0,1.0,1.0,1.0,129,m1,0,0,1.0,1.0,1.0,1.0,1.0,50.0,0.0,0.0,0.0,0.0,1.0,1.0,0.675,0.525,0.0,0.55,0.47,False,0,0
4710,202512261552,1.0,1.0,1.0,1.0,207,m1,0,0,1.0,1.0,1.0,1.0,1.0,50.0,0.0,0.0,0.0,0.0,1.0,1.0,1.0,0.525,0.0,0.55,0.5675,False,0,0
4711,202512261553,1.0,1.0,1.0,1.0,298,m1,0,0,1.0,1.0,1.0,1.0,1.0,50.0,0.0,0.0,0.0,0.0,1.0,1.0,1.0,0.525,0.0,0.55,0.5675,False,0,0
4712,202512261554,1.0,1.0,1.0,1.0,521,m1,0,0,1.0,1.0,1.0,1.0,1.0,50.0,0.0,0.0,0.0,0.0,1.0,1.0,1.0,0.525,0.0,0.55,0.5675,False,0,0
4713,202512261555,1.0,1.0,1.0,1.0,547,m1,0,0,1.0,1.0,1.0,1.0,1.0,50.0,0.0,0.0,0.0,0.0,1.0,1.0,1.0,0.525,0.0,0.55,0.5675,False,0,0
4714,202512261556,1.0,1.0,1.0,1.0,356,m1,0,0,1.0,1.0,1.0,1.0,1.0,50.0,0.0,0.0,0.0,0.0,1.0,1.0,0.9,0.525,0.0,0.55,0.5375,False,0,0
4715,202512261557,1.0,1.0,1.0,1.0,475,m1,0,0,1.0,1.0,1.0,1.0,1.0,50.0,0.0,0.0,0.0,0.0,1.0,1.0,0.9,0.525,0.0,0.55,0.5375,False,0,0
4716,202512261558,1.0,1.0,1.0,1.0,412,m1,0,0,1.0,1.0,1.0,1.0,1.0,50.0,0.0,0.0,0.0,0.0,1.0,1.0,0.85,0.525,0.0,0.55,0.5225,False,0,0
4717,202512261559,1.0,1.0,1.0,1.0,328,m1,0,0,1.0,1.0,1.0,1.0,1.0,50.0,0.0,0.0,0.0,0.0,1.0,1.0,0.75,0.525,0.0,0.55,0.49249999999999994,False,0,0
4718,202512261600,1.0,1.0,1.0,1.0,275,m1,0,0,1.0,1.0,1.0,1.0,1.0,50.0,0.0,0.0,0.0,0.0,1.0,1.0,0.65,0.525,0.0,0.55,0.4625,False,0,0
4719,202512261601,1.0,1.0,1.0,1.0,327,m1,0,0,1.0,1.0,1.0,1.0,1.0,50.0,0.0,0.0,0.0,0.0,1.0,1.0,0.7,0.525,0.0,0.55,0.47750000000000004,False,0,0
4720,202512261602,1.0,1.0,1.0,1.0,329,m1,0,0,1.0,1.0,1.0,1.0,1.0,50.0,0.0,0.0,0.0,0.0,1.0,1.0,0.75,0.525,0.0,0.55,0.49249999999999994,False,0,0
4721,202512261603,1.0,1.0,1.0,1.0,242,m1,0,0,1.0,1.0,1.0,1.0,1.0,50.0,0.0,0.0,0.0,0.0,1.0,1.0,0.5,0.525,0.0,0.55,0.4175,False,0,0
4722,202512261604,1.0,1.0,1.0,1.0,195,m1,0,0,1.0,1.0,1.0,1.0,1.0,50.0,0.0,0.0,0.0,0.0,1.0,1.0,0.4,0.525,0.0,0.55,0.38749999999999996,False,0,0
4723,202512261605,1.0,1.0,1.0,1.0,360,m1,0,0,1.0,1.0,1.0,1.0,1.0,50.0,0.0,0.0,0.0,0.0,1.0,1.0,0.8,0.525,0.0,0.55,0.5075,False,0,0
4724,202512261606,1.0,1.0,1.0,1.0,235,m1,0,0,1.0,1.0,1.0,1.0,1.0,50.0,0.0,0.0,0.0,0.0,1.0,1.0,0.4,0.525,0.0,0.55,0.38749999999999996,False,0,0
4725,202512261607,1.0,1.0,1.0,1.0,173,m1,0,0,1.0,1.0,1.0,1.0,1.0,50.0,0.0,0.0,0.0,0.0,1.0,1.0,0.25,0.525,0.0,0.55,0.3425,False,0,0
4726,202512261608,1.0,1.0,1.0,1.0,155,m1,0,0,1.0,1.0,1.0,1.0,1.0,50.0,0.0,0.0,0.0,0.0,1.0,1.0,0.2,0.525,0.0,0.55,0.3275,False,0,0
4727,202512261609,1.0,1.0,1.0,1.0,193,m1,0,0,1.0,1.0,1.0,1.0,1.0,50.0,0.0,0.0,0.0,0.0,1.0,1.0,0.25,0.525,0.0,0.55,0.3425,False,0,0
4728,202512261610,1.0,1.0,1.0,1.0,122,m1,0,0,1.0,1.0,1.0,1.0,1.0,50.0,0.0,0.0,0.0,0.0,1.0,1.0,0.05,0.525,0.0,0.55,0.2825,False,0,0
4729,202512261611,1.0,1.0,1.0,1.0,180,m1,0,0,1.0,1.0,1.0,1.0,1.0,50.0,0.0,0.0,0.0,0.0,1.0,1.0,0.2,0.525,0.0,0.55,0.3275,False,0,0
4730,202512261612,1.0,1.0,1.0,1.0,446,m1,0,0,1.0,1.0,1.0,1.0,1.0,50.0,0.0,0.0,0.0,0.0,1.0,1.0,0.85,0.525,0.0,0.55,0.5225,False,0,0
4731,202512261613,1.0,1.0,1.0,1.0,330,m1,0,0,1.0,1.0,1.0,1.0,1.0,50.0,0.0,0.0,0.0,0.0,1.0,1.0,0.65,0.525,0.0,0.55,0.4625,False,0,0
4732,202512261614,1.0,1.0,1.0,1.0,124,m1,0,0,1.0,1.0,1.0,1.0,1.0,50.0,0.0,0.0,0.0,0.0,1.0,1.0,0.1,0.525,0.0,0.55,0.2975,False,0,0
4733,202512261615,1.0,1.0,1.0,1.0,282,m1,0,0,1.0,1.0,1.0,1.0,1.0,50.0,0.0,0.0,0.0,0.0,1.0,1.0,0.55,0.525,0.0,0.55,0.4325,False,0,0
4734,202512261616,1.0,1.0,1.0,1.0,287,m1,0,0,1.0,1.0,1.0,1.0,1.0,50.0,0.0,0.0,0.0,0.0,1.0,1.0,0.6,0.525,0.0,0.55,0.4475,False,0,0
4735,202512261617,1.0,1.0,1.0,1.0,209,m1,0,0,1.0,1.0,1.0,1.0,1.0,50.0,0.0,0.0,0.0,0.0,1.0,1.0,0.4,0.525,0.0,0.55,0.38749999999999996,False,0,0
4736,202512261618,1.0,1.0,1.0,1.0,140,m1,0,0,1.0,1.0,1.0,1.0,1.0,50.0,0.0,0.0,0.0,0.0,1.0,1.0,0.15,0.525,0.0,0.55,0.3125,False,0,0
4737,202512261619,1.0,1.0,1.0,1.0,111,m1,0,0,1.0,1.0,1.0,1.0,1.0,50.0,0.0,0.0,0.0,0.0,1.0,1.0,0.05,0.525,0.0,0.55,0.2825,False,0,0
4738,202512261620,1.0,1.0,1.0,1.0,206,m1,0,0,1.0,1.0,1.0,1.0,1.0,50.0,0.0,0.0,0.0,0.0,1.0,1.0,0.5,0.525,0.0,0.55,0.4175,False,0,0
4739,202512261621,1.0,1.0,1.0,1.0,118,m1,0,0,1.0,1.0,1.0,1.0,1.0,50.0,0.0,0.0,0.0,0.0,1.0,1.0,0.1,0.525,0.0,0.55,0.2975,False,0,0
4740,202512261622,1.0,1.0,1.0,1.0,314,m1,0,0,1.0,1.0,1.0,1.0,1.0,50.0,0.0,0.0,0.0,0.0,1.0,1.0,0.85,0.525,0.0,0.55,0.5225,False,0,0
4741,202512261623,1.0,1.0,1.0,1.0,319,m1,0,0,1.0,1.0,1.0,1.0,1.0,50.0,0.0,0.0,0.0,0.0,1.0,1.0,0.85,0.525,0.0,0.55,0.5225,False,0,0
4742,202512261624,1.0,1.0,1.0,1.0,213,m1,0,0,1.0,1.0,1.0,1.0,1.0,50.0,0.0,0.0,0.0,0.0,1.0,1.0,0.6,0.525,0.0,0.55,0.4475,False,0,0
4743,202512261625,1.0,1.0,1.0,1.0,213,m1,0,0,1.0,1.0,1.0,1.0,1.0,50.0,0.0,0.0,0.0,0.0,1.0,1.0,0.625,0.525,0.0,0.55,0.45499999999999996,False,0,0
4744,202512261626,1.0,1.0,1.0,1.0,143,m1,0,0,1.0,1.0,1.0,1.0,1.0,50.0,0.0,0.0,0.0,0.0,1.0,1.0,0.3,0.525,0.0,0.55,0.35750000000000004,False,0,0
4745,202512261627,1.0,1.0,1.0,1.0,172,m1,0,0,1.0,1.0,1.0,1.0,1.0,50.0,0.0,0.0,0.0,0.0,1.0,1.0,0.4,0.525,0.0,0.55,0.38749999999999996,False,0,0
4746,202512261628,1.0,1.0,1.0,1.0,231,m1,0,0,1.0,1.0,1.0,1.0,1.0,50.0,0.0,0.0,0.0,0.0,1.0,1.0,0.7,0.525,0.0,0.55,0.47750000000000004,False,0,0
4747,202512261629,1.0,1.0,1.0,1.0,171,m1,0,0,1.0,1.0,1.0,1.0,1.0,50.0,0.0,0.0,0.0,0.0,1.0,1.0,0.35,0.525,0.0,0.55,0.37250000000000005,False,0,0
4748,202512261630,1.0,1.0,1.0,1.0,224,m1,0,0,1.0,1.0,1.0,1.0,1.0,50.0,0.0,0.0,0.0,0.0,1.0,1.0,0.65,0.525,0.0,0.55,0.4625,False,0,0
4749,202512261631,1.0,1.0,1.0,1.0,216,m1,0,0,1.0,1.0,1.0,1.0,1.0,50.0,0.0,0.0,0.0,0.0,1.0,1.0,0.6,0.525,0.0,0.55,0.4475,False,0,0
4750,202512261632,1.0,1.0,1.0,1.0,249,m1,0,0,1.0,1.0,1.0,1.0,1.0,50.0,0.0,0.0,0.0,0.0,1.0,1.0,0.75,0.525,0.0,0.55,0.49249999999999994,False,0,0
4751,202512261633,1.0,1.0,1.0,1.0,146,m1,0,0,1.0,1.0,1.0,1.0,1.0,50.0,0.0,0.0,0.0,0.0,1.0,1.0,0.3,0.525,0.0,0.55,0.35750000000000004,False,0,0
4752,202512261634,1.0,1.0,1.0,1.0,184,m1,0,0,1.0,1.0,1.0,1.0,1.0,50.0,0.0,0.0,0.0,0.0,1.0,1.0,0.4,0.525,0.0,0.55,0.38749999999999996,False,0,0
4753,202512261635,1.0,1.0,1.0,1.0,156,m1,0,0,1.0,1.0,1.0,1.0,1.0,50.0,0.0,0.0,0.0,0.0,1.0,1.0,0.3,0.525,0.0,0.55,0.35750000000000004,False,0,0
4754,202512261636,1.0,1.0,1.0,1.0,137,m1,0,0,1.0,1.0,1.0,1.0,1.0,50.0,0.0,0.0,0.0,0.0,1.0,1.0,0.15,0.525,0.0,0.55,0.3125,False,0,0
4755,202512261637,1.0,1.0,1.0,1.0,115,m1,0,0,1.0,1.0,1.0,1.0,1.0,50.0,0.0,0.0,0.0,0.0,1.0,1.0,0.1,0.525,0.0,0.55,0.2975,False,0,0
4756,202512261638,1.0,1.0,1.0,1.0,203,m1,0,0,1.0,1.0,1.0,1.0,1.0,50.0,0.0,0.0,0.0,0.0,1.0,1.0,0.55,0.525,0.0,0.55,0.4325,False,0,0
4757,202512261639,1.0,1.0,1.0,1.0,160,m1,0,0,1.0,1.0,1.0,1.0,1.0,50.0,0.0,0.0,0.0,0.0,1.0,1.0,0.35,0.525,0.0,0.55,0.37250000000000005,False,0,0
4758,202512261640,1.0,1.0,1.0,1.0,95,m1,0,0,1.0,1.0,1.0,1.0,1.0,50.0,0.0,0.0,0.0,0.0,1.0,1.0,0.05,0.525,0.0,0.55,0.2825,False,0,0
4759,202512261641,1.0,1.0,1.0,1.0,174,m1,0,0,1.0,1.0,1.0,1.0,1.0,50.0,0.0,0.0,0.0,0.0,1.0,1.0,0.5,0.525,0.0,0.55,0.4175,False,0,0
4760,202512261642,1.0,1.0,1.0,1.0,95,m1,0,0,1.0,1.0,1.0,1.0,1.0,50.0,0.0,0.0,0.0,0.0,1.0,1.0,0.075,0.525,0.0,0.55,0.29000000000000004,False,0,0
4761,202512261643,1.0,1.0,1.0,1.0,69,m1,0,0,1.0,1.0,1.0,1.0,1.0,50.0,0.0,0.0,0.0,0.0,1.0,1.0,0.05,0.525,0.0,0.55,0.2825,False,0,0
4762,202512261644,1.0,1.0,1.0,1.0,164,m1,0,0,1.0,1.0,1.0,1.0,1.0,50.0,0.0,0.0,0.0,0.0,1.0,1.0,0.5,0.525,0.0,0.55,0.4175,False,0,0
4763,202512261645,1.0,1.0,1.0,1.0,172,m1,0,0,1.0,1.0,1.0,1.0,1.0,50.0,0.0,0.0,0.0,0.0,1.0,1.0,0.625,0.525,0.0,0.55,0.45499999999999996,False,0,0
4764,202512261646,1.0,1.0,1.0,1.0,218,m1,0,0,1.0,1.0,1.0,1.0,1.0,50.0,0.0,0.0,0.0,0.0,1.0,1.0,0.85,0.525,0.0,0.55,0.5225,False,0,0
4765,202512261647,1.0,1.0,1.0,1.0,145,m1,0,0,1.0,1.0,1.0,1.0,1.0,50.0,0.0,0.0,0.0,0.0,1.0,1.0,0.3,0.525,0.0,0.55,0.35750000000000004,False,0,0
4766,202512261648,1.0,1.0,1.0,1.0,163,m1,0,0,1.0,1.0,1.0,1.0,1.0,50.0,0.0,0.0,0.0,0.0,1.0,1.0,0.5,0.525,0.0,0.55,0.4175,False,0,0
4767,202512261649,1.0,1.0,1.0,1.0,120,m1,0,0,1.0,1.0,1.0,1.0,1.0,50.0,0.0,0.0,0.0,0.0,1.0,1.0,0.25,0.525,0.0,0.55,0.3425,False,0,0
4768,202512261650,1.0,1.0,1.0,1.0,167,m1,0,0,1.0,1.0,1.0,1.0,1.0,50.0,0.0,0.0,0.0,0.0,1.0,1.0,0.65,0.525,0.0,0.55,0.4625,False,0,0
4769,202512261651,1.0,1.0,1.0,1.0,161,m1,0,0,1.0,1.0,1.0,1.0,1.0,50.0,0.0,0.0,0.0,0.0,1.0,1.0,0.55,0.525,0.0,0.55,0.4325,False,0,0
4770,202512261652,1.0,1.0,1.0,1.0,202,m1,0,0,1.0,1.0,1.0,1.0,1.0,50.0,0.0,0.0,0.0,0.0,1.0,1.0,0.9,0.525,0.0,0.55,0.5375,False,0,0
4771,202512261653,1.0,1.0,1.0,1.0,200,m1,0,0,1.0,1.0,1.0,1.0,1.0,50.0,0.0,0.0,0.0,0.0,1.0,1.0,0.85,0.525,0.0,0.55,0.5225,False,0,0
4772,202512261654,1.0,1.0,1.0,1.0,106,m1,0,0,1.0,1.0,1.0,1.0,1.0,50.0,0.0,0.0,0.0,0.0,1.0,1.0,0.2,0.525,0.0,0.55,0.3275,False,0,0
4773,202512261655,1.0,1.0,1.0,1.0,200,m1,0,0,1.0,1.0,1.0,1.0,1.0,50.0,0.0,0.0,0.0,0.0,1.0,1.0,0.825,0.525,0.0,0.55,0.515,False,0,0
4774,202512261656,1.0,1.0,1.0,1.0,230,m1,0,0,1.0,1.0,1.0,1.0,1.0,50.0,0.0,0.0,0.0,0.0,1.0,1.0,1.0,0.525,0.0,0.55,0.5675,False,0,0
4775,202512261657,1.0,1.0,1.0,1.0,83,m1,0,0,1.0,1.0,1.0,1.0,1.0,50.0,0.0,0.0,0.0,0.0,1.0,1.0,0.1,0.525,0.0,0.55,0.2975,False,0,0
4776,202512261658,1.0,1.0,1.0,1.0,608,m1,0,0,1.0,1.0,1.0,1.0,1.0,50.0,0.0,0.0,0.0,0.0,1.0,1.0,1.0,0.525,0.0,0.55,0.5675,False,0,0
4777,202512261659,1.0,1.0,1.0,1.0,143,m1,0,0,1.0,1.0,1.0,1.0,1.0,50.0,0.0,0.0,0.0,0.0,1.0,1.0,0.35,0.525,0.0,0.55,0.37250000000000005,False,0,0
4778,202512261700,1.0,1.0,1.0,1.0,259,m1,0,0,1.0,1.0,1.0,1.0,1.0,50.0,0.0,0.0,0.0,0.0,1.0,1.0,0.95,0.525,0.0,0.55,0.5525,False,0,0
4779,202512261701,1.0,1.0,1.0,1.0,252,m1,0,0,1.0,1.0,1.0,1.0,1.0,50.0,0.0,0.0,0.0,0.0,1.0,1.0,0.9,0.525,0.0,0.55,0.5375,False,0,0
4780,202512261702,1.0,1.0,1.0,1.0,277,m1,0,0,1.0,1.0,1.0,1.0,1.0,50.0,0.0,0.0,0.0,0.0,1.0,1.0,0.95,0.525,0.0,0.55,0.5525,False,0,0
4781,202512261703,1.0,1.0,1.0,1.0,175,m1,0,0,1.0,1.0,1.0,1.0,1.0,50.0,0.0,0.0,0.0,0.0,1.0,1.0,0.55,0.525,0.0,0.55,0.4325,False,0,0
4782,202512261704,1.0,1.0,1.0,1.0,202,m1,0,0,1.0,1.0,1.0,1.0,1.0,50.0,0.0,0.0,0.0,0.0,1.0,1.0,0.675,0.525,0.0,0.55,0.47,False,0,0
4783,202512261705,1.0,1.0,1.0,1.0,264,m1,0,0,1.0,1.0,1.0,1.0,1.0,50.0,0.0,0.0,0.0,0.0,1.0,1.0,0.9,0.525,0.0,0.55,0.5375,False,0,0
4784,202512261706,1.0,1.0,1.0,1.0,221,m1,0,0,1.0,1.0,1.0,1.0,1.0,50.0,0.0,0.0,0.0,0.0,1.0,1.0,0.7,0.525,0.0,0.55,0.47750000000000004,False,0,0
4785,202512261707,1.0,1.0,1.0,1.0,275,m1,0,0,1.0,1.0,1.0,1.0,1.0,50.0,0.0,0.0,0.0,0.0,1.0,1.0,0.9,0.525,0.0,0.55,0.5375,False,0,0
4786,202512261708,1.0,1.0,1.0,1.0,368,m1,0,0,1.0,1.0,1.0,1.0,1.0,50.0,0.0,0.0,0.0,0.0,1.0,1.0,0.95,0.525,0.0,0.55,0.5525,False,0,0
4787,202512261709,1.0,1.0,1.0,1.0,255,m1,0,0,1.0,1.0,1.0,1.0,1.0,50.0,0.0,0.0,0.0,0.0,1.0,1.0,0.7,0.525,0.0,0.55,0.47750000000000004,False,0,0
4788,202512261710,1.0,1.0,1.0,1.0,178,m1,0,0,1.0,1.0,1.0,1.0,1.0,50.0,0.0,0.0,0.0,0.0,1.0,1.0,0.3,0.525,0.0,0.55,0.35750000000000004,False,0,0
4789,202512261711,1.0,1.0,1.0,1.0,162,m1,0,0,1.0,1.0,1.0,1.0,1.0,50.0,0.0,0.0,0.0,0.0,1.0,1.0,0.2,0.525,0.0,0.55,0.3275,False,0,0
4790,202512261712,1.0,1.0,1.0,1.0,184,m1,0,0,1.0,1.0,1.0,1.0,1.0,50.0,0.0,0.0,0.0,0.0,1.0,1.0,0.35,0.525,0.0,0.55,0.37250000000000005,False,0,0
4791,202512261713,1.0,1.0,1.0,1.0,211,m1,0,0,1.0,1.0,1.0,1.0,1.0,50.0,0.0,0.0,0.0,0.0,1.0,1.0,0.5,0.525,0.0,0.55,0.4175,False,0,0
4792,202512261714,1.0,1.0,1.0,1.0,156,m1,0,0,1.0,1.0,1.0,1.0,1.0,50.0,0.0,0.0,0.0,0.0,1.0,1.0,0.15,0.525,0.0,0.55,0.3125,False,0,0
4793,202512261715,1.0,1.0,1.0,1.0,250,m1,0,0,1.0,1.0,1.0,1.0,1.0,50.0,0.0,0.0,0.0,0.0,1.0,1.0,0.6,0.525,0.0,0.55,0.4475,False,0,0
4794,202512261716,1.0,1.0,1.0,1.0,314,m1,0,0,1.0,1.0,1.0,1.0,1.0,50.0,0.0,0.0,0.0,0.0,1.0,1.0,0.9,0.525,0.0,0.55,0.5375,False,0,0
4795,202512261717,1.0,1.0,1.0,1.0,86,m1,0,0,1.0,1.0,1.0,1.0,1.0,50.0,0.0,0.0,0.0,0.0,1.0,1.0,0.05,0.525,0.0,0.55,0.2825,False,0,0
4796,202512261718,1.0,1.0,1.0,1.0,74,m1,0,0,1.0,1.0,1.0,1.0,1.0,50.0,0.0,0.0,0.0,0.0,1.0,1.0,0.05,0.525,0.0,0.55,0.2825,False,0,0
4797,202512261719,1.0,1.0,1.0,1.0,141,m1,0,0,1.0,1.0,1.0,1.0,1.0,50.0,0.0,0.0,0.0,0.0,1.0,1.0,0.15,0.525,0.0,0.55,0.3125,False,0,0
4798,202512261720,1.0,1.0,1.0,1.0,368,m1,0,0,1.0,1.0,1.0,1.0,1.0,50.0,0.0,0.0,0.0,0.0,1.0,1.0,0.975,0.525,0.0,0.55,0.5599999999999999,False,0,0
4799,202512261721,1.0,1.0,1.0,1.0,288,m1,0,0,1.0,1.0,1.0,1.0,1.0,50.0,0.0,0.0,0.0,0.0,1.0,1.0,0.85,0.525,0.0,0.55,0.5225,False,0,0
4800,202512261722,1.0,1.0,1.0,1.0,314,m1,0,0,1.0,1.0,1.0,1.0,1.0,50.0,0.0,0.0,0.0,0.0,1.0,1.0,0.875,0.525,0.0,0.55,0.53,False,0,0
4801,202512261723,1.0,1.0,1.0,1.0,294,m1,0,0,1.0,1.0,1.0,1.0,1.0,50.0,0.0,0.0,0.0,0.0,1.0,1.0,0.8,0.525,0.0,0.55,0.5075,False,0,0
4802,202512261724,1.0,1.0,1.0,1.0,320,m1,0,0,1.0,1.0,1.0,1.0,1.0,50.0,0.0,0.0,0.0,0.0,1.0,1.0,0.9,0.525,0.0,0.55,0.5375,False,0,0
4803,202512261725,1.0,1.0,1.0,1.0,208,m1,0,0,1.0,1.0,1.0,1.0,1.0,50.0,0.0,0.0,0.0,0.0,1.0,1.0,0.4,0.525,0.0,0.55,0.38749999999999996,False,0,0
4804,202512261726,1.0,1.0,1.0,1.0,248,m1,0,0,1.0,1.0,1.0,1.0,1.0,50.0,0.0,0.0,0.0,0.0,1.0,1.0,0.5,0.525,0.0,0.55,0.4175,False,0,0
4805,202512261727,1.0,1.0,1.0,1.0,116,m1,0,0,1.0,1.0,1.0,1.0,1.0,50.0,0.0,0.0,0.0,0.0,1.0,1.0,0.15,0.525,0.0,0.55,0.3125,False,0,0
4806,202512261728,1.0,1.0,1.0,1.0,250,m1,0,0,1.0,1.0,1.0,1.0,1.0,50.0,0.0,0.0,0.0,0.0,1.0,1.0,0.625,0.525,0.0,0.55,0.45499999999999996,False,0,0
4807,202512261729,1.0,1.0,1.0,1.0,255,m1,0,0,1.0,1.0,1.0,1.0,1.0,50.0,0.0,0.0,0.0,0.0,1.0,1.0,0.7,0.525,0.0,0.55,0.47750000000000004,False,0,0
4808,202512261730,1.0,1.0,1.0,1.0,131,m1,0,0,1.0,1.0,1.0,1.0,1.0,50.0,0.0,0.0,0.0,0.0,1.0,1.0,0.2,0.525,0.0,0.55,0.3275,False,0,0
4809,202512261731,1.0,1.0,1.0,1.0,189,m1,0,0,1.0,1.0,1.0,1.0,1.0,50.0,0.0,0.0,0.0,0.0,1.0,1.0,0.4,0.525,0.0,0.55,0.38749999999999996,False,0,0
4810,202512261732,1.0,1.0,1.0,1.0,230,m1,0,0,1.0,1.0,1.0,1.0,1.0,50.0,0.0,0.0,0.0,0.0,1.0,1.0,0.5,0.525,0.0,0.55,0.4175,False,0,0
4811,202512261733,1.0,1.0,1.0,1.0,219,m1,0,0,1.0,1.0,1.0,1.0,1.0,50.0,0.0,0.0,0.0,0.0,1.0,1.0,0.45,0.525,0.0,0.55,0.40249999999999997,False,0,0
4812,202512261734,1.0,1.0,1.0,1.0,165,m1,0,0,1.0,1.0,1.0,1.0,1.0,50.0,0.0,0.0,0.0,0.0,1.0,1.0,0.3,0.525,0.0,0.55,0.35750000000000004,False,0,0
4813,202512261735,1.0,1.0,1.0,1.0,135,m1,0,0,1.0,1.0,1.0,1.0,1.0,50.0,0.0,0.0,0.0,0.0,1.0,1.0,0.25,0.525,0.0,0.55,0.3425,False,0,0
4814,202512261736,1.0,1.0,1.0,1.0,427,m1,0,0,1.0,1.0,1.0,1.0,1.0,50.0,0.0,0.0,0.0,0.0,1.0,1.0,1.0,0.525,0.0,0.55,0.5675,False,0,0
4815,202512261737,1.0,1.0,1.0,1.0,121,m1,0,0,1.0,1.0,1.0,1.0,1.0,50.0,0.0,0.0,0.0,0.0,1.0,1.0,0.15,0.525,0.0,0.55,0.3125,False,0,0
4816,202512261738,1.0,1.0,1.0,1.0,173,m1,0,0,1.0,1.0,1.0,1.0,1.0,50.0,0.0,0.0,0.0,0.0,1.0,1.0,0.35,0.525,0.0,0.55,0.37250000000000005,False,0,0
4817,202512261739,1.0,1.0,1.0,1.0,243,m1,0,0,1.0,1.0,1.0,1.0,1.0,50.0,0.0,0.0,0.0,0.0,1.0,1.0,0.55,0.525,0.0,0.55,0.4325,False,0,0
4818,202512261740,1.0,1.0,1.0,1.0,179,m1,0,0,1.0,1.0,1.0,1.0,1.0,50.0,0.0,0.0,0.0,0.0,1.0,1.0,0.35,0.525,0.0,0.55,0.37250000000000005,False,0,0
4819,202512261741,1.0,1.0,1.0,1.0,128,m1,0,0,1.0,1.0,1.0,1.0,1.0,50.0,0.0,0.0,0.0,0.0,1.0,1.0,0.15,0.525,0.0,0.55,0.3125,False,0,0
4820,202512261742,1.0,1.0,1.0,1.0,177,m1,0,0,1.0,1.0,1.0,1.0,1.0,50.0,0.0,0.0,0.0,0.0,1.0,1.0,0.4,0.525,0.0,0.55,0.38749999999999996,False,0,0
4821,202512261743,1.0,1.0,1.0,1.0,82,m1,0,0,1.0,1.0,1.0,1.0,1.0,50.0,0.0,0.0,0.0,0.0,1.0,1.0,0.05,0.525,0.0,0.55,0.2825,False,0,0
4822,202512261744,1.0,1.0,1.0,1.0,129,m1,0,0,1.0,1.0,1.0,1.0,1.0,50.0,0.0,0.0,0.0,0.0,1.0,1.0,0.25,0.525,0.0,0.55,0.3425,False,0,0
4823,202512261745,1.0,1.0,1.0,1.0,125,m1,0,0,1.0,1.0,1.0,1.0,1.0,50.0,0.0,0.0,0.0,0.0,1.0,1.0,0.2,0.525,0.0,0.55,0.3275,False,0,0
4824,202512261746,1.0,1.0,1.0,1.0,119,m1,0,0,1.0,1.0,1.0,1.0,1.0,50.0,0.0,0.0,0.0,0.0,1.0,1.0,0.15,0.525,0.0,0.55,0.3125,False,0,0
4825,202512261747,1.0,1.0,1.0,1.0,109,m1,0,0,1.0,1.0,1.0,1.0,1.0,50.0,0.0,0.0,0.0,0.0,1.0,1.0,0.1,0.525,0.0,0.55,0.2975,False,0,0
4826,202512261748,1.0,1.0,1.0,1.0,128,m1,0,0,1.0,1.0,1.0,1.0,1.0,50.0,0.0,0.0,0.0,0.0,1.0,1.0,0.325,0.525,0.0,0.55,0.365,False,0,0
4827,202512261749,1.0,1.0,1.0,1.0,153,m1,0,0,1.0,1.0,1.0,1.0,1.0,50.0,0.0,0.0,0.0,0.0,1.0,1.0,0.55,0.525,0.0,0.55,0.4325,False,0,0
4828,202512261750,1.0,1.0,1.0,1.0,149,m1,0,0,1.0,1.0,1.0,1.0,1.0,50.0,0.0,0.0,0.0,0.0,1.0,1.0,0.5,0.525,0.0,0.55,0.4175,False,0,0
4829,202512261751,1.0,1.0,1.0,1.0,187,m1,0,0,1.0,1.0,1.0,1.0,1.0,50.0,0.0,0.0,0.0,0.0,1.0,1.0,0.8,0.525,0.0,0.55,0.5075,False,0,0
4830,202512261752,1.0,1.0,1.0,1.0,162,m1,0,0,1.0,1.0,1.0,1.0,1.0,50.0,0.0,0.0,0.0,0.0,1.0,1.0,0.6,0.525,0.0,0.55,0.4475,False,0,0
4831,202512261753,1.0,1.0,1.0,1.0,142,m1,0,0,1.0,1.0,1.0,1.0,1.0,50.0,0.0,0.0,0.0,0.0,1.0,1.0,0.5,0.525,0.0,0.55,0.4175,False,0,0
4832,202512261754,1.0,1.0,1.0,1.0,229,m1,0,0,1.0,1.0,1.0,1.0,1.0,50.0,0.0,0.0,0.0,0.0,1.0,1.0,0.9,0.525,0.0,0.55,0.5375,False,0,0
4833,202512261755,1.0,1.0,1.0,1.0,244,m1,0,0,1.0,1.0,1.0,1.0,1.0,50.0,0.0,0.0,0.0,0.0,1.0,1.0,0.95,0.525,0.0,0.55,0.5525,False,0,0
4834,202512261756,1.0,1.0,1.0,1.0,147,m1,0,0,1.0,1.0,1.0,1.0,1.0,50.0,0.0,0.0,0.0,0.0,1.0,1.0,0.5,0.525,0.0,0.55,0.4175,False,0,0
4835,202512261757,1.0,1.0,1.0,1.0,222,m1,0,0,1.0,1.0,1.0,1.0,1.0,50.0,0.0,0.0,0.0,0.0,1.0,1.0,0.85,0.525,0.0,0.55,0.5225,False,0,0
4836,202512261758,1.0,1.0,1.0,1.0,264,m1,0,0,1.0,1.0,1.0,1.0,1.0,50.0,0.0,0.0,0.0,0.0,1.0,1.0,1.0,0.525,0.0,0.55,0.5675,False,0,0
4837,202512261759,1.0,1.0,1.0,1.0,254,m1,0,0,1.0,1.0,1.0,1.0,1.0,50.0,0.0,0.0,0.0,0.0,1.0,1.0,0.95,0.525,0.0,0.55,0.5525,False,0,0
4838,202512261800,1.0,1.0,1.0,1.0,263,m1,0,0,1.0,1.0,1.0,1.0,1.0,50.0,0.0,0.0,0.0,0.0,1.0,1.0,0.95,0.525,0.0,0.55,0.5525,False,0,0
4839,202512261801,1.0,1.0,1.0,1.0,152,m1,0,0,1.0,1.0,1.0,1.0,1.0,50.0,0.0,0.0,0.0,0.0,1.0,1.0,0.5,0.525,0.0,0.55,0.4175,False,0,0
4840,202512261802,1.0,1.0,1.0,1.0,196,m1,0,0,1.0,1.0,1.0,1.0,1.0,50.0,0.0,0.0,0.0,0.0,1.0,1.0,0.7,0.525,0.0,0.55,0.47750000000000004,False,0,0
4841,202512261803,1.0,1.0,1.0,1.0,208,m1,0,0,1.0,1.0,1.0,1.0,1.0,50.0,0.0,0.0,0.0,0.0,1.0,1.0,0.7,0.525,0.0,0.55,0.47750000000000004,False,0,0
4842,202512261804,1.0,1.0,1.0,1.0,344,m1,0,0,1.0,1.0,1.0,1.0,1.0,50.0,0.0,0.0,0.0,0.0,1.0,1.0,1.0,0.525,0.0,0.55,0.5675,False,0,0
4843,202512261805,1.0,1.0,1.0,1.0,317,m1,0,0,1.0,1.0,1.0,1.0,1.0,50.0,0.0,0.0,0.0,0.0,1.0,1.0,0.95,0.525,0.0,0.55,0.5525,False,0,0
4844,202512261806,1.0,1.0,1.0,1.0,226,m1,0,0,1.0,1.0,1.0,1.0,1.0,50.0,0.0,0.0,0.0,0.0,1.0,1.0,0.65,0.525,0.0,0.55,0.4625,False,0,0
4845,202512261807,1.0,1.0,1.0,1.0,298,m1,0,0,1.0,1.0,1.0,1.0,1.0,50.0,0.0,0.0,0.0,0.0,1.0,1.0,0.9,0.525,0.0,0.55,0.5375,False,0,0
4846,202512261808,1.0,1.0,1.0,1.0,252,m1,0,0,1.0,1.0,1.0,1.0,1.0,50.0,0.0,0.0,0.0,0.0,1.0,1.0,0.7,0.525,0.0,0.55,0.47750000000000004,False,0,0
4847,202512261809,1.0,1.0,1.0,1.0,163,m1,0,0,1.0,1.0,1.0,1.0,1.0,50.0,0.0,0.0,0.0,0.0,1.0,1.0,0.3,0.525,0.0,0.55,0.35750000000000004,False,0,0
4848,202512261810,1.0,1.0,1.0,1.0,126,m1,0,0,1.0,1.0,1.0,1.0,1.0,50.0,0.0,0.0,0.0,0.0,1.0,1.0,0.05,0.525,0.0,0.55,0.2825,False,0,0
4849,202512261811,1.0,1.0,1.0,1.0,258,m1,0,0,1.0,1.0,1.0,1.0,1.0,50.0,0.0,0.0,0.0,0.0,1.0,1.0,0.75,0.525,0.0,0.55,0.49249999999999994,False,0,0
4850,202512261812,1.0,1.0,1.0,1.0,251,m1,0,0,1.0,1.0,1.0,1.0,1.0,50.0,0.0,0.0,0.0,0.0,1.0,1.0,0.6,0.525,0.0,0.55,0.4475,False,0,0
4851,202512261813,1.0,1.0,1.0,1.0,336,m1,0,0,1.0,1.0,1.0,1.0,1.0,50.0,0.0,0.0,0.0,0.0,1.0,1.0,0.95,0.525,0.0,0.55,0.5525,False,0,0
4852,202512261814,1.0,1.0,1.0,1.0,481,m1,0,0,1.0,1.0,1.0,1.0,1.0,50.0,0.0,0.0,0.0,0.0,1.0,1.0,1.0,0.525,0.0,0.55,0.5675,False,0,0
4853,202512261815,1.0,1.0,1.0,1.0,166,m1,0,0,1.0,1.0,1.0,1.0,1.0,50.0,0.0,0.0,0.0,0.0,1.0,1.0,0.25,0.525,0.0,0.55,0.3425,False,0,0
4854,202512261816,1.0,1.0,1.0,1.0,372,m1,0,0,1.0,1.0,1.0,1.0,1.0,50.0,0.0,0.0,0.0,0.0,1.0,1.0,0.95,0.525,0.0,0.55,0.5525,False,0,0
4855,202512261817,1.0,1.0,1.0,1.0,142,m1,0,0,1.0,1.0,1.0,1.0,1.0,50.0,0.0,0.0,0.0,0.0,1.0,1.0,0.1,0.525,0.0,0.55,0.2975,False,0,0
4856,202512261818,1.0,1.0,1.0,1.0,202,m1,0,0,1.0,1.0,1.0,1.0,1.0,50.0,0.0,0.0,0.0,0.0,1.0,1.0,0.35,0.525,0.0,0.55,0.37250000000000005,False,0,0
4857,202512261819,1.0,1.0,1.0,1.0,132,m1,0,0,1.0,1.0,1.0,1.0,1.0,50.0,0.0,0.0,0.0,0.0,1.0,1.0,0.1,0.525,0.0,0.55,0.2975,False,0,0
4858,202512261820,1.0,1.0,1.0,1.0,201,m1,0,0,1.0,1.0,1.0,1.0,1.0,50.0,0.0,0.0,0.0,0.0,1.0,1.0,0.4,0.525,0.0,0.55,0.38749999999999996,False,0,0
4859,202512261821,1.0,1.0,1.0,1.0,221,m1,0,0,1.0,1.0,1.0,1.0,1.0,50.0,0.0,0.0,0.0,0.0,1.0,1.0,0.5,0.525,0.0,0.55,0.4175,False,0,0
4860,202512261822,1.0,1.0,1.0,1.0,193,m1,0,0,1.0,1.0,1.0,1.0,1.0,50.0,0.0,0.0,0.0,0.0,1.0,1.0,0.3,0.525,0.0,0.55,0.35750000000000004,False,0,0
4861,202512261823,1.0,1.0,1.0,1.0,211,m1,0,0,1.0,1.0,1.0,1.0,1.0,50.0,0.0,0.0,0.0,0.0,1.0,1.0,0.45,0.525,0.0,0.55,0.40249999999999997,False,0,0
4862,202512261824,1.0,1.0,1.0,1.0,251,m1,0,0,1.0,1.0,1.0,1.0,1.0,50.0,0.0,0.0,0.0,0.0,1.0,1.0,0.625,0.525,0.0,0.55,0.45499999999999996,False,0,0
4863,202512261825,1.0,1.0,1.0,1.0,317,m1,0,0,1.0,1.0,1.0,1.0,1.0,50.0,0.0,0.0,0.0,0.0,1.0,1.0,0.85,0.525,0.0,0.55,0.5225,False,0,0
4864,202512261826,1.0,1.0,1.0,1.0,360,m1,0,0,1.0,1.0,1.0,1.0,1.0,50.0,0.0,0.0,0.0,0.0,1.0,1.0,0.9,0.525,0.0,0.55,0.5375,False,0,0
4865,202512261827,1.0,1.0,1.0,1.0,516,m1,0,0,1.0,1.0,1.0,1.0,1.0,50.0,0.0,0.0,0.0,0.0,1.0,1.0,1.0,0.525,0.0,0.55,0.5675,False,0,0
4866,202512261828,1.0,1.0,1.0,1.0,136,m1,0,0,1.0,1.0,1.0,1.0,1.0,50.0,0.0,0.0,0.0,0.0,1.0,1.0,0.15,0.525,0.0,0.55,0.3125,False,0,0
4867,202512261829,1.0,1.0,1.0,1.0,147,m1,0,0,1.0,1.0,1.0,1.0,1.0,50.0,0.0,0.0,0.0,0.0,1.0,1.0,0.25,0.525,0.0,0.55,0.3425,False,0,0
4868,202512261830,1.0,1.0,1.0,1.0,272,m1,0,0,1.0,1.0,1.0,1.0,1.0,50.0,0.0,0.0,0.0,0.0,1.0,1.0,0.7,0.525,0.0,0.55,0.47750000000000004,False,0,0
4869,202512261831,1.0,1.0,1.0,1.0,169,m1,0,0,1.0,1.0,1.0,1.0,1.0,50.0,0.0,0.0,0.0,0.0,1.0,1.0,0.3,0.525,0.0,0.55,0.35750000000000004,False,0,0
4870,202512261832,1.0,1.0,1.0,1.0,171,m1,0,0,1.0,1.0,1.0,1.0,1.0,50.0,0.0,0.0,0.0,0.0,1.0,1.0,0.35,0.525,0.0,0.55,0.37250000000000005,False,0,0
4871,202512261833,1.0,1.0,1.0,1.0,149,m1,0,0,1.0,1.0,1.0,1.0,1.0,50.0,0.0,0.0,0.0,0.0,1.0,1.0,0.25,0.525,0.0,0.55,0.3425,False,0,0
4872,202512261834,1.0,1.0,1.0,1.0,264,m1,0,0,1.0,1.0,1.0,1.0,1.0,50.0,0.0,0.0,0.0,0.0,1.0,1.0,0.75,0.525,0.0,0.55,0.49249999999999994,False,0,0
4873,202512261835,1.0,1.0,1.0,1.0,143,m1,0,0,1.0,1.0,1.0,1.0,1.0,50.0,0.0,0.0,0.0,0.0,1.0,1.0,0.2,0.525,0.0,0.55,0.3275,False,0,0
4874,202512261836,1.0,1.0,1.0,1.0,118,m1,0,0,1.0,1.0,1.0,1.0,1.0,50.0,0.0,0.0,0.0,0.0,1.0,1.0,0.05,0.525,0.0,0.55,0.2825,False,0,0
4875,202512261837,1.0,1.0,1.0,1.0,135,m1,0,0,1.0,1.0,1.0,1.0,1.0,50.0,0.0,0.0,0.0,0.0,1.0,1.0,0.15,0.525,0.0,0.55,0.3125,False,0,0
4876,202512261838,1.0,1.0,1.0,1.0,224,m1,0,0,1.0,1.0,1.0,1.0,1.0,50.0,0.0,0.0,0.0,0.0,1.0,1.0,0.7,0.525,0.0,0.55,0.47750000000000004,False,0,0
4877,202512261839,1.0,1.0,1.0,1.0,284,m1,0,0,1.0,1.0,1.0,1.0,1.0,50.0,0.0,0.0,0.0,0.0,1.0,1.0,0.85,0.525,0.0,0.55,0.5225,False,0,0
4878,202512261840,1.0,1.0,1.0,1.0,179,m1,0,0,1.0,1.0,1.0,1.0,1.0,50.0,0.0,0.0,0.0,0.0,1.0,1.0,0.45,0.525,0.0,0.55,0.40249999999999997,False,0,0
4879,202512261841,1.0,1.0,1.0,1.0,220,m1,0,0,1.0,1.0,1.0,1.0,1.0,50.0,0.0,0.0,0.0,0.0,1.0,1.0,0.6,0.525,0.0,0.55,0.4475,False,0,0
4880,202512261842,1.0,1.0,1.0,1.0,155,m1,0,0,1.0,1.0,1.0,1.0,1.0,50.0,0.0,0.0,0.0,0.0,1.0,1.0,0.35,0.525,0.0,0.55,0.37250000000000005,False,0,0
4881,202512261843,1.0,1.0,1.0,1.0,244,m1,0,0,1.0,1.0,1.0,1.0,1.0,50.0,0.0,0.0,0.0,0.0,1.0,1.0,0.65,0.525,0.0,0.55,0.4625,False,0,0
4882,202512261844,1.0,1.0,1.0,1.0,164,m1,0,0,1.0,1.0,1.0,1.0,1.0,50.0,0.0,0.0,0.0,0.0,1.0,1.0,0.4,0.525,0.0,0.55,0.38749999999999996,False,0,0
4883,202512261845,1.0,1.0,1.0,1.0,216,m1,0,0,1.0,1.0,1.0,1.0,1.0,50.0,0.0,0.0,0.0,0.0,1.0,1.0,0.6,0.525,0.0,0.55,0.4475,False,0,0
4884,202512261846,1.0,1.0,1.0,1.0,188,m1,0,0,1.0,1.0,1.0,1.0,1.0,50.0,0.0,0.0,0.0,0.0,1.0,1.0,0.6,0.525,0.0,0.55,0.4475,False,0,0
4885,202512261847,1.0,1.0,1.0,1.0,178,m1,0,0,1.0,1.0,1.0,1.0,1.0,50.0,0.0,0.0,0.0,0.0,1.0,1.0,0.55,0.525,0.0,0.55,0.4325,False,0,0
4886,202512261848,1.0,1.0,1.0,1.0,232,m1,0,0,1.0,1.0,1.0,1.0,1.0,50.0,0.0,0.0,0.0,0.0,1.0,1.0,0.8,0.525,0.0,0.55,0.5075,False,0,0
4887,202512261849,1.0,1.0,1.0,1.0,230,m1,0,0,1.0,1.0,1.0,1.0,1.0,50.0,0.0,0.0,0.0,0.0,1.0,1.0,0.75,0.525,0.0,0.55,0.49249999999999994,False,0,0
4888,202512261850,1.0,1.0,1.0,1.0,159,m1,0,0,1.0,1.0,1.0,1.0,1.0,50.0,0.0,0.0,0.0,0.0,1.0,1.0,0.3,0.525,0.0,0.55,0.35750000000000004,False,0,0
4889,202512261851,1.0,1.0,1.0,1.0,202,m1,0,0,1.0,1.0,1.0,1.0,1.0,50.0,0.0,0.0,0.0,0.0,1.0,1.0,0.6,0.525,0.0,0.55,0.4475,False,0,0
4890,202512261852,1.0,1.0,1.0,1.0,119,m1,0,0,1.0,1.0,1.0,1.0,1.0,50.0,0.0,0.0,0.0,0.0,1.0,1.0,0.1,0.525,0.0,0.55,0.2975,False,0,0
4891,202512261853,1.0,1.0,1.0,1.0,173,m1,0,0,1.0,1.0,1.0,1.0,1.0,50.0,0.0,0.0,0.0,0.0,1.0,1.0,0.4,0.525,0.0,0.55,0.38749999999999996,False,0,0
4892,202512261854,1.0,1.0,1.0,1.0,83,m1,0,0,1.0,1.0,1.0,1.0,1.0,50.0,0.0,0.0,0.0,0.0,1.0,1.0,0.05,0.525,0.0,0.55,0.2825,False,0,0
4893,202512261855,1.0,1.0,1.0,1.0,112,m1,0,0,1.0,1.0,1.0,1.0,1.0,50.0,0.0,0.0,0.0,0.0,1.0,1.0,0.1,0.525,0.0,0.55,0.2975,False,0,0
4894,202512261856,1.0,1.0,1.0,1.0,56,m1,0,0,1.0,1.0,1.0,1.0,1.0,50.0,0.0,0.0,0.0,0.0,1.0,1.0,0.05,0.525,0.0,0.55,0.2825,False,0,0
4895,202512261857,1.0,1.0,1.0,1.0,188,m1,0,0,1.0,1.0,1.0,1.0,1.0,50.0,0.0,0.0,0.0,0.0,1.0,1.0,0.575,0.525,0.0,0.55,0.43999999999999995,False,0,0
4896,202512261858,1.0,1.0,1.0,1.0,123,m1,0,0,1.0,1.0,1.0,1.0,1.0,50.0,0.0,0.0,0.0,0.0,1.0,1.0,0.25,0.525,0.0,0.55,0.3425,False,0,0
4897,202512261859,1.0,1.0,1.0,1.0,115,m1,0,0,1.0,1.0,1.0,1.0,1.0,50.0,0.0,0.0,0.0,0.0,1.0,1.0,0.2,0.525,0.0,0.55,0.3275,False,0,0
4898,202512261900,1.0,1.0,1.0,1.0,230,m1,0,0,1.0,1.0,1.0,1.0,1.0,50.0,0.0,0.0,0.0,0.0,1.0,1.0,0.875,0.525,0.0,0.55,0.53,False,0,0
4899,202512261901,1.0,1.0,1.0,1.0,250,m1,0,0,1.0,1.0,1.0,1.0,1.0,50.0,0.0,0.0,0.0,0.0,1.0,1.0,1.0,0.525,0.0,0.55,0.5675,False,0,0
4900,202512261902,1.0,1.0,1.0,1.0,133,m1,0,0,1.0,1.0,1.0,1.0,1.0,50.0,0.0,0.0,0.0,0.0,1.0,1.0,0.35,0.525,0.0,0.55,0.37250000000000005,False,0,0
4901,202512261903,1.0,1.0,1.0,1.0,154,m1,0,0,1.0,1.0,1.0,1.0,1.0,50.0,0.0,0.0,0.0,0.0,1.0,1.0,0.4,0.525,0.0,0.55,0.38749999999999996,False,0,0
4902,202512261904,1.0,1.0,1.0,1.0,165,m1,0,0,1.0,1.0,1.0,1.0,1.0,50.0,0.0,0.0,0.0,0.0,1.0,1.0,0.5,0.525,0.0,0.55,0.4175,False,0,0
4903,202512261905,1.0,1.0,1.0,1.0,177,m1,0,0,1.0,1.0,1.0,1.0,1.0,50.0,0.0,0.0,0.0,0.0,1.0,1.0,0.6,0.525,0.0,0.55,0.4475,False,0,0
4904,202512261906,1.0,1.0,1.0,1.0,161,m1,0,0,1.0,1.0,1.0,1.0,1.0,50.0,0.0,0.0,0.0,0.0,1.0,1.0,0.5,0.525,0.0,0.55,0.4175,False,0,0
4905,202512261907,1.0,1.0,1.0,1.0,152,m1,0,0,1.0,1.0,1.0,1.0,1.0,50.0,0.0,0.0,0.0,0.0,1.0,1.0,0.4,0.525,0.0,0.55,0.38749999999999996,False,0,0
4906,202512261908,1.0,1.0,1.0,1.0,135,m1,0,0,1.0,1.0,1.0,1.0,1.0,50.0,0.0,0.0,0.0,0.0,1.0,1.0,0.4,0.525,0.0,0.55,0.38749999999999996,False,0,0
4907,202512261909,1.0,1.0,1.0,1.0,119,m1,0,0,1.0,1.0,1.0,1.0,1.0,50.0,0.0,0.0,0.0,0.0,1.0,1.0,0.275,0.525,0.0,0.55,0.35,False,0,0
4908,202512261910,1.0,1.0,1.0,1.0,187,m1,0,0,1.0,1.0,1.0,1.0,1.0,50.0,0.0,0.0,0.0,0.0,1.0,1.0,0.8,0.525,0.0,0.55,0.5075,False,0,0
4909,202512261911,1.0,1.0,1.0,1.0,95,m1,0,0,1.0,1.0,1.0,1.0,1.0,50.0,0.0,0.0,0.0,0.0,1.0,1.0,0.15,0.525,0.0,0.55,0.3125,False,0,0
4910,202512261912,1.0,1.0,1.0,1.0,67,m1,0,0,1.0,1.0,1.0,1.0,1.0,50.0,0.0,0.0,0.0,0.0,1.0,1.0,0.1,0.525,0.0,0.55,0.2975,False,0,0
4911,202512261913,1.0,1.0,1.0,1.0,43,m1,0,0,1.0,1.0,1.0,1.0,1.0,50.0,0.0,0.0,0.0,0.0,1.0,1.0,0.05,0.525,0.0,0.55,0.2825,False,0,0
4912,202512261914,1.0,1.0,1.0,1.0,108,m1,0,0,1.0,1.0,1.0,1.0,1.0,50.0,0.0,0.0,0.0,0.0,1.0,1.0,0.25,0.525,0.0,0.55,0.3425,False,0,0
4913,202512261915,1.0,1.0,1.0,1.0,55,m1,0,0,1.0,1.0,1.0,1.0,1.0,50.0,0.0,0.0,0.0,0.0,1.0,1.0,0.1,0.525,0.0,0.55,0.2975,False,0,0
4914,202512261916,1.0,1.0,1.0,1.0,74,m1,0,0,1.0,1.0,1.0,1.0,1.0,50.0,0.0,0.0,0.0,0.0,1.0,1.0,0.2,0.525,0.0,0.55,0.3275,False,0,0
4915,202512261917,1.0,1.0,1.0,1.0,81,m1,0,0,1.0,1.0,1.0,1.0,1.0,50.0,0.0,0.0,0.0,0.0,1.0,1.0,0.25,0.525,0.0,0.55,0.3425,False,0,0
4916,202512261918,1.0,1.0,1.0,1.0,107,m1,0,0,1.0,1.0,1.0,1.0,1.0,50.0,0.0,0.0,0.0,0.0,1.0,1.0,0.35,0.525,0.0,0.55,0.37250000000000005,False,0,0
4917,202512261919,1.0,1.0,1.0,1.0,88,m1,0,0,1.0,1.0,1.0,1.0,1.0,50.0,0.0,0.0,0.0,0.0,1.0,1.0,0.3,0.525,0.0,0.55,0.35750000000000004,False,0,0
4918,202512261920,1.0,1.0,1.0,1.0,135,m1,0,0,1.0,1.0,1.0,1.0,1.0,50.0,0.0,0.0,0.0,0.0,1.0,1.0,0.625,0.525,0.0,0.55,0.45499999999999996,False,0,0
4919,202512261921,1.0,1.0,1.0,1.0,130,m1,0,0,1.0,1.0,1.0,1.0,1.0,50.0,0.0,0.0,0.0,0.0,1.0,1.0,0.55,0.525,0.0,0.55,0.4325,False,0,0
4920,202512261922,1.0,1.0,1.0,1.0,173,m1,0,0,1.0,1.0,1.0,1.0,1.0,50.0,0.0,0.0,0.0,0.0,1.0,1.0,0.9,0.525,0.0,0.55,0.5375,False,0,0
4921,202512261923,1.0,1.0,1.0,1.0,131,m1,0,0,1.0,1.0,1.0,1.0,1.0,50.0,0.0,0.0,0.0,0.0,1.0,1.0,0.6,0.525,0.0,0.55,0.4475,False,0,0
4922,202512261924,1.0,1.0,1.0,1.0,123,m1,0,0,1.0,1.0,1.0,1.0,1.0,50.0,0.0,0.0,0.0,0.0,1.0,1.0,0.55,0.525,0.0,0.55,0.4325,False,0,0
4923,202512261925,1.0,1.0,1.0,1.0,64,m1,0,0,1.0,1.0,1.0,1.0,1.0,50.0,0.0,0.0,0.0,0.0,1.0,1.0,0.15,0.525,0.0,0.55,0.3125,False,0,0
4924,202512261926,1.0,1.0,1.0,1.0,93,m1,0,0,1.0,1.0,1.0,1.0,1.0,50.0,0.0,0.0,0.0,0.0,1.0,1.0,0.4,0.525,0.0,0.55,0.38749999999999996,False,0,0
4925,202512261927,1.0,1.0,1.0,1.0,110,m1,0,0,1.0,1.0,1.0,1.0,1.0,50.0,0.0,0.0,0.0,0.0,1.0,1.0,0.6,0.525,0.0,0.55,0.4475,False,0,0
4926,202512261928,1.0,1.0,1.0,1.0,66,m1,0,0,1.0,1.0,1.0,1.0,1.0,50.0,0.0,0.0,0.0,0.0,1.0,1.0,0.2,0.525,0.0,0.55,0.3275,False,0,0
4927,202512261929,1.0,1.0,1.0,1.0,151,m1,0,0,1.0,1.0,1.0,1.0,1.0,50.0,0.0,0.0,0.0,0.0,1.0,1.0,0.9,0.525,0.0,0.55,0.5375,False,0,0
4928,202512261930,1.0,1.0,1.0,1.0,121,m1,0,0,1.0,1.0,1.0,1.0,1.0,50.0,0.0,0.0,0.0,0.0,1.0,1.0,0.7,0.525,0.0,0.55,0.47750000000000004,False,0,0
4929,202512261931,1.0,1.0,1.0,1.0,171,m1,0,0,1.0,1.0,1.0,1.0,1.0,50.0,0.0,0.0,0.0,0.0,1.0,1.0,0.95,0.525,0.0,0.55,0.5525,False,0,0
4930,202512261932,1.0,1.0,1.0,1.0,125,m1,0,0,1.0,1.0,1.0,1.0,1.0,50.0,0.0,0.0,0.0,0.0,1.0,1.0,0.7,0.525,0.0,0.55,0.47750000000000004,False,0,0
4931,202512261933,1.0,1.0,1.0,1.0,129,m1,0,0,1.0,1.0,1.0,1.0,1.0,50.0,0.0,0.0,0.0,0.0,1.0,1.0,0.7,0.525,0.0,0.55,0.47750000000000004,False,0,0
4932,202512261934,1.0,1.0,1.0,1.0,92,m1,0,0,1.0,1.0,1.0,1.0,1.0,50.0,0.0,0.0,0.0,0.0,1.0,1.0,0.35,0.525,0.0,0.55,0.37250000000000005,False,0,0
4933,202512261935,1.0,1.0,1.0,1.0,93,m1,0,0,1.0,1.0,1.0,1.0,1.0,50.0,0.0,0.0,0.0,0.0,1.0,1.0,0.375,0.525,0.0,0.55,0.38,False,0,0
4934,202512261936,1.0,1.0,1.0,1.0,95,m1,0,0,1.0,1.0,1.0,1.0,1.0,50.0,0.0,0.0,0.0,0.0,1.0,1.0,0.4,0.525,0.0,0.55,0.38749999999999996,False,0,0
4935,202512261937,1.0,1.0,1.0,1.0,110,m1,0,0,1.0,1.0,1.0,1.0,1.0,50.0,0.0,0.0,0.0,0.0,1.0,1.0,0.475,0.525,0.0,0.55,0.41000000000000003,False,0,0
4936,202512261938,1.0,1.0,1.0,1.0,88,m1,0,0,1.0,1.0,1.0,1.0,1.0,50.0,0.0,0.0,0.0,0.0,1.0,1.0,0.175,0.525,0.0,0.55,0.32,False,0,0
4937,202512261939,1.0,1.0,1.0,1.0,102,m1,0,0,1.0,1.0,1.0,1.0,1.0,50.0,0.0,0.0,0.0,0.0,1.0,1.0,0.4,0.525,0.0,0.55,0.38749999999999996,False,0,0
4938,202512261940,1.0,1.0,1.0,1.0,131,m1,0,0,1.0,1.0,1.0,1.0,1.0,50.0,0.0,0.0,0.0,0.0,1.0,1.0,0.825,0.525,0.0,0.55,0.515,False,0,0
4939,202512261941,1.0,1.0,1.0,1.0,177,m1,0,0,1.0,1.0,1.0,1.0,1.0,50.0,0.0,0.0,0.0,0.0,1.0,1.0,1.0,0.525,0.0,0.55,0.5675,False,0,0
4940,202512261942,1.0,1.0,1.0,1.0,70,m1,0,0,1.0,1.0,1.0,1.0,1.0,50.0,0.0,0.0,0.0,0.0,1.0,1.0,0.15,0.525,0.0,0.55,0.3125,False,0,0
4941,202512261943,1.0,1.0,1.0,1.0,75,m1,0,0,1.0,1.0,1.0,1.0,1.0,50.0,0.0,0.0,0.0,0.0,1.0,1.0,0.2,0.525,0.0,0.55,0.3275,False,0,0
4942,202512261944,1.0,1.0,1.0,1.0,174,m1,0,0,1.0,1.0,1.0,1.0,1.0,50.0,0.0,0.0,0.0,0.0,1.0,1.0,0.95,0.525,0.0,0.55,0.5525,False,0,0
4943,202512261945,1.0,1.0,1.0,1.0,47,m1,0,0,1.0,1.0,1.0,1.0,1.0,50.0,0.0,0.0,0.0,0.0,1.0,1.0,0.05,0.525,0.0,0.55,0.2825,False,0,0
4944,202512261946,1.0,1.0,1.0,1.0,44,m1,0,0,1.0,1.0,1.0,1.0,1.0,50.0,0.0,0.0,0.0,0.0,1.0,1.0,0.05,0.525,0.0,0.55,0.2825,False,0,0
4945,202512261947,1.0,1.0,1.0,1.0,69,m1,0,0,1.0,1.0,1.0,1.0,1.0,50.0,0.0,0.0,0.0,0.0,1.0,1.0,0.2,0.525,0.0,0.55,0.3275,False,0,0
4946,202512261948,1.0,1.0,1.0,1.0,50,m1,0,0,1.0,1.0,1.0,1.0,1.0,50.0,0.0,0.0,0.0,0.0,1.0,1.0,0.15,0.525,0.0,0.55,0.3125,False,0,0
4947,202512261949,1.0,1.0,1.0,1.0,70,m1,0,0,1.0,1.0,1.0,1.0,1.0,50.0,0.0,0.0,0.0,0.0,1.0,1.0,0.275,0.525,0.0,0.55,0.35,False,0,0
4948,202512261950,1.0,1.0,1.0,1.0,42,m1,0,0,1.0,1.0,1.0,1.0,1.0,50.0,0.0,0.0,0.0,0.0,1.0,1.0,0.05,0.525,0.0,0.55,0.2825,False,0,0
4949,202512261951,1.0,1.0,1.0,1.0,67,m1,0,0,1.0,1.0,1.0,1.0,1.0,50.0,0.0,0.0,0.0,0.0,1.0,1.0,0.25,0.525,0.0,0.55,0.3425,False,0,0
4950,202512261952,1.0,1.0,1.0,1.0,36,m1,0,0,1.0,1.0,1.0,1.0,1.0,50.0,0.0,0.0,0.0,0.0,1.0,1.0,0.05,0.525,0.0,0.55,0.2825,False,0,0
4951,202512261953,1.0,1.0,1.0,1.0,59,m1,0,0,1.0,1.0,1.0,1.0,1.0,50.0,0.0,0.0,0.0,0.0,1.0,1.0,0.3,0.525,0.0,0.55,0.35750000000000004,False,0,0
4952,202512261954,1.0,1.0,1.0,1.0,99,m1,0,0,1.0,1.0,1.0,1.0,1.0,50.0,0.0,0.0,0.0,0.0,1.0,1.0,0.75,0.525,0.0,0.55,0.49249999999999994,False,0,0
4953,202512261955,1.0,1.0,1.0,1.0,44,m1,0,0,1.0,1.0,1.0,1.0,1.0,50.0,0.0,0.0,0.0,0.0,1.0,1.0,0.175,0.525,0.0,0.55,0.32,False,0,0
4954,202512261956,1.0,1.0,1.0,1.0,43,m1,0,0,1.0,1.0,1.0,1.0,1.0,50.0,0.0,0.0,0.0,0.0,1.0,1.0,0.15,0.525,0.0,0.55,0.3125,False,0,0
4955,202512261957,1.0,1.0,1.0,1.0,54,m1,0,0,1.0,1.0,1.0,1.0,1.0,50.0,0.0,0.0,0.0,0.0,1.0,1.0,0.4,0.525,0.0,0.55,0.38749999999999996,False,0,0
4956,202512261958,1.0,1.0,1.0,1.0,59,m1,0,0,1.0,1.0,1.0,1.0,1.0,50.0,0.0,0.0,0.0,0.0,1.0,1.0,0.475,0.525,0.0,0.55,0.41000000000000003,False,0,0
4957,202512261959,1.0,1.0,1.0,1.0,132,m1,0,0,1.0,1.0,1.0,1.0,1.0,50.0,0.0,0.0,0.0,0.0,1.0,1.0,0.9,0.525,0.0,0.55,0.5375,False,0,0
4958,202512262000,1.0,1.0,1.0,1.0,109,m1,0,0,1.0,1.0,1.0,1.0,1.0,50.0,0.0,0.0,0.0,0.0,1.0,1.0,0.85,0.525,0.0,0.55,0.5225,False,0,0
4959,202512262001,1.0,1.0,1.0,1.0,91,m1,0,0,1.0,1.0,1.0,1.0,1.0,50.0,0.0,0.0,0.0,0.0,1.0,1.0,0.8,0.525,0.0,0.55,0.5075,False,0,0
4960,202512262002,1.0,1.0,1.0,1.0,102,m1,0,0,1.0,1.0,1.0,1.0,1.0,50.0,0.0,0.0,0.0,0.0,1.0,1.0,0.85,0.525,0.0,0.55,0.5225,False,0,0
4961,202512262003,1.0,1.0,1.0,1.0,83,m1,0,0,1.0,1.0,1.0,1.0,1.0,50.0,0.0,0.0,0.0,0.0,1.0,1.0,0.7,0.525,0.0,0.55,0.47750000000000004,False,0,0
4962,202512262004,1.0,1.0,1.0,1.0,151,m1,0,0,1.0,1.0,1.0,1.0,1.0,50.0,0.0,0.0,0.0,0.0,1.0,1.0,1.0,0.525,0.0,0.55,0.5675,False,0,0
4963,202512262005,1.0,1.0,1.0,1.0,57,m1,0,0,1.0,1.0,1.0,1.0,1.0,50.0,0.0,0.0,0.0,0.0,1.0,1.0,0.4,0.525,0.0,0.55,0.38749999999999996,False,0,0
4964,202512262006,1.0,1.0,1.0,1.0,48,m1,0,0,1.0,1.0,1.0,1.0,1.0,50.0,0.0,0.0,0.0,0.0,1.0,1.0,0.25,0.525,0.0,0.55,0.3425,False,0,0
4965,202512262007,1.0,1.0,1.0,1.0,44,m1,0,0,1.0,1.0,1.0,1.0,1.0,50.0,0.0,0.0,0.0,0.0,1.0,1.0,0.225,0.525,0.0,0.55,0.335,False,0,0
4966,202512262008,1.0,1.0,1.0,1.0,64,m1,0,0,1.0,1.0,1.0,1.0,1.0,50.0,0.0,0.0,0.0,0.0,1.0,1.0,0.55,0.525,0.0,0.55,0.4325,False,0,0
4967,202512262009,1.0,1.0,1.0,1.0,44,m1,0,0,1.0,1.0,1.0,1.0,1.0,50.0,0.0,0.0,0.0,0.0,1.0,1.0,0.25,0.525,0.0,0.55,0.3425,False,0,0
4968,202512262010,1.0,1.0,1.0,1.0,23,m1,0,0,1.0,1.0,1.0,1.0,1.0,50.0,0.0,0.0,0.0,0.0,1.0,1.0,0.05,0.525,0.0,0.55,0.2825,False,0,0
4969,202512262011,1.0,1.0,1.0,1.0,30,m1,0,0,1.0,1.0,1.0,1.0,1.0,50.0,0.0,0.0,0.0,0.0,1.0,1.0,0.1,0.525,0.0,0.55,0.2975,False,0,0
4970,202512262012,1.0,1.0,1.0,1.0,50,m1,0,0,1.0,1.0,1.0,1.0,1.0,50.0,0.0,0.0,0.0,0.0,1.0,1.0,0.4,0.525,0.0,0.55,0.38749999999999996,False,0,0
4971,202512262013,1.0,1.0,1.0,1.0,48,m1,0,0,1.0,1.0,1.0,1.0,1.0,50.0,0.0,0.0,0.0,0.0,1.0,1.0,0.375,0.525,0.0,0.55,0.38,False,0,0
4972,202512262014,1.0,1.0,1.0,1.0,40,m1,0,0,1.0,1.0,1.0,1.0,1.0,50.0,0.0,0.0,0.0,0.0,1.0,1.0,0.15,0.525,0.0,0.55,0.3125,False,0,0
4973,202512262015,1.0,1.0,1.0,1.0,69,m1,0,0,1.0,1.0,1.0,1.0,1.0,50.0,0.0,0.0,0.0,0.0,1.0,1.0,0.7,0.525,0.0,0.55,0.47750000000000004,False,0,0
4974,202512262016,1.0,1.0,1.0,1.0,48,m1,0,0,1.0,1.0,1.0,1.0,1.0,50.0,0.0,0.0,0.0,0.0,1.0,1.0,0.35,0.525,0.0,0.55,0.37250000000000005,False,0,0
4975,202512262017,1.0,1.0,1.0,1.0,50,m1,0,0,1.0,1.0,1.0,1.0,1.0,50.0,0.0,0.0,0.0,0.0,1.0,1.0,0.475,0.525,0.0,0.55,0.41000000000000003,False,0,0
4976,202512262018,1.0,1.0,1.0,1.0,50,m1,0,0,1.0,1.0,1.0,1.0,1.0,50.0,0.0,0.0,0.0,0.0,1.0,1.0,0.5,0.525,0.0,0.55,0.4175,False,0,0
4977,202512262019,1.0,1.0,1.0,1.0,80,m1,0,0,1.0,1.0,1.0,1.0,1.0,50.0,0.0,0.0,0.0,0.0,1.0,1.0,0.75,0.525,0.0,0.55,0.49249999999999994,False,0,0
4978,202512262020,1.0,1.0,1.0,1.0,60,m1,0,0,1.0,1.0,1.0,1.0,1.0,50.0,0.0,0.0,0.0,0.0,1.0,1.0,0.65,0.525,0.0,0.55,0.4625,False,0,0
4979,202512262021,1.0,1.0,1.0,1.0,36,m1,0,0,1.0,1.0,1.0,1.0,1.0,50.0,0.0,0.0,0.0,0.0,1.0,1.0,0.15,0.525,0.0,0.55,0.3125,False,0,0
4980,202512262022,1.0,1.0,1.0,1.0,86,m1,0,0,1.0,1.0,1.0,1.0,1.0,50.0,0.0,0.0,0.0,0.0,1.0,1.0,0.95,0.525,0.0,0.55,0.5525,False,0,0
4981,202512262023,1.0,1.0,1.0,1.0,32,m1,0,0,1.0,1.0,1.0,1.0,1.0,50.0,0.0,0.0,0.0,0.0,1.0,1.0,0.15,0.525,0.0,0.55,0.3125,False,0,0
4982,202512262024,1.0,1.0,1.0,1.0,51,m1,0,0,1.0,1.0,1.0,1.0,1.0,50.0,0.0,0.0,0.0,0.0,1.0,1.0,0.7,0.525,0.0,0.55,0.47750000000000004,False,0,0
4983,202512262025,1.0,1.0,1.0,1.0,23,m1,0,0,1.0,1.0,1.0,1.0,1.0,50.0,0.0,0.0,0.0,0.0,1.0,1.0,0.075,0.525,0.0,0.55,0.29000000000000004,False,0,0
4984,202512262026,1.0,1.0,1.0,1.0,47,m1,0,0,1.0,1.0,1.0,1.0,1.0,50.0,0.0,0.0,0.0,0.0,1.0,1.0,0.45,0.525,0.0,0.55,0.40249999999999997,False,0,0
4985,202512262027,1.0,1.0,1.0,1.0,64,m1,0,0,1.0,1.0,1.0,1.0,1.0,50.0,0.0,0.0,0.0,0.0,1.0,1.0,0.825,0.525,0.0,0.55,0.515,False,0,0
4986,202512262028,1.0,1.0,1.0,1.0,47,m1,0,0,1.0,1.0,1.0,1.0,1.0,50.0,0.0,0.0,0.0,0.0,1.0,1.0,0.425,0.525,0.0,0.55,0.395,False,0,0
4987,202512262029,1.0,1.0,1.0,1.0,65,m1,0,0,1.0,1.0,1.0,1.0,1.0,50.0,0.0,0.0,0.0,0.0,1.0,1.0,0.85,0.525,0.0,0.55,0.5225,False,0,0
4988,202512262030,1.0,1.0,1.0,1.0,28,m1,0,0,1.0,1.0,1.0,1.0,1.0,50.0,0.0,0.0,0.0,0.0,1.0,1.0,0.1,0.525,0.0,0.55,0.2975,False,0,0
4989,202512262031,1.0,1.0,1.0,1.0,36,m1,0,0,1.0,1.0,1.0,1.0,1.0,50.0,0.0,0.0,0.0,0.0,1.0,1.0,0.225,0.525,0.0,0.55,0.335,False,0,0
4990,202512262032,1.0,1.0,1.0,1.0,74,m1,0,0,1.0,1.0,1.0,1.0,1.0,50.0,0.0,0.0,0.0,0.0,1.0,1.0,0.9,0.525,0.0,0.55,0.5375,False,0,0
4991,202512262033,1.0,1.0,1.0,1.0,37,m1,0,0,1.0,1.0,1.0,1.0,1.0,50.0,0.0,0.0,0.0,0.0,1.0,1.0,0.3,0.525,0.0,0.55,0.35750000000000004,False,0,0
4992,202512262034,1.0,1.0,1.0,1.0,27,m1,0,0,1.0,1.0,1.0,1.0,1.0,50.0,0.0,0.0,0.0,0.0,1.0,1.0,0.1,0.525,0.0,0.55,0.2975,False,0,0
4993,202512262035,1.0,1.0,1.0,1.0,42,m1,0,0,1.0,1.0,1.0,1.0,1.0,50.0,0.0,0.0,0.0,0.0,1.0,1.0,0.4,0.525,0.0,0.55,0.38749999999999996,False,0,0
4994,202512262036,1.0,1.0,1.0,1.0,107,m1,0,0,1.0,1.0,1.0,1.0,1.0,50.0,0.0,0.0,0.0,0.0,1.0,1.0,1.0,0.525,0.0,0.55,0.5675,False,0,0
4995,202512262037,1.0,1.0,1.0,1.0,125,m1,0,0,1.0,1.0,1.0,1.0,1.0,50.0,0.0,0.0,0.0,0.0,1.0,1.0,1.0,0.525,0.0,0.55,0.5675,False,0,0
4996,202512262038,1.0,1.0,1.0,1.0,165,m1,0,0,1.0,1.0,1.0,1.0,1.0,50.0,0.0,0.0,0.0,0.0,1.0,1.0,1.0,0.525,0.0,0.55,0.5675,False,0,0
4997,202512262039,1.0,1.0,1.0,1.0,58,m1,0,0,1.0,1.0,1.0,1.0,1.0,50.0,0.0,0.0,0.0,0.0,1.0,1.0,0.6,0.525,0.0,0.55,0.4475,False,0,0
4998,202512262040,1.0,1.0,1.0,1.0,59,m1,0,0,1.0,1.0,1.0,1.0,1.0,50.0,0.0,0.0,0.0,0.0,1.0,1.0,0.65,0.525,0.0,0.55,0.4625,False,0,0
4999,202512262041,1.0,1.0,1.0,1.0,44,m1,0,0,1.0,1.0,1.0,1.0,1.0,50.0,0.0,0.0,0.0,0.0,1.0,1.0,0.4,0.525,0.0,0.55,0.38749999999999996,False,0,0
5000,202512262042,1.0,1.0,1.0,1.0,81,m1,0,0,1.0,1.0,1.0,1.0,1.0,50.0,0.0,0.0,0.0,0.0,1.0,1.0,0.85,0.525,0.0,0.55,0.5225,False,0,0
5001,202512262043,1.0,1.0,1.0,1.0,79,m1,0,0,1.0,1.0,1.0,1.0,1.0,50.0,0.0,0.0,0.0,0.0,1.0,1.0,0.8,0.525,0.0,0.55,0.5075,False,0,0
5002,202512262044,1.0,1.0,1.0,1.0,96,m1,0,0,1.0,1.0,1.0,1.0,1.0,50.0,0.0,0.0,0.0,0.0,1.0,1.0,0.85,0.525,0.0,0.55,0.5225,False,0,0
5003,202512262045,1.0,1.0,1.0,1.0,100,m1,0,0,1.0,1.0,1.0,1.0,1.0,50.0,0.0,0.0,0.0,0.0,1.0,1.0,0.85,0.525,0.0,0.55,0.5225,False,0,0
5004,202512262046,1.0,1.0,1.0,1.0,70,m1,0,0,1.0,1.0,1.0,1.0,1.0,50.0,0.0,0.0,0.0,0.0,1.0,1.0,0.6,0.525,0.0,0.55,0.4475,False,0,0
5005,202512262047,1.0,1.0,1.0,1.0,74,m1,0,0,1.0,1.0,1.0,1.0,1.0,50.0,0.0,0.0,0.0,0.0,1.0,1.0,0.625,0.525,0.0,0.55,0.45499999999999996,False,0,0
5006,202512262048,1.0,1.0,1.0,1.0,63,m1,0,0,1.0,1.0,1.0,1.0,1.0,50.0,0.0,0.0,0.0,0.0,1.0,1.0,0.45,0.525,0.0,0.55,0.40249999999999997,False,0,0
5007,202512262049,1.0,1.0,1.0,1.0,51,m1,0,0,1.0,1.0,1.0,1.0,1.0,50.0,0.0,0.0,0.0,0.0,1.0,1.0,0.35,0.525,0.0,0.55,0.37250000000000005,False,0,0
5008,202512262050,1.0,1.0,1.0,1.0,98,m1,0,0,1.0,1.0,1.0,1.0,1.0,50.0,0.0,0.0,0.0,0.0,1.0,1.0,0.8,0.525,0.0,0.55,0.5075,False,0,0
5009,202512262051,1.0,1.0,1.0,1.0,65,m1,0,0,1.0,1.0,1.0,1.0,1.0,50.0,0.0,0.0,0.0,0.0,1.0,1.0,0.45,0.525,0.0,0.55,0.40249999999999997,False,0,0
5010,202512262052,1.0,1.0,1.0,1.0,57,m1,0,0,1.0,1.0,1.0,1.0,1.0,50.0,0.0,0.0,0.0,0.0,1.0,1.0,0.3,0.525,0.0,0.55,0.35750000000000004,False,0,0
5011,202512262053,1.0,1.0,1.0,1.0,122,m1,0,0,1.0,1.0,1.0,1.0,1.0,50.0,0.0,0.0,0.0,0.0,1.0,1.0,0.9,0.525,0.0,0.55,0.5375,False,0,0
5012,202512262054,1.0,1.0,1.0,1.0,111,m1,0,0,1.0,1.0,1.0,1.0,1.0,50.0,0.0,0.0,0.0,0.0,1.0,1.0,0.85,0.525,0.0,0.55,0.5225,False,0,0
5013,202512262055,1.0,1.0,1.0,1.0,186,m1,0,0,1.0,1.0,1.0,1.0,1.0,50.0,0.0,0.0,0.0,0.0,1.0,1.0,1.0,0.525,0.0,0.55,0.5675,False,0,0
5014,202512262056,1.0,1.0,1.0,1.0,187,m1,0,0,1.0,1.0,1.0,1.0,1.0,50.0,0.0,0.0,0.0,0.0,1.0,1.0,1.0,0.525,0.0,0.55,0.5675,False,0,0
5015,202512262057,1.0,1.0,1.0,1.0,157,m1,0,0,1.0,1.0,1.0,1.0,1.0,50.0,0.0,0.0,0.0,0.0,1.0,1.0,0.85,0.525,0.0,0.55,0.5225,False,0,0
5016,202512262058,1.0,1.0,1.0,1.0,150,m1,0,0,1.0,1.0,1.0,1.0,1.0,50.0,0.0,0.0,0.0,0.0,1.0,1.0,0.85,0.525,0.0,0.55,0.5225,False,0,0
5017,202512262059,1.0,1.0,1.0,1.0,150,m1,0,0,1.0,1.0,1.0,1.0,1.0,50.0,0.0,0.0,0.0,0.0,1.0,1.0,0.825,0.525,0.0,0.55,0.515,False,0,0
5018,202512262100,1.0,1.0,1.0,1.0,144,m1,0,0,1.0,1.0,1.0,1.0,1.0,50.0,0.0,0.0,0.0,0.0,1.0,1.0,0.75,0.525,0.0,0.55,0.49249999999999994,False,0,0
5019,202512262101,1.0,1.0,1.0,1.0,100,m1,0,0,1.0,1.0,1.0,1.0,1.0,50.0,0.0,0.0,0.0,0.0,1.0,1.0,0.575,0.525,0.0,0.55,0.43999999999999995,False,0,0
5020,202512262102,1.0,1.0,1.0,1.0,70,m1,0,0,1.0,1.0,1.0,1.0,1.0,50.0,0.0,0.0,0.0,0.0,1.0,1.0,0.275,0.525,0.0,0.55,0.35,False,0,0
5021,202512262103,1.0,1.0,1.0,1.0,26,m1,0,0,1.0,1.0,1.0,1.0,1.0,50.0,0.0,0.0,0.0,0.0,1.0,1.0,0.05,0.525,0.0,0.55,0.2825,False,0,0
5022,202512262104,1.0,1.0,1.0,1.0,34,m1,0,0,1.0,1.0,1.0,1.0,1.0,50.0,0.0,0.0,0.0,0.0,1.0,1.0,0.1,0.525,0.0,0.55,0.2975,False,0,0
5023,202512262105,1.0,1.0,1.0,1.0,25,m1,0,0,1.0,1.0,1.0,1.0,1.0,50.0,0.0,0.0,0.0,0.0,1.0,1.0,0.05,0.525,0.0,0.55,0.2825,False,0,0
5024,202512262106,1.0,1.0,1.0,1.0,44,m1,0,0,1.0,1.0,1.0,1.0,1.0,50.0,0.0,0.0,0.0,0.0,1.0,1.0,0.2,0.525,0.0,0.55,0.3275,False,0,0
5025,202512262107,1.0,1.0,1.0,1.0,53,m1,0,0,1.0,1.0,1.0,1.0,1.0,50.0,0.0,0.0,0.0,0.0,1.0,1.0,0.3,0.525,0.0,0.55,0.35750000000000004,False,0,0
5026,202512262108,1.0,1.0,1.0,1.0,85,m1,0,0,1.0,1.0,1.0,1.0,1.0,50.0,0.0,0.0,0.0,0.0,1.0,1.0,0.5,0.525,0.0,0.55,0.4175,False,0,0
5027,202512262109,1.0,1.0,1.0,1.0,63,m1,0,0,1.0,1.0,1.0,1.0,1.0,50.0,0.0,0.0,0.0,0.0,1.0,1.0,0.35,0.525,0.0,0.55,0.37250000000000005,False,0,0
5028,202512262110,1.0,1.0,1.0,1.0,44,m1,0,0,1.0,1.0,1.0,1.0,1.0,50.0,0.0,0.0,0.0,0.0,1.0,1.0,0.225,0.525,0.0,0.55,0.335,False,0,0
5029,202512262111,1.0,1.0,1.0,1.0,40,m1,0,0,1.0,1.0,1.0,1.0,1.0,50.0,0.0,0.0,0.0,0.0,1.0,1.0,0.2,0.525,0.0,0.55,0.3275,False,0,0
5030,202512262112,1.0,1.0,1.0,1.0,63,m1,0,0,1.0,1.0,1.0,1.0,1.0,50.0,0.0,0.0,0.0,0.0,1.0,1.0,0.425,0.525,0.0,0.55,0.395,False,0,0
5031,202512262113,1.0,1.0,1.0,1.0,24,m1,0,0,1.0,1.0,1.0,1.0,1.0,50.0,0.0,0.0,0.0,0.0,1.0,1.0,0.05,0.525,0.0,0.55,0.2825,False,0,0
5032,202512262114,1.0,1.0,1.0,1.0,38,m1,0,0,1.0,1.0,1.0,1.0,1.0,50.0,0.0,0.0,0.0,0.0,1.0,1.0,0.25,0.525,0.0,0.55,0.3425,False,0,0
5033,202512262115,1.0,1.0,1.0,1.0,36,m1,0,0,1.0,1.0,1.0,1.0,1.0,50.0,0.0,0.0,0.0,0.0,1.0,1.0,0.25,0.525,0.0,0.55,0.3425,False,0,0
5034,202512262116,1.0,1.0,1.0,1.0,26,m1,0,0,1.0,1.0,1.0,1.0,1.0,50.0,0.0,0.0,0.0,0.0,1.0,1.0,0.175,0.525,0.0,0.55,0.32,False,0,0
5035,202512262117,1.0,1.0,1.0,1.0,11,m1,0,0,1.0,1.0,1.0,1.0,1.0,50.0,0.0,0.0,0.0,0.0,1.0,1.0,0.05,0.525,0.0,0.55,0.2825,False,0,0
5036,202512262118,1.0,1.0,1.0,1.0,19,m1,0,0,1.0,1.0,1.0,1.0,1.0,50.0,0.0,0.0,0.0,0.0,1.0,1.0,0.1,0.525,0.0,0.55,0.2975,False,0,0
5037,202512262119,1.0,1.0,1.0,1.0,20,m1,0,0,1.0,1.0,1.0,1.0,1.0,50.0,0.0,0.0,0.0,0.0,1.0,1.0,0.15,0.525,0.0,0.55,0.3125,False,0,0
5038,202512262120,1.0,1.0,1.0,1.0,130,m1,0,0,1.0,1.0,1.0,1.0,1.0,50.0,0.0,0.0,0.0,0.0,1.0,1.0,1.0,0.525,0.0,0.55,0.5675,False,0,0
5039,202512262121,1.0,1.0,1.0,1.0,43,m1,0,0,1.0,1.0,1.0,1.0,1.0,50.0,0.0,0.0,0.0,0.0,1.0,1.0,0.6,0.525,0.0,0.55,0.4475,False,0,0
5040,202512262122,1.0,1.0,1.0,1.0,30,m1,0,0,1.0,1.0,1.0,1.0,1.0,50.0,0.0,0.0,0.0,0.0,1.0,1.0,0.4,0.525,0.0,0.55,0.38749999999999996,False,0,0
5041,202512262123,1.0,1.0,1.0,1.0,95,m1,0,0,1.0,1.0,1.0,1.0,1.0,50.0,0.0,0.0,0.0,0.0,1.0,1.0,0.95,0.525,0.0,0.55,0.5525,False,0,0
5042,202512262124,1.0,1.0,1.0,1.0,39,m1,0,0,1.0,1.0,1.0,1.0,1.0,50.0,0.0,0.0,0.0,0.0,1.0,1.0,0.5,0.525,0.0,0.55,0.4175,False,0,0
5043,202512262125,1.0,1.0,1.0,1.0,68,m1,0,0,1.0,1.0,1.0,1.0,1.0,50.0,0.0,0.0,0.0,0.0,1.0,1.0,0.85,0.525,0.0,0.55,0.5225,False,0,0
5044,202512262126,1.0,1.0,1.0,1.0,62,m1,0,0,1.0,1.0,1.0,1.0,1.0,50.0,0.0,0.0,0.0,0.0,1.0,1.0,0.7,0.525,0.0,0.55,0.47750000000000004,False,0,0
5045,202512262127,1.0,1.0,1.0,1.0,22,m1,0,0,1.0,1.0,1.0,1.0,1.0,50.0,0.0,0.0,0.0,0.0,1.0,1.0,0.2,0.525,0.0,0.55,0.3275,False,0,0
5046,202512262128,1.0,1.0,1.0,1.0,84,m1,0,0,1.0,1.0,1.0,1.0,1.0,50.0,0.0,0.0,0.0,0.0,1.0,1.0,0.9,0.525,0.0,0.55,0.5375,False,0,0
5047,202512262129,1.0,1.0,1.0,1.0,160,m1,0,0,1.0,1.0,1.0,1.0,1.0,50.0,0.0,0.0,0.0,0.0,1.0,1.0,1.0,0.525,0.0,0.55,0.5675,False,0,0
5048,202512262130,1.0,1.0,1.0,1.0,60,m1,0,0,1.0,1.0,1.0,1.0,1.0,50.0,0.0,0.0,0.0,0.0,1.0,1.0,0.65,0.525,0.0,0.55,0.4625,False,0,0
5049,202512262131,1.0,1.0,1.0,1.0,87,m1,0,0,1.0,1.0,1.0,1.0,1.0,50.0,0.0,0.0,0.0,0.0,1.0,1.0,0.85,0.525,0.0,0.55,0.5225,False,0,0
5050,202512262132,1.0,1.0,1.0,1.0,55,m1,0,0,1.0,1.0,1.0,1.0,1.0,50.0,0.0,0.0,0.0,0.0,1.0,1.0,0.6,0.525,0.0,0.55,0.4475,False,0,0
5051,202512262133,1.0,1.0,1.0,1.0,21,m1,0,0,1.0,1.0,1.0,1.0,1.0,50.0,0.0,0.0,0.0,0.0,1.0,1.0,0.2,0.525,0.0,0.55,0.3275,False,0,0
5052,202512262134,1.0,1.0,1.0,1.0,71,m1,0,0,1.0,1.0,1.0,1.0,1.0,50.0,0.0,0.0,0.0,0.0,1.0,1.0,0.75,0.525,0.0,0.55,0.49249999999999994,False,0,0
5053,202512262135,1.0,1.0,1.0,1.0,54,m1,0,0,1.0,1.0,1.0,1.0,1.0,50.0,0.0,0.0,0.0,0.0,1.0,1.0,0.5,0.525,0.0,0.55,0.4175,False,0,0
5054,202512262136,1.0,1.0,1.0,1.0,49,m1,0,0,1.0,1.0,1.0,1.0,1.0,50.0,0.0,0.0,0.0,0.0,1.0,1.0,0.45,0.525,0.0,0.55,0.40249999999999997,False,0,0
5055,202512262137,1.0,1.0,1.0,1.0,95,m1,0,0,1.0,1.0,1.0,1.0,1.0,50.0,0.0,0.0,0.0,0.0,1.0,1.0,0.875,0.525,0.0,0.55,0.53,False,0,0
5056,202512262138,1.0,1.0,1.0,1.0,95,m1,0,0,1.0,1.0,1.0,1.0,1.0,50.0,0.0,0.0,0.0,0.0,1.0,1.0,0.85,0.525,0.0,0.55,0.5225,False,0,0
5057,202512262139,1.0,1.0,1.0,1.0,46,m1,0,0,1.0,1.0,1.0,1.0,1.0,50.0,0.0,0.0,0.0,0.0,1.0,1.0,0.3,0.525,0.0,0.55,0.35750000000000004,False,0,0
5058,202512262140,1.0,1.0,1.0,1.0,46,m1,0,0,1.0,1.0,1.0,1.0,1.0,50.0,0.0,0.0,0.0,0.0,1.0,1.0,0.325,0.525,0.0,0.55,0.365,False,0,0
5059,202512262141,1.0,1.0,1.0,1.0,91,m1,0,0,1.0,1.0,1.0,1.0,1.0,50.0,0.0,0.0,0.0,0.0,1.0,1.0,0.8,0.525,0.0,0.55,0.5075,False,0,0
5060,202512262142,1.0,1.0,1.0,1.0,105,m1,0,0,1.0,1.0,1.0,1.0,1.0,50.0,0.0,0.0,0.0,0.0,1.0,1.0,0.95,0.525,0.0,0.55,0.5525,False,0,0
5061,202512262143,1.0,1.0,1.0,1.0,38,m1,0,0,1.0,1.0,1.0,1.0,1.0,50.0,0.0,0.0,0.0,0.0,1.0,1.0,0.15,0.525,0.0,0.55,0.3125,False,0,0
5062,202512262144,1.0,1.0,1.0,1.0,39,m1,0,0,1.0,1.0,1.0,1.0,1.0,50.0,0.0,0.0,0.0,0.0,1.0,1.0,0.2,0.525,0.0,0.55,0.3275,False,0,0
5063,202512262145,1.0,1.0,1.0,1.0,104,m1,0,0,1.0,1.0,1.0,1.0,1.0,50.0,0.0,0.0,0.0,0.0,1.0,1.0,0.9,0.525,0.0,0.55,0.5375,False,0,0
5064,202512262146,1.0,1.0,1.0,1.0,129,m1,0,0,1.0,1.0,1.0,1.0,1.0,50.0,0.0,0.0,0.0,0.0,1.0,1.0,0.95,0.525,0.0,0.55,0.5525,False,0,0
5065,202512262147,1.0,1.0,1.0,1.0,197,m1,0,0,1.0,1.0,1.0,1.0,1.0,50.0,0.0,0.0,0.0,0.0,1.0,1.0,1.0,0.525,0.0,0.55,0.5675,False,0,0
5066,202512262148,1.0,1.0,1.0,1.0,90,m1,0,0,1.0,1.0,1.0,1.0,1.0,50.0,0.0,0.0,0.0,0.0,1.0,1.0,0.6,0.525,0.0,0.55,0.4475,False,0,0
5067,202512262149,1.0,1.0,1.0,1.0,72,m1,0,0,1.0,1.0,1.0,1.0,1.0,50.0,0.0,0.0,0.0,0.0,1.0,1.0,0.55,0.525,0.0,0.55,0.4325,False,0,0
5068,202512262150,1.0,1.0,1.0,1.0,52,m1,0,0,1.0,1.0,1.0,1.0,1.0,50.0,0.0,0.0,0.0,0.0,1.0,1.0,0.35,0.525,0.0,0.55,0.37250000000000005,False,0,0
5069,202512262151,1.0,1.0,1.0,1.0,41,m1,0,0,1.0,1.0,1.0,1.0,1.0,50.0,0.0,0.0,0.0,0.0,1.0,1.0,0.2,0.525,0.0,0.55,0.3275,False,0,0
5070,202512262152,1.0,1.0,1.0,1.0,83,m1,0,0,1.0,1.0,1.0,1.0,1.0,50.0,0.0,0.0,0.0,0.0,1.0,1.0,0.6,0.525,0.0,0.55,0.4475,False,0,0
5071,202512262153,1.0,1.0,1.0,1.0,12,m1,0,0,1.0,1.0,1.0,1.0,1.0,50.0,0.0,0.0,0.0,0.0,1.0,1.0,0.05,0.525,0.0,0.55,0.2825,False,0,0
5072,202512262154,1.0,1.0,1.0,1.0,15,m1,0,0,1.0,1.0,1.0,1.0,1.0,50.0,0.0,0.0,0.0,0.0,1.0,1.0,0.1,0.525,0.0,0.55,0.2975,False,0,0
5073,202512262155,1.0,1.0,1.0,1.0,43,m1,0,0,1.0,1.0,1.0,1.0,1.0,50.0,0.0,0.0,0.0,0.0,1.0,1.0,0.3,0.525,0.0,0.55,0.35750000000000004,False,0,0
5074,202512262156,1.0,1.0,1.0,1.0,229,m1,0,0,1.0,1.0,1.0,1.0,1.0,50.0,0.0,0.0,0.0,0.0,1.0,1.0,1.0,0.525,0.0,0.55,0.5675,False,0,0
5075,202512262157,1.0,1.0,1.0,1.0,45,m1,0,0,1.0,1.0,1.0,1.0,1.0,50.0,0.0,0.0,0.0,0.0,1.0,1.0,0.35,0.525,0.0,0.55,0.37250000000000005,False,0,0
5076,202512262158,1.0,1.0,1.0,1.0,53,m1,0,0,1.0,1.0,1.0,1.0,1.0,50.0,0.0,0.0,0.0,0.0,1.0,1.0,0.55,0.525,0.0,0.55,0.4325,False,0,0
5077,202512262159,1.0,1.0,1.0,1.0,1,m1,0,0,1.0,1.0,1.0,1.0,1.0,50.0,0.0,0.0,0.0,0.0,1.0,1.0,0.05,0.525,0.0,0.55,0.2825,False,0,0
5078,202512262202,1.0,1.0,1.0,1.0,1,m1,0,0,1.0,1.0,1.0,1.0,1.0,50.0,0.0,0.0,0.0,0.0,1.0,1.0,0.075,0.525,0.0,0.55,0.29000000000000004,False,0,0
